FECHA (YYMMDD);HORA (HHMM);Registros validados;Registros preliminares;Registros no validados;
040430;0000;;3,69583;;
040501;0000;;1,07083;;
040502;0000;;1,09167;;
040503;0000;;2,7625;;
040504;0000;;0,866666;;
040505;0000;;1,56666;;
040506;0000;;0,795833;;
040507;0000;;0,424999;;
040508;0000;;0,562499;;
040509;0000;;1,11666;;
040510;0000;;0,783332;;
040511;0000;;1,3125;;
040512;0000;;2,66666;;
040513;0000;;1,6875;;
040514;0000;;1,47083;;
040515;0000;;;;
040516;0000;;;;
040517;0000;;;;
040518;0000;;;;
040519;0000;;;;
040520;0000;;;;
040521;0000;;2,375;;
040522;0000;;;;
040523;0000;;;;
040524;0000;;;;
040525;0000;;0,920833;;
040526;0000;;3,10416;;
040527;0000;;1,90833;;
040528;0000;;0,3125;;
040529;0000;;1,825;;
040530;0000;;2,13333;;
040531;0000;;0,787499;;
040601;0000;;1,1125;;
040602;0000;;1,10417;;
040603;0000;;0,7125;;
040604;0000;;0,116667;;
040605;0000;;0,416666;;
040606;0000;;0,879166;;
040607;0000;;0,404166;;
040608;0000;;0,272727;;
040609;0000;;;;
040610;0000;;1,60833;;
040611;0000;;0,695832;;
040612;0000;;0,279166;;
040613;0000;;0;;
040614;0000;;0,00833331;;
040615;0000;;0,0125;;
040616;0000;;0,0458332;;
040617;0000;;0,00416666;;
040618;0000;;0;;
040619;0000;;;;
040620;0000;;;;
040621;0000;;;;
040622;0000;;0,0649998;;
040623;0000;;0,120833;;
040624;0000;;0,120833;;
040625;0000;;0,0916665;;
040626;0000;;0,0416666;;
040627;0000;;0;;
040628;0000;;0;;
040629;0000;;;;
040630;0000;;;;
040701;0000;;;;
040702;0000;;;;
040703;0000;;;;
040704;0000;;0,0916665;;
040705;0000;;0,116666;;
040706;0000;;1,4;;
040707;0000;;4,74999;;
040708;0000;;1,22083;;
040709;0000;;1,4375;;
040710;0000;;1,85;;
040711;0000;;0,341666;;
040712;0000;;0,166666;;
040713;0000;;0,291666;;
040714;0000;;0,754166;;
040715;0000;;1,64166;;
040716;0000;;2,29166;;
040717;0000;;1,07083;;
040718;0000;;0,216666;;
040719;0000;;0,899999;;
040720;0000;;0,741666;;
040721;0000;;0;;
040722;0000;;0,329166;;
040723;0000;;0,641665;;
040724;0000;;0,879166;;
040725;0000;;0,0791665;;
040726;0000;;0,874999;;
040727;0000;;0,945832;;
040728;0000;;0,954165;;
040729;0000;;1,1;;
040730;0000;;1,27368;;
040731;0000;;0,181958;;
040801;0000;;0,147208;;
040802;0000;;0;;
040803;0000;;0,054875;;
040804;0000;;0,0905832;;
040805;0000;;0,748332;;
040806;0000;;1,57725;;
040807;0000;;1,19437;;
040808;0000;;0,947374;;
040809;0000;;1,05337;;
040810;0000;;0,896625;;
040811;0000;;0,295958;;
040812;0000;;0,633912;;
040813;0000;;0,744832;;
040814;0000;;0,831791;;
040815;0000;;0,824582;;
040816;0000;;0,845915;;
040817;0000;;0,937749;;
040818;0000;;1,55462;;
040819;0000;;1,14791;;
040820;0000;;0,865166;;
040821;0000;;0,792707;;
040822;0000;;0,936041;;
040823;0000;;0,258541;;
040824;0000;;0,606666;;
040825;0000;;1,46733;;
040826;0000;;0,434499;;
040827;0000;;0,879564;;
040828;0000;;1,27304;;
040829;0000;;0,17775;;
040830;0000;;0,0796666;;
040831;0000;;0,705374;;
040901;0000;;1,96783;;
040902;0000;;1,03612;;
040903;0000;;0,189583;;
040904;0000;;0,230958;;
040905;0000;;0,383791;;
040906;0000;;0,261916;;
040907;0000;;1,02466;;
040908;0000;;1,47996;;
040909;0000;;1,17654;;
040910;0000;;1,05846;;
040911;0000;;0,780333;;
040912;0000;;0,760374;;
040913;0000;;0,300624;;
040914;0000;;0,996249;;
040915;0000;;0,595582;;
040916;0000;;1,12671;;
040917;0000;;0,120667;;
040918;0000;;0,284958;;
040919;0000;;0,883456;;
040920;0000;;0,948374;;
040921;0000;;0,319333;;
040922;0000;;0,604374;;
040923;0000;;0,544208;;
040924;0000;;0,689499;;
040925;0000;;1,14229;;
040926;0000;;0,868749;;
040927;0000;;0,580915;;
040928;0000;;0,395541;;
040929;0000;;0,231833;;
040930;0000;;0,809999;;
041001;0000;;1,07071;;
041002;0000;;0,603749;;
041003;0000;;0,4;;
041004;0000;;0,388124;;
041005;0000;;0,490874;;
041006;0000;;0,406583;;
041007;0000;;0,411624;;
041008;0000;;0,307083;;
041009;0000;;0,176125;;
041010;0000;;0,262708;;
041011;0000;;0,272333;;
041012;0000;;0,614249;;
041013;0000;;0,808083;;
041014;0000;;0,943957;;
041015;0000;;0,789665;;
041016;0000;;0,333304;;
041017;0000;;0,113667;;
041018;0000;;0,461333;;
041019;0000;;0,431208;;
041020;0000;;0,318541;;
041021;0000;;0,568666;;
041022;0000;;0,303458;;
041023;0000;;0,243708;;
041024;0000;;0,401666;;
041025;0000;;0,558916;;
041026;0000;;0,470624;;
041027;0000;;0,650874;;
041028;0000;;0,503082;;
041029;0000;;0,513083;;
041030;0000;;0,502625;;
041031;0000;;0,568166;;
041101;0000;;0,519583;;
041102;0000;;0,180833;;
041103;0000;;0,425416;;
041104;0000;;0,543749;;
041105;0000;;0,639583;;
041106;0000;;0,682916;;
041107;0000;;0,429583;;
041108;0000;;0,392499;;
041109;0000;;0,415833;;
041110;0000;;0,456249;;
041111;0000;;0,577498;;
041112;0000;;0,397916;;
041113;0000;;0,105;;
041114;0000;;0,0704165;;
041115;0000;;0,440416;;
041116;0000;;0,432083;;
041117;0000;;0,524166;;
041118;0000;;0,584166;;
041119;0000;;0,544166;;
041120;0000;;0,788749;;
041121;0000;;0,377916;;
041122;0000;;0,15875;;
041123;0000;;0,197916;;
041124;0000;;0,326956;;
041125;0000;;0,367499;;
041126;0000;;0,265416;;
041127;0000;;0,405416;;
041128;0000;;0,739165;;
041129;0000;;0,565415;;
041130;0000;;0,476666;;
041201;0000;;0,755415;;
041202;0000;;0,386666;;
041203;0000;;0,680415;;
041204;0000;;0,536665;;
041205;0000;;;;
041206;0000;;;;
041207;0000;;0,646666;;
041208;0000;;0,324999;;
041209;0000;;0,776666;;
041210;0000;;0,654582;;
041211;0000;;0,709166;;
041212;0000;;0,877915;;
041213;0000;;1,005;;
041214;0000;;1,04541;;
041215;0000;;0,789165;;
041216;0000;;1,00792;;
041217;0000;;0,956248;;
041218;0000;;0,733333;;
041219;0000;;0,764582;;
041220;0000;;0,834999;;
041221;0000;;0,887915;;
041222;0000;;0,686249;;
041223;0000;;0,703749;;
041224;0000;;0,240833;;
041225;0000;;1,08708;;
041226;0000;;1,46458;;
041227;0000;;0,840415;;
041228;0000;;0,433333;;
041229;0000;;0,862082;;
041230;0000;;0,942498;;
041231;0000;;1,05521;;
050101;0000;;1,22429;;
050102;0000;;0,794707;;
050103;0000;;0,398958;;
050104;0000;;0,780291;;
050105;0000;;0,582333;;
050106;0000;;0,407874;;
050107;0000;;0,660374;;
050108;0000;;1,02758;;
050109;0000;;0,621124;;
050110;0000;;0,541749;;
050111;0000;;0,678207;;
050112;0000;;0,536165;;
050113;0000;;0,53429;;
050114;0000;;0,642303;;
050115;0000;;0,882166;;
050116;0000;;0,970082;;
050117;0000;;0,776999;;
050118;0000;;0,749791;;
050119;0000;;1,03146;;
050120;0000;;0,856708;;
050121;0000;;0,786457;;
050122;0000;;1,02921;;
050123;0000;;0,755082;;
050124;0000;;0,418124;;
050125;0000;;0,754416;;
050126;0000;;0,746346;;
050127;0000;;0,921665;;
050128;0000;;1,13646;;
050129;0000;;0,46075;;
050130;0000;;0,649499;;
050131;0000;;1,13762;;
050201;0000;;1,06462;;
050202;0000;;0,917749;;
050203;0000;;0,928791;;
050204;0000;;0,710427;;
050205;0000;;0,675916;;
050206;0000;;0,460833;;
050207;0000;;0,391833;;
050208;0000;;0,404624;;
050209;0000;;0,442809;;
050210;0000;;1,12523;;
050211;0000;;1,24771;;
050212;0000;;0,596333;;
050213;0000;;0,427333;;
050214;0000;;0,406833;;
050215;0000;;0,560457;;
050216;0000;;0,523999;;
050217;0000;;0,593665;;
050218;0000;;0,569374;;
050219;0000;;0,447999;;
050220;0000;;0,516665;;
050221;0000;;0,470499;;
050222;0000;;0,514124;;
050223;0000;;0,0489166;;
050224;0000;;0,576416;;
050225;0000;;0,680332;;
050226;0000;;0,642165;;
050227;0000;;0,729624;;
050228;0000;;0,416916;;
050301;0000;;0,611833;;
050302;0000;;0,561166;;
050303;0000;;1,18167;;
050304;0000;;0,272041;;
050305;0000;;0;;
050306;0000;;0,669582;;
050307;0000;;0,501582;;
050308;0000;;0,488958;;
050309;0000;;0,485624;;
050310;0000;;1,21446;;
050311;0000;;1,27617;;
050312;0000;;0,927347;;
050313;0000;;0,653874;;
050314;0000;;0,488082;;
050315;0000;;0,703249;;
050316;0000;;0,626749;;
050317;0000;;0,222875;;
050318;0000;;0,731082;;
050319;0000;;0,644958;;
050320;0000;;0,522999;;
050321;0000;;0,172375;;
050322;0000;;0,788499;;
050323;0000;;0,511707;;
050324;0000;;0,837207;;
050325;0000;;1,96137;;
050326;0000;;0,400708;;
050327;0000;;0,443083;;
050328;0000;;0,976707;;
050329;0000;;0,916332;;
050330;0000;;0,887332;;
050331;0000;;0,694332;;
050401;0000;;1,34221;;
050402;0000;;1,57233;;
050403;0000;;0,867083;;
050404;0000;;1,52704;;
050405;0000;;0,818666;;
050406;0000;;0,186208;;
050407;0000;;1,01571;;
050408;0000;;0,850582;;
050409;0000;;1,14996;;
050410;0000;;0,738457;;
050411;0000;;1,12225;;
050412;0000;;1,62823;;
050413;0000;;1,35641;;
050414;0000;;0,639874;;
050415;0000;;1,48879;;
050416;0000;;1,31621;;
050417;0000;;1,30416;;
050418;0000;;1,1225;;
050419;0000;;2,03504;;
050420;0000;;2,00225;;
050421;0000;;2,21471;;
050422;0000;;1,08904;;
050423;0000;;1,25062;;
050424;0000;;1,74246;;
050425;0000;;2,08796;;
050426;0000;;1,79483;;
050427;0000;;0,639874;;
050428;0000;;0,700041;;
050429;0000;;1,34654;;
050430;0000;;0,502999;;
050501;0000;;1,44583;;
050502;0000;;0,824999;;
050503;0000;;1,0375;;
050504;0000;;2,00416;;
050505;0000;;1,92273;;
050506;0000;;3,5125;;
050507;0000;;0,954165;;
050508;0000;;0,120833;;
050509;0000;;0,841665;;
050510;0000;;1,27083;;
050511;0000;;0,554166;;
050512;0000;;1,1;;
050513;0000;;1,04166;;
050514;0000;;1,45;;
050515;0000;;0,791665;;
050516;0000;;0,712499;;
050517;0000;;1,05416;;
050518;0000;;1,1625;;
050519;0000;;1,17083;;
050520;0000;;1,34167;;
050521;0000;;1,28333;;
050522;0000;;0,334782;;
050523;0000;;;;
050524;0000;;;;
050525;0000;;1,34583;;
050526;0000;;0,966665;;
050527;0000;;0,716665;;
050528;0000;;;;
050529;0000;;;;
050530;0000;;;;
050531;0000;;0,774957;;
050601;0000;;0,329166;;
050602;0000;;1,44583;;
050603;0000;;1,34583;;
050604;0000;;0,833332;;
050605;0000;;1,00417;;
050606;0000;;0,837499;;
050607;0000;;1,6875;;
050608;0000;;1,01666;;
050609;0000;;0,55238;;
050610;0000;;0,483333;;
050611;0000;;0,533332;;
050612;0000;;1,36666;;
050613;0000;;1,68333;;
050614;0000;;3,02916;;
050615;0000;;2,20833;;
050616;0000;;1,86666;;
050617;0000;;1,35;;
050618;0000;;1,85416;;
050619;0000;;1,47083;;
050620;0000;;2,075;;
050621;0000;;1,1625;;
050622;0000;;2,80416;;
050623;0000;;0,904346;;
050624;0000;;1,24583;;
050625;0000;;0,883332;;
050626;0000;;0,583332;;
050627;0000;;0,958332;;
050628;0000;;0,979165;;
050629;0000;;1,825;;
050630;0000;;0,595832;;
050701;0000;;0,404166;;
050702;0000;;0,220833;;
050703;0000;;0,795833;;
050704;0000;;1,56667;;
050705;0000;;1,575;;
050706;0000;;0,874999;;
050707;0000;;0,671428;;
050708;0000;;1,46667;;
050709;0000;;1,02083;;
050710;0000;;2,6875;;
050711;0000;;2,26666;;
050712;0000;;0,512499;;
050713;0000;;0,995832;;
050714;0000;;1,9625;;
050715;0000;;1,95833;;
050716;0000;;0,929166;;
050717;0000;;1,52916;;
050718;0000;;2,475;;
050719;0000;;0,504166;;
050720;0000;;0,541666;;
050721;0000;;0,899999;;
050722;0000;;2,30416;;
050723;0000;;2,16666;;
050724;0000;;2,10833;;
050725;0000;;2,82083;;
050726;0000;;1,675;;
050727;0000;;0,683332;;
050728;0000;;0,841665;;
050729;0000;;0,0833331;;
050730;0000;;0,495833;;
050731;0000;;0,616666;;
050801;0000;;0,562499;;
050802;0000;;0,873912;;
050803;0000;;0,434782;;
050804;0000;;1,16666;;
050805;0000;;0,545833;;
050806;0000;;0,912499;;
050807;0000;;2,20416;;
050808;0000;;1,3625;;
050809;0000;;1,5;;
050810;0000;;2,05416;;
050811;0000;;0,987498;;
050812;0000;;0,829165;;
050813;0000;;1,34583;;
050814;0000;;2,5;;
050815;0000;;0,841664;;
050816;0000;;0,175;;
050817;0000;;1,59583;;
050818;0000;;2,275;;
050819;0000;;1,84583;;
050820;0000;;2,79166;;
050821;0000;;0,516666;;
050822;0000;;0,479166;;
050823;0000;;0,604166;;
050824;0000;;0,0708332;;
050825;0000;;0,179166;;
050826;0000;;0,0166666;;
050827;0000;;0,474999;;
050828;0000;;0,704165;;
050829;0000;;1,07916;;
050830;0000;;1,97083;;
050831;0000;;0,504166;;
050901;0000;;0,0416666;;
050902;0000;;0,762499;;
050903;0000;;0,491666;;
050904;0000;;0,2;;
050905;0000;;0,0166666;;
050906;0000;;0,15;;
050907;0000;;0,0833331;;
050908;0000;;0,4375;;
050909;0000;;0,724999;;
050910;0000;;0,4375;;
050911;0000;;1,68333;;
050912;0000;;0,420833;;
050913;0000;;0,522726;;
050914;0000;;0,416666;;
050915;0000;;0,591666;;
050916;0000;;0,073913;;
050917;0000;;0;;
050918;0000;;0,195833;;
050919;0000;;0,233333;;
050920;0000;;0,708332;;
050921;0000;;0,970833;;
050922;0000;;0,116667;;
050923;0000;;0,00416666;;
050924;0000;;0,324999;;
050925;0000;;0,375;;
050926;0000;;0,262499;;
050927;0000;;0,0666665;;
050928;0000;;0,974998;;
050929;0000;;1,79166;;
050930;0000;;0,120833;;
051001;0000;;0,0833331;;
051002;0000;;0,125;;
051003;0000;;0,1875;;
051004;0000;;0,760868;;
051005;0000;;0,716665;;
051006;0000;;0,220833;;
051007;0000;;0,541666;;
051008;0000;;0,204348;;
051009;0000;;0;;
051010;0000;;0,570832;;
051011;0000;;0,458333;;
051012;0000;;0,779165;;
051013;0000;;0,824999;;
051014;0000;;0,3625;;
051015;0000;;0;;
051016;0000;;0,549999;;
051017;0000;;0,749999;;
051018;0000;;0,879166;;
051019;0000;;1,19565;;
051020;0000;;0,436363;;
051021;0000;;0,252173;;
051022;0000;;0,516665;;
051023;0000;;0,533333;;
051024;0000;;0,629166;;
051025;0000;;0,741666;;
051026;0000;;0,3;;
051027;0000;;0,0999998;;
051028;0000;;0,658332;;
051029;0000;;0,741666;;
051030;0000;;0,341666;;
051031;0000;;0,275;;
051101;0000;;0,549999;;
051102;0000;;0,520832;;
051103;0000;;0,679166;;
051104;0000;;0,979165;;
051105;0000;;0,273912;;
051106;0000;;0,329166;;
051107;0000;;0,937499;;
051108;0000;;0,970832;;
051109;0000;;0,787499;;
051110;0000;;0,866666;;
051111;0000;;0,858333;;
051112;0000;;0,712499;;
051113;0000;;0,745832;;
051114;0000;;0,916665;;
051115;0000;;0,591665;;
051116;0000;;0,712499;;
051117;0000;;0,495832;;
051118;0000;;0,316666;;
051119;0000;;0,658333;;
051120;0000;;0,666666;;
051121;0000;;0,783333;;
051122;0000;;0,483333;;
051123;0000;;0,279166;;
051124;0000;;0,404166;;
051125;0000;;0,899999;;
051126;0000;;0,874999;;
051127;0000;;0,283333;;
051128;0000;;0,104167;;
051129;0000;;0,699999;;
051130;0000;;0,862498;;
051201;0000;;0,766665;;
051202;0000;;0,434782;;
051203;0000;;0,787499;;
051204;0000;;0,754165;;
051205;0000;;0,470833;;
051206;0000;;0,516665;;
051207;0000;;0,804166;;
051208;0000;;1,0375;;
051209;0000;;0,179166;;
051210;0000;;0,120833;;
051211;0000;;0,695832;;
051212;0000;;0,624999;;
051213;0000;;0,729166;;
051214;0000;;0,712499;;
051215;0000;;0,33913;;
051216;0000;;0,1125;;
051217;0000;;0,445833;;
051218;0000;;0,208333;;
051219;0000;;0,804166;;
051220;0000;;1,02083;;
051221;0000;;0,745832;;
051222;0000;;0,512499;;
051223;0000;;0,612499;;
051224;0000;;0,691666;;
051225;0000;;0,729165;;
051226;0000;;0,4;;
051227;0000;;0,904165;;
051228;0000;;1,12083;;
051229;0000;;0,645832;;
051230;0000;;0,637499;;
051231;0000;;0,706207;;
060101;0000;;0,420208;;
060102;0000;;0,944957;;
060103;0000;;0,891549;;
060104;0000;;0,857374;;
060105;0000;;1,50212;;
060106;0000;;0,589499;;
060107;0000;;0,513791;;
060108;0000;;0,590374;;
060109;0000;;0,602249;;
060110;0000;;0,553332;;
060111;0000;;0,611624;;
060112;0000;;0,449791;;
060113;0000;;0,317791;;
060114;0000;;0,653291;;
060115;0000;;0,732124;;
060116;0000;;0,491791;;
060117;0000;;0,572916;;
060118;0000;;0,610666;;
060119;0000;;0,505874;;
060120;0000;;0,564217;;
060121;0000;;0,917291;;
060122;0000;;0,627416;;
060123;0000;;0,452499;;
060124;0000;;0,627583;;
060125;0000;;0,722666;;
060126;0000;;0,629582;;
060127;0000;;0,785083;;
060128;0000;;0,874915;;
060129;0000;;0,619207;;
060130;0000;;;0,117958;
060131;0000;;;0;
060201;0000;;;0;
060202;0000;;;0;
060203;0000;;;;
060204;0000;;;;
060205;0000;;;;
060206;0000;;;;
060207;0000;;;;
060208;0000;;;0,00783332;
060209;0000;;0,778285;;
060210;0000;;0,922666;;
060211;0000;;0,685749;;
060212;0000;;0,725916;;
060213;0000;;0,719124;;
060214;0000;;0,770165;;
060215;0000;;0,642749;;
060216;0000;;0,718999;;
060217;0000;;0,648166;;
060218;0000;;0,687791;;
060219;0000;;0,544333;;
060220;0000;;0,511083;;
060221;0000;;0,667624;;
060222;0000;;0,43213;;
060223;0000;;0,655832;;
060224;0000;;0,682916;;
060225;0000;;0,789791;;
060226;0000;;0,413541;;
060227;0000;;0,487;;
060228;0000;;0,406499;;
060301;0000;;0,541708;;
060302;0000;;0,492416;;
060303;0000;;0,684624;;
060304;0000;;1,00579;;
060305;0000;;0,325749;;
060306;0000;;0,0681666;;
060307;0000;;;0,152458;
060308;0000;;0,688208;;
060309;0000;;0,603043;;
060310;0000;;0,561041;;
060311;0000;;0,340217;;
060312;0000;;0,420333;;
060313;0000;;0,687666;;
060314;0000;;0,752666;;
060315;0000;;0,330999;;
060316;0000;;0,128125;;
060317;0000;;0,478;;
060318;0000;;0,907249;;
060319;0000;;0,778207;;
060320;0000;;0,77704;;
060321;0000;;0,562041;;
060322;0000;;0,923832;;
060323;0000;;0,425624;;
060324;0000;;0,752374;;
060325;0000;;;0,332124;
060326;0000;;;0;
060327;0000;;;0,0161666;
060328;0000;;;0;
060329;0000;;;0,0837916;
060330;0000;;;0,513332;
060331;0000;;0,686416;;
060401;0000;;1,096;;
060402;0000;;0,347125;;
060403;0000;;0,181333;;
060404;0000;;0,45475;;
060405;0000;;0,664624;;
060406;0000;;0,308791;;
060407;0000;;0,0466666;;
060408;0000;;0,0729165;;
060409;0000;;0,0632499;;
060410;0000;;0,517166;;
060411;0000;;0,742666;;
060412;0000;;0,399791;;
060413;0000;;0,661624;;
060414;0000;;0,329916;;
060415;0000;;1,11671;;
060416;0000;;0,529458;;
060417;0000;;0,280125;;
060418;0000;;0,0252083;;
060419;0000;;0,000217391;;
060420;0000;;0,895749;;
060421;0000;;0,674208;;
060422;0000;;0,86229;;
060423;0000;;2,04895;;
060424;0000;;0,831082;;
060425;0000;;0,143791;;
060426;0000;;0,918624;;
060427;0000;;1,28504;;
060428;0000;;0,715207;;
060429;0000;;1,82437;;
060430;0000;;0,701541;;
060501;0000;;0,909165;;
060502;0000;;0,308291;;
060503;0000;;0;;
060504;0000;;0,443708;;
060505;0000;;1,56441;;
060506;0000;;0,699999;;
060507;0000;;1,16721;;
060508;0000;;1,1285;;
060509;0000;;;0,0953747;
060510;0000;;0,713124;;
060511;0000;;1,84666;;
060512;0000;;1,00275;;
060513;0000;;0,28475;;
060514;0000;;0,103083;;
060515;0000;;0,180458;;
060516;0000;;0,246;;
060517;0000;;0,436625;;
060518;0000;;1,43041;;
060519;0000;;2,8823;;
060520;0000;;2,25116;;
060521;0000;;1,28229;;
060522;0000;;2,04987;;
060523;0000;;;0,639874;
060524;0000;;;0,91204;
060525;0000;;;0,282416;
060526;0000;;1,57987;;
060527;0000;;3,94233;;
060528;0000;;2,37424;;
060529;0000;;2,97875;;
060530;0000;;0,942416;;
060531;0000;;0,229;;
060601;0000;;0,941374;;
060602;0000;;1,82717;;
060603;0000;;0,724249;;
060604;0000;;0,460999;;
060605;0000;;0,461249;;
060606;0000;;0,504416;;
060607;0000;;0,537041;;
060608;0000;;1,68629;;
060609;0000;;3,17237;;
060610;0000;;2,03146;;
060611;0000;;0,269666;;
060612;0000;;0,654874;;
060613;0000;;1,36425;;
060614;0000;;1,411;;
060615;0000;;0,939041;;
060616;0000;;0,329208;;
060617;0000;;0,278375;;
060618;0000;;0,327708;;
060619;0000;;0,378833;;
060620;0000;;0,692332;;
060621;0000;;1,06054;;
060622;0000;;1,27546;;
060623;0000;;1,01712;;
060624;0000;;0,721291;;
060625;0000;;1,61229;;
060626;0000;;0,951457;;
060627;0000;;1,85242;;
060628;0000;;0,972832;;
060629;0000;;1,13325;;
060630;0000;;0,614318;;
060701;0000;;0,0543333;;
060702;0000;;0,938582;;
060703;0000;;1,829;;
060704;0000;;2,17041;;
060705;0000;;0,524583;;
060706;0000;;0,0608749;;
060707;0000;;0,0981249;;
060708;0000;;0,473041;;
060709;0000;;0,0841665;;
060710;0000;;0,065625;;
060711;0000;;0,524726;;
060712;0000;;0,49975;;
060713;0000;;1,31925;;
060714;0000;;1,93104;;
060715;0000;;1,10608;;
060716;0000;;0,714333;;
060717;0000;;0,740333;;
060718;0000;;0,950791;;
060719;0000;;;0,442749;
060720;0000;;;0,342166;
060721;0000;;0,226;;
060722;0000;;0,593666;;
060723;0000;;0,184;;
060724;0000;;0,11875;;
060725;0000;;0,653458;;
060726;0000;;0,887291;;
060727;0000;;1,09871;;
060728;0000;;2,01154;;
060729;0000;;3,27954;;
060730;0000;;2,72529;;
060731;0000;;3,35959;;
060801;0000;;1,63812;;
060802;0000;;1,14333;;
060803;0000;;1,22079;;
060804;0000;;1,11658;;
060805;0000;;1,10912;;
060806;0000;;0,485916;;
060807;0000;;0,397541;;
060808;0000;;0,312541;;
060809;0000;;0,621874;;
060810;0000;;0,478666;;
060811;0000;;0,538541;;
060812;0000;;0,985041;;
060813;0000;;0,624916;;
060814;0000;;1,46462;;
060815;0000;;1,96025;;
060816;0000;;1,30367;;
060817;0000;;1,69638;;
060818;0000;;2,0737;;
060819;0000;;1,94162;;
060820;0000;;1,13766;;
060821;0000;;1,61466;;
060822;0000;;1,21304;;
060823;0000;;1,67246;;
060824;0000;;1,90075;;
060825;0000;;0,694916;;
060826;0000;;1,49171;;
060827;0000;;1,29696;;
060828;0000;;1,7605;;
060829;0000;;1,04708;;
060830;0000;;0,515695;;
060831;0000;;1,02783;;
060901;0000;;1,55042;;
060902;0000;;1,53654;;
060903;0000;;1,36996;;
060904;0000;;1,57271;;
060905;0000;;1,63816;;
060906;0000;;1,15291;;
060907;0000;;1,05379;;
060908;0000;;0,94079;;
060909;0000;;0,803374;;
060910;0000;;0,951499;;
060911;0000;;1,63858;;
060912;0000;;1,35212;;
060913;0000;;1,05;;
060914;0000;;1,32087;;
060915;0000;;1,34358;;
060916;0000;;1,289;;
060917;0000;;1,53508;;
060918;0000;;1,08541;;
060919;0000;;0,757541;;
060920;0000;;0,669457;;
060921;0000;;0,4145;;
060922;0000;;0,625458;;
060923;0000;;0,77904;;
060924;0000;;1,13317;;
060925;0000;;0,732749;;
060926;0000;;0,497208;;
060927;0000;;1,29533;;
060928;0000;;0,575749;;
060929;0000;;0,271318;;
060930;0000;;0,480086;;
061001;0000;;0,301666;;
061002;0000;;0,855332;;
061003;0000;;0,380208;;
061004;0000;;0,378458;;
061005;0000;;0,279749;;
061006;0000;;0,15;;
061007;0000;;0,180958;;
061008;0000;;0,149208;;
061009;0000;;0,624207;;
061010;0000;;0,15525;;
061011;0000;;0,0645833;;
061012;0000;;0,558;;
061013;0000;;0,231478;;
061014;0000;;0,305083;;
061015;0000;;0,437749;;
061016;0000;;0,564207;;
061017;0000;;0,900208;;
061018;0000;;0,562416;;
061019;0000;;0,452875;;
061020;0000;;0,219291;;
061021;0000;;0,261041;;
061022;0000;;0,369708;;
061023;0000;;0,406083;;
061024;0000;;0,0740832;;
061025;0000;;0,340708;;
061026;0000;;0,3225;;
061027;0000;;0,286458;;
061028;0000;;0,328416;;
061029;0000;;0,197042;;
061030;0000;;0,264416;;
061031;0000;;;0,759749;
061101;0000;;;0,310291;
061102;0000;;0,799499;;
061103;0000;;0,713708;;
061104;0000;;0,499708;;
061105;0000;;0,431041;;
061106;0000;;0,461999;;
061107;0000;;0,581166;;
061108;0000;;0,701958;;
061109;0000;;0,742208;;
061110;0000;;1,06241;;
061111;0000;;1,04366;;
061112;0000;;0,791707;;
061113;0000;;0,84504;;
061114;0000;;0,667583;;
061115;0000;;0,370125;;
061116;0000;;0,419208;;
061117;0000;;0,229791;;
061118;0000;;0,172375;;
061119;0000;;0,236042;;
061120;0000;;0,344041;;
061121;0000;;0,437875;;
061122;0000;;0,540999;;
061123;0000;;0,664832;;
061124;0000;;0,206625;;
061125;0000;;0,326458;;
061126;0000;;0,349916;;
061127;0000;;0,358291;;
061128;0000;;0,302;;
061129;0000;;0,418499;;
061130;0000;;0,339458;;
061201;0000;;0,0740908;;
061202;0000;;0,101792;;
061203;0000;;0,0359583;;
061204;0000;;0,135833;;
061205;0000;;0,176208;;
061206;0000;;0,202333;;
061207;0000;;0,0715415;;
061208;0000;;0,234833;;
061209;0000;;0,121667;;
061210;0000;;0,408666;;
061211;0000;;0,584291;;
061212;0000;;0,730707;;
061213;0000;;0,643582;;
061214;0000;;0,664825;;
061215;0000;;0,820749;;
061216;0000;;0,469083;;
061217;0000;;0,537416;;
061218;0000;;0,663833;;
061219;0000;;0,475083;;
061220;0000;;0,308041;;
061221;0000;;0,656332;;
061222;0000;;0,758608;;
061223;0000;;1,04246;;
061224;0000;;0,724166;;
061225;0000;;0,682291;;
061226;0000;;0,761166;;
061227;0000;;0,518707;;
061228;0000;;0,516707;;
061229;0000;;1,19096;;
061230;0000;;1,3345;;
061231;0000;;1,27492;;
070101;0000;;0,624999;;
070102;0000;;0,191666;;
070103;0000;;0,324999;;
070104;0000;;0,458333;;
070105;0000;;0,599998;;
070106;0000;;0,374999;;
070107;0000;;0,520832;;
070108;0000;;0,370833;;
070109;0000;;0,404166;;
070110;0000;;0,287499;;
070111;0000;;0,120833;;
070112;0000;;0,287499;;
070113;0000;;0,170833;;
070114;0000;;0,304166;;
070115;0000;;0,520832;;
070116;0000;;0,466666;;
070117;0000;;0,687499;;
070118;0000;;0,287499;;
070119;0000;;0,152631;;
070120;0000;;;0;
070121;0000;;;0;
070122;0000;;;;
070123;0000;;;;
070124;0000;;;;
070125;0000;;;;
070126;0000;;;;
070127;0000;;;;
070128;0000;;;;
070129;0000;;;;
070130;0000;;;;
070131;0000;;;;
070201;0000;;;;
070202;0000;;;;
070203;0000;;0,383333;;
070204;0000;;0,512499;;
070205;0000;;0,258333;;
070206;0000;;0;;
070207;0000;;0;;
070208;0000;;;0,00729166;
070209;0000;;0,0874999;;
070210;0000;;0,233333;;
070211;0000;;0,612499;;
070212;0000;;0,329166;;
070213;0000;;0,0708332;;
070214;0000;;0;;
070215;0000;;0,0833333;;
070216;0000;;0,191666;;
070217;0000;;0,195833;;
070218;0000;;0,183333;;
070219;0000;;0,349999;;
070220;0000;;0,341666;;
070221;0000;;0,1375;;
070222;0000;;0,2375;;
070223;0000;;0,233333;;
070224;0000;;0,433332;;
070225;0000;;0,237499;;
070226;0000;;0,175;;
070227;0000;;0,1625;;
070228;0000;;0,0541666;;
070301;0000;;0,0833331;;
070302;0000;;0,547825;;
070303;0000;;0,704165;;
070304;0000;;0,645832;;
070305;0000;;0,930433;;
070306;0000;;0,962499;;
070307;0000;;0,770832;;
070308;0000;;0,562499;;
070309;0000;;0,574999;;
070310;0000;;0,524999;;
070311;0000;;0,779166;;
070312;0000;;1,1875;;
070313;0000;;0,883332;;
070314;0000;;0,974998;;
070315;0000;;1,00417;;
070316;0000;;0,526086;;
070317;0000;;0,424999;;
070318;0000;;0,529166;;
070319;0000;;0,491666;;
070320;0000;;0,1125;;
070321;0000;;0,0249999;;
070322;0000;;0,047826;;
070323;0000;;0,0916666;;
070324;0000;;0,0833331;;
070325;0000;;0,00869563;;
070326;0000;;0,0208333;;
070327;0000;;0,379166;;
070328;0000;;0,745832;;
070329;0000;;0,233333;;
070330;0000;;0,170833;;
070331;0000;;0,429166;;
070401;0000;;0,470832;;
070402;0000;;0,537498;;
070403;0000;;0,383332;;
070404;0000;;0,566666;;
070405;0000;;0,233333;;
070406;0000;;0,279166;;
070407;0000;;0,104166;;
070408;0000;;0,225;;
070409;0000;;0,4;;
070410;0000;;0,595832;;
070411;0000;;0,320833;;
070412;0000;;0,549999;;
070413;0000;;0,275;;
070414;0000;;0,583332;;
070415;0000;;0,375;;
070416;0000;;0,445454;;
070417;0000;;0,983333;;
070418;0000;;1,04583;;
070419;0000;;0,949999;;
070420;0000;;0,820832;;
070421;0000;;1,29166;;
070422;0000;;0,849998;;
070423;0000;;1,16667;;
070424;0000;;0,795833;;
070425;0000;;1,9875;;
070426;0000;;1,50416;;
070427;0000;;3,59583;;
070428;0000;;1,42916;;
070429;0000;;0,862499;;
070430;0000;;0,845832;;
070501;0000;;0,420833;;
070502;0000;;0,970832;;
070503;0000;;1,15833;;
070504;0000;;0,527272;;
070505;0000;;1,37083;;
070506;0000;;2,56666;;
070507;0000;;2,06666;;
070508;0000;;2,0125;;
070509;0000;;1,475;;
070510;0000;;0,774999;;
070511;0000;;1,08333;;
070512;0000;;1,64166;;
070513;0000;;1,63333;;
070514;0000;;0,974999;;
070515;0000;;0,845833;;
070516;0000;;1,2625;;
070517;0000;;0,704165;;
070518;0000;;0,1875;;
070519;0000;;0,178261;;
070520;0000;;0,291666;;
070521;0000;;0,554166;;
070522;0000;;1,74166;;
070523;0000;;2,85833;;
070524;0000;;1,14583;;
070525;0000;;1,33333;;
070526;0000;;2,625;;
070527;0000;;1,97916;;
070528;0000;;1,97916;;
070529;0000;;0,154166;;
070530;0000;;0,0333333;;
070531;0000;;0;;
070601;0000;;0,578259;;
070602;0000;;1,7375;;
070603;0000;;1,87917;;
070604;0000;;0,612499;;
070605;0000;;0,233333;;
070606;0000;;0,808332;;
070607;0000;;0,508332;;
070608;0000;;0,266666;;
070609;0000;;0,3625;;
070610;0000;;0,858332;;
070611;0000;;0,508332;;
070612;0000;;0,708332;;
070613;0000;;1,05;;
070614;0000;;1,35416;;
070615;0000;;2,40476;;
070616;0000;;1,12083;;
070617;0000;;1,68333;;
070618;0000;;1,69583;;
070619;0000;;0,620832;;
070620;0000;;0,354166;;
070621;0000;;0,358333;;
070622;0000;;0,604165;;
070623;0000;;1,05416;;
070624;0000;;1,1625;;
070625;0000;;2,25417;;
070626;0000;;0,562499;;
070627;0000;;1,04166;;
070628;0000;;2,35833;;
070629;0000;;3,88333;;
070630;0000;;;0,0125;
070701;0000;;;0;
070702;0000;;;0,102542;
070703;0000;;1,01304;;
070704;0000;;0,637499;;
070705;0000;;0,454166;;
070706;0000;;1,14166;;
070707;0000;;0,908333;;
070708;0000;;1,64583;;
070709;0000;;2,55;;
070710;0000;;1,74583;;
070711;0000;;;1,52291;
070712;0000;;;0,00233333;
070713;0000;;;0,013125;
070714;0000;;;0,000916665;
070715;0000;;;0,159875;
070716;0000;;;0,000999998;
070717;0000;;;0;
070718;0000;;;0;
070719;0000;;;;
070720;0000;;;;
070721;0000;;;;
070722;0000;;;;
070723;0000;;;;
070724;0000;;;0,00261904;
070725;0000;;;0,921124;
070726;0000;;0,654165;;
070727;0000;;1,10416;;
070728;0000;;1,2;;
070729;0000;;1,45833;;
070730;0000;;0,525;;
070731;0000;;2,32916;;
070801;0000;;1,8125;;
070802;0000;;0,209091;;
070803;0000;;1,92916;;
070804;0000;;1,03333;;
070805;0000;;1,4;;
070806;0000;;0,795833;;
070807;0000;;1,14166;;
070808;0000;;2,31667;;
070809;0000;;2,83333;;
070810;0000;;1,46667;;
070811;0000;;1,9;;
070812;0000;;0,354166;;
070813;0000;;0,845832;;
070814;0000;;0,562499;;
070815;0000;;0,824999;;
070816;0000;;2,55;;
070817;0000;;1,48696;;
070818;0000;;2,79166;;
070819;0000;;1,70416;;
070820;0000;;1,87083;;
070821;0000;;0,737499;;
070822;0000;;1,14583;;
070823;0000;;0,829165;;
070824;0000;;1,42916;;
070825;0000;;1,025;;
070826;0000;;0,741666;;
070827;0000;;0,812499;;
070828;0000;;1,1875;;
070829;0000;;0,970833;;
070830;0000;;0,561904;;
070831;0000;;0,979165;;
070901;0000;;0,391666;;
070902;0000;;0,2375;;
070903;0000;;0,258333;;
070904;0000;;0,229166;;
070905;0000;;0,454166;;
070906;0000;;0,904165;;
070907;0000;;0,824999;;
070908;0000;;0,595832;;
070909;0000;;0,699999;;
070910;0000;;0,666666;;
070911;0000;;0,879166;;
070912;0000;;1,2875;;
070913;0000;;1,10833;;
070914;0000;;1,1;;
070915;0000;;1,12917;;
070916;0000;;0,933332;;
070917;0000;;1,0125;;
070918;0000;;0,720832;;
070919;0000;;0,841665;;
070920;0000;;0,624999;;
070921;0000;;0,824999;;
070922;0000;;0,804165;;
070923;0000;;1,84167;;
070924;0000;;1,325;;
070925;0000;;0,758332;;
070926;0000;;0,4375;;
070927;0000;;0,645832;;
070928;0000;;0,345833;;
070929;0000;;0,462499;;
070930;0000;;0,366666;;
071001;0000;;0,391666;;
071002;0000;;0,3375;;
071003;0000;;0,195833;;
071004;0000;;0,454166;;
071005;0000;;0,4625;;
071006;0000;;0,862499;;
071007;0000;;0,749999;;
071008;0000;;0,287499;;
071009;0000;;0,316666;;
071010;0000;;0,254166;;
071011;0000;;0,387499;;
071012;0000;;0,266666;;
071013;0000;;0,316666;;
071014;0000;;0,120833;;
071015;0000;;0,133333;;
071016;0000;;0,179166;;
071017;0000;;0,170833;;
071018;0000;;0,270833;;
071019;0000;;0,318181;;
071020;0000;;0,483333;;
071021;0000;;0,412499;;
071022;0000;;0,391304;;
071023;0000;;0,599998;;
071024;0000;;0,454166;;
071025;0000;;0,308695;;
071026;0000;;0,458333;;
071027;0000;;0,662498;;
071028;0000;;0,454166;;
071029;0000;;0,429166;;
071030;0000;;0,420832;;
071031;0000;;0,279166;;
071101;0000;;0,449999;;
071102;0000;;0,218182;;
071103;0000;;0,2;;
071104;0000;;0,295833;;
071105;0000;;0,183333;;
071106;0000;;0,25;;
071107;0000;;0,183333;;
071108;0000;;0,2;;
071109;0000;;0,283333;;
071110;0000;;0,572221;;
071111;0000;;;0;
071112;0000;;;0,238333;
071113;0000;;0,483333;;
071114;0000;;0,362499;;
071115;0000;;0,257142;;
071116;0000;;0,295833;;
071117;0000;;0,229166;;
071118;0000;;0,170833;;
071119;0000;;0,266666;;
071120;0000;;0,270833;;
071121;0000;;0,1875;;
071122;0000;;0,291304;;
071123;0000;;0,345833;;
071124;0000;;0,229166;;
071125;0000;;0,191666;;
071126;0000;;0,170833;;
071127;0000;;0,195833;;
071128;0000;;0,269565;;
071129;0000;;0,395833;;
071130;0000;;0,413043;;
071201;0000;;0,449999;;
071202;0000;;0,412499;;
071203;0000;;0,316666;;
071204;0000;;0,366666;;
071205;0000;;0,341666;;
071206;0000;;0,220833;;
071207;0000;;0,233333;;
071208;0000;;0,262499;;
071209;0000;;0,345833;;
071210;0000;;0,341666;;
071211;0000;;0,291666;;
071212;0000;;0,287499;;
071213;0000;;0,262499;;
071214;0000;;0,143478;;
071215;0000;;0,116666;;
071216;0000;;0,108333;;
071217;0000;;0,0916665;;
071218;0000;;0,0833331;;
071219;0000;;0,1625;;
071220;0000;;0,479165;;
071221;0000;;0,412499;;
071222;0000;;0,279166;;
071223;0000;;0,312499;;
071224;0000;;0,408332;;
071225;0000;;0,399999;;
071226;0000;;0,520831;;
071227;0000;;0,399999;;
071228;0000;;0,387499;;
071229;0000;;0,608332;;
071230;0000;;0,358333;;
071231;0000;;0,341666;;
080101;0000;;0,474999;;
080102;0000;;0,508332;;
080103;0000;;0,712499;;
080104;0000;;0,51111;;
080105;0000;;0,608332;;
080106;0000;;0,808332;;
080107;0000;;0,654165;;
080108;0000;;0,737498;;
080109;0000;;0,412499;;
080110;0000;;0,287499;;
080111;0000;;0,258333;;
080112;0000;;0,245833;;
080113;0000;;0,562499;;
080114;0000;;0,399999;;
080115;0000;;0,387499;;
080116;0000;;0,354166;;
080117;0000;;0,374999;;
080118;0000;;0,3375;;
080119;0000;;0,208333;;
080120;0000;;0,1875;;
080121;0000;;0,2125;;
080122;0000;;0,220833;;
080123;0000;;0,391666;;
080124;0000;;0,462499;;
080125;0000;;0,308333;;
080126;0000;;0,420833;;
080127;0000;;0,295833;;
080128;0000;;0,463636;;
080129;0000;;0,683332;;
080130;0000;;0,566666;;
080131;0000;;0,529165;;
080201;0000;;0,533333;;
080202;0000;;0,504166;;
080203;0000;;0,458333;;
080204;0000;;0,512499;;
080205;0000;;0,508332;;
080206;0000;;0,604166;;
080207;0000;;0,495833;;
080208;0000;;0,408333;;
080209;0000;;0,295833;;
080210;0000;;0,424999;;
080211;0000;;;;
080212;0000;;0,404166;;
080213;0000;;0,391666;;
080214;0000;;0,366666;;
080215;0000;;;;
080216;0000;;0,405555;;
080217;0000;;0,412499;;
080218;0000;;0,390909;;
080219;0000;;;;
080220;0000;;0,458333;;
080221;0000;;0,458333;;
080222;0000;;0,424999;;
080223;0000;;0,536841;;
080224;0000;;0,558332;;
080225;0000;;;;
080226;0000;;0,537499;;
080227;0000;;0,3375;;
080228;0000;;0,366666;;
080229;0000;;0,424999;;
080301;0000;;0,591665;;
080302;0000;;0,583332;;
080303;0000;;;;
080304;0000;;0,191666;;
080305;0000;;0,0708332;;
080306;0000;;0,308333;;
080307;0000;;0,358333;;
080308;0000;;0,0999998;;
080309;0000;;0,2375;;
080310;0000;;0,424999;;
080311;0000;;0,324999;;
080312;0000;;0,433332;;
080313;0000;;0,504166;;
080314;0000;;0,578259;;
080315;0000;;0,466666;;
080316;0000;;0,412499;;
080317;0000;;0,562499;;
080318;0000;;0,424999;;
080319;0000;;0,286363;;
080320;0000;;0,524999;;
080321;0000;;0,375;;
080322;0000;;0,545833;;
080323;0000;;0,316666;;
080324;0000;;0,3375;;
080325;0000;;0,479166;;
080326;0000;;0,562499;;
080327;0000;;0,741666;;
080328;0000;;0,737499;;
080329;0000;;0,916665;;
080330;0000;;0,816666;;
080331;0000;;0,674999;;
080401;0000;;0,574999;;
080402;0000;;0,558332;;
080403;0000;;0,574999;;
080404;0000;;0,340909;;
080405;0000;;0,641665;;
080406;0000;;0,662498;;
080407;0000;;0,562499;;
080408;0000;;0,791666;;
080409;0000;;0,329166;;
080410;0000;;0,941666;;
080411;0000;;1,62083;;
080412;0000;;1,32083;;
080413;0000;;1,9125;;
080414;0000;;1,72083;;
080415;0000;;1,3;;
080416;0000;;1,14583;;
080417;0000;;0,487499;;
080418;0000;;0,633332;;
080419;0000;;0,512499;;
080420;0000;;0,674999;;
080421;0000;;0,82857;;
080422;0000;;0,820832;;
080423;0000;;1,32916;;
080424;0000;;1,33333;;
080425;0000;;1,2625;;
080426;0000;;0,970832;;
080427;0000;;1,1375;;
080428;0000;;2,3125;;
080429;0000;;2,32083;;
080430;0000;;0,669564;;
080501;0000;;1,875;;
080502;0000;;2,225;;
080503;0000;;2,43333;;
080504;0000;;0,908332;;
080505;0000;;0,791666;;
080506;0000;;1,79166;;
080507;0000;;2,59166;;
080508;0000;;2,65833;;
080509;0000;;2,1125;;
080510;0000;;1,37083;;
080511;0000;;1,76842;;
080512;0000;;1,88333;;
080513;0000;;1,43333;;
080514;0000;;0,629166;;
080515;0000;;0,620832;;
080516;0000;;0,574999;;
080517;0000;;0,233333;;
080518;0000;;0,574999;;
080519;0000;;0,754166;;
080520;0000;;0,395833;;
080521;0000;;0,420833;;
080522;0000;;0,379166;;
080523;0000;;2,04736;;
080524;0000;;1,7375;;
080525;0000;;0,383333;;
080526;0000;;0,512499;;
080527;0000;;1,37083;;
080528;0000;;3,24166;;
080529;0000;;2,99583;;
080530;0000;;3,90416;;
080531;0000;;1,95416;;
080601;0000;;2,1875;;
080602;0000;;0,691666;;
080603;0000;;0,999999;;
080604;0000;;0,929166;;
080605;0000;;0,737499;;
080606;0000;;1,03333;;
080607;0000;;0,466666;;
080608;0000;;0,766665;;
080609;0000;;0,787498;;
080610;0000;;0,658332;;
080611;0000;;1,36666;;
080612;0000;;3,59999;;
080613;0000;;2,10416;;
080614;0000;;1,86666;;
080615;0000;;4,13332;;
080616;0000;;3,23333;;
080617;0000;;1,3625;;
080618;0000;;1,25833;;
080619;0000;;1,76666;;
080620;0000;;3,18888;;
080621;0000;;1,8125;;
080622;0000;;0,829165;;
080623;0000;;2,32083;;
080624;0000;;2,00416;;
080625;0000;;1,87917;;
080626;0000;;1,12917;;
080627;0000;;0,837499;;
080628;0000;;1,22083;;
080629;0000;;0,704761;;
080630;0000;;0,604166;;
080701;0000;;1,29583;;
080702;0000;;1,7375;;
080703;0000;;0,958332;;
080704;0000;;0,330434;;
080705;0000;;0,474999;;
080706;0000;;1,18333;;
080707;0000;;0,566666;;
080708;0000;;1,35416;;
080709;0000;;2,55416;;
080710;0000;;0,391666;;
080711;0000;;0,487499;;
080712;0000;;0,666666;;
080713;0000;;0,358333;;
080714;0000;;0,358333;;
080715;0000;;0,304166;;
080716;0000;;0,458333;;
080717;0000;;0,949999;;
080718;0000;;2,25;;
080719;0000;;2,32083;;
080720;0000;;1,25555;;
080721;0000;;0,599999;;
080722;0000;;0,787499;;
080723;0000;;0,679166;;
080724;0000;;0,808332;;
080725;0000;;0,795833;;
080726;0000;;0,862499;;
080727;0000;;0,458333;;
080728;0000;;0,737498;;
080729;0000;;2,13333;;
080730;0000;;0,624999;;
080731;0000;;0,649999;;
080801;0000;;0,704544;;
080802;0000;;1,00833;;
080803;0000;;1,3375;;
080804;0000;;0,812499;;
080805;0000;;0,637499;;
080806;0000;;0,687499;;
080807;0000;;1,67083;;
080808;0000;;1,57916;;
080809;0000;;0,687499;;
080810;0000;;0,833332;;
080811;0000;;1,42916;;
080812;0000;;0,987499;;
080813;0000;;1,39583;;
080814;0000;;0,583332;;
080815;0000;;0,449999;;
080816;0000;;1,49166;;
080817;0000;;0,974999;;
080818;0000;;1,175;;
080819;0000;;2,01666;;
080820;0000;;1,54583;;
080821;0000;;1,6625;;
080822;0000;;2,01666;;
080823;0000;;1,34167;;
080824;0000;;1,14583;;
080825;0000;;0,983332;;
080826;0000;;1,32083;;
080827;0000;;1,4125;;
080828;0000;;1,12083;;
080829;0000;;0,795833;;
080830;0000;;0,724998;;
080831;0000;;0,887499;;
080901;0000;;0,824999;;
080902;0000;;0,954165;;
080903;0000;;1,27917;;
080904;0000;;1,85833;;
080905;0000;;1,395;;
080906;0000;;0,683332;;
080907;0000;;1,16667;;
080908;0000;;1,89166;;
080909;0000;;0,866666;;
080910;0000;;0,683332;;
080911;0000;;1,675;;
080912;0000;;2;;
080913;0000;;1,875;;
080914;0000;;1,6625;;
080915;0000;;1,15417;;
080916;0000;;0,583332;;
080917;0000;;0,570832;;
080918;0000;;0,508332;;
080919;0000;;0,604166;;
080920;0000;;;;
080921;0000;;0,722726;;
080922;0000;;0,529165;;
080923;0000;;0,424999;;
080924;0000;;0,566666;;
080925;0000;;0,579165;;
080926;0000;;0,404347;;
080927;0000;;0,266666;;
080928;0000;;0,324999;;
080929;0000;;0,229166;;
080930;0000;;0,270833;;
081001;0000;;0,241666;;
081002;0000;;0,466666;;
081003;0000;;0,708694;;
081004;0000;;0,645832;;
081005;0000;;0,749999;;
081006;0000;;0,370833;;
081007;0000;;0,241666;;
081008;0000;;0,0999998;;
081009;0000;;0,108333;;
081010;0000;;0,220833;;
081011;0000;;0,812499;;
081012;0000;;1,38333;;
081013;0000;;0,495832;;
081014;0000;;0,308333;;
081015;0000;;0,416666;;
081016;0000;;0,4;;
081017;0000;;0,391666;;
081018;0000;;0,241666;;
081019;0000;;0,287499;;
081020;0000;;0,354166;;
081021;0000;;0,516665;;
081022;0000;;0,749999;;
081023;0000;;0,508332;;
081024;0000;;0,208695;;
081025;0000;;0,262499;;
081026;0000;;0,324999;;
081027;0000;;0,2375;;
081028;0000;;0,258333;;
081029;0000;;0,279166;;
081030;0000;;0,2;;
081031;0000;;0,15;;
081101;0000;;0,129166;;
081102;0000;;0,2125;;
081103;0000;;0,1625;;
081104;0000;;0,145833;;
081105;0000;;0,191666;;
081106;0000;;0,204166;;
081107;0000;;0,247826;;
081108;0000;;0,375;;
081109;0000;;0,504166;;
081110;0000;;0,1875;;
081111;0000;;0,1625;;
081112;0000;;0,170833;;
081113;0000;;0,183333;;
081114;0000;;0,2;;
081115;0000;;0,1875;;
081116;0000;;0,170833;;
081117;0000;;0,154166;;
081118;0000;;0,1875;;
081119;0000;;0,208333;;
081120;0000;;0,191666;;
081121;0000;;0,256521;;
081122;0000;;0,183333;;
081123;0000;;0,104166;;
081124;0000;;0,141666;;
081125;0000;;0,0833331;;
081126;0000;;0,120833;;
081127;0000;;0,1125;;
081128;0000;;0,233333;;
081129;0000;;0,15;;
081130;0000;;0,0916665;;
081201;0000;;0,169583;;
081202;0000;;;;
081203;0000;;0,0734781;;
081204;0000;;0,158;;
081205;0000;;0,104167;;
081206;0000;;0,0599999;;
081207;0000;;0,11125;;
081208;0000;;0,0799998;;
081209;0000;;0,0770831;;
081210;0000;;0,0816665;;
081211;0000;;;;
081212;0000;;;;
081213;0000;;0,149166;;
081214;0000;;0,157083;;
081215;0000;;0,145;;
081216;0000;;0,185833;;
081217;0000;;0,225833;;
081218;0000;;0,183333;;
081219;0000;;0,232083;;
081220;0000;;0,324166;;
081221;0000;;0,3025;;
081222;0000;;0,253333;;
081223;0000;;0,240833;;
081224;0000;;0,264583;;
081225;0000;;0,240869;;
081226;0000;;0,153333;;
081227;0000;;0,23;;
081228;0000;;0,257916;;
081229;0000;;0,209583;;
081230;0000;;0,22125;;
081231;0000;;0,268333;;
090101;0000;;0,241666;;
090102;0000;;0,262499;;
090103;0000;;0,25;;
090104;0000;;0,254166;;
090105;0000;;0,266666;;
090106;0000;;0,287499;;
090107;0000;;0,291666;;
090108;0000;;0,304166;;
090109;0000;;0,317391;;
090110;0000;;0,2125;;
090111;0000;;0,216666;;
090112;0000;;0,270833;;
090113;0000;;0,270833;;
090114;0000;;0,266666;;
090115;0000;;0,2375;;
090116;0000;;0,258333;;
090117;0000;;0,275;;
090118;0000;;0,216666;;
090119;0000;;0,220833;;
090120;0000;;0,220833;;
090121;0000;;0,275;;
090122;0000;;0,3125;;
090123;0000;;0,299999;;
090124;0000;;0,3;;
090125;0000;;0,3125;;
090126;0000;;0,270833;;
090127;0000;;0,266666;;
090128;0000;;0,270833;;
090129;0000;;0,3;;
090130;0000;;0,320833;;
090131;0000;;0,316666;;
090201;0000;;0,3125;;
090202;0000;;0,375;;
090203;0000;;0,420833;;
090204;0000;;0,379166;;
090205;0000;;0,338095;;
090206;0000;;0,283333;;
090207;0000;;0,183333;;
090208;0000;;0,191666;;
090209;0000;;0,229166;;
090210;0000;;0,25;;
090211;0000;;0,2375;;
090212;0000;;0,216666;;
090213;0000;;0,225;;
090214;0000;;0,245833;;
090215;0000;;0,2375;;
090216;0000;;0,341666;;
090217;0000;;0,320833;;
090218;0000;;0,270833;;
090219;0000;;0,362499;;
090220;0000;;0,3;;
090221;0000;;0,254166;;
090222;0000;;0,287499;;
090223;0000;;0,308333;;
090224;0000;;0,270833;;
090225;0000;;0,295833;;
090226;0000;;0,3;;
090227;0000;;0,316666;;
090228;0000;;0,3;;
090301;0000;;0,324999;;
090302;0000;;0,358333;;
090303;0000;;0,308333;;
090304;0000;;0,341666;;
090305;0000;;0,316666;;
090306;0000;;0,379166;;
090307;0000;;0,408333;;
090308;0000;;0,329166;;
090309;0000;;0,316666;;
090310;0000;;0,333333;;
090311;0000;;0,329166;;
090312;0000;;0,345833;;
090313;0000;;0,3375;;
090314;0000;;0,321739;;
090315;0000;;0,391666;;
090316;0000;;0,420833;;
090317;0000;;0,375;;
090318;0000;;0,387499;;
090319;0000;;0,370833;;
090320;0000;;0,466666;;
090321;0000;;0,433333;;
090322;0000;;0,433333;;
090323;0000;;0,404166;;
090324;0000;;0,466666;;
090325;0000;;0,375;;
090326;0000;;0,454166;;
090327;0000;;0,365217;;
090328;0000;;0,133333;;
090329;0000;;0,2125;;
090330;0000;;0,366666;;
090331;0000;;0,749999;;
090401;0000;;0,445833;;
090402;0000;;0,166666;;
090403;0000;;0,326087;;
090404;0000;;0,283333;;
090405;0000;;0,345833;;
090406;0000;;0,349999;;
090407;0000;;0,1625;;
090408;0000;;0,208333;;
090409;0000;;0,358333;;
090410;0000;;0,3125;;
090411;0000;;0,304166;;
090412;0000;;0,591666;;
090413;0000;;1,41667;;
090414;0000;;0,712499;;
090415;0000;;0,549999;;
090416;0000;;0,626086;;
090417;0000;;0,4625;;
090418;0000;;0,799999;;
090419;0000;;0,641665;;
090420;0000;;0,645832;;
090421;0000;;0,766665;;
090422;0000;;0,874999;;
090423;0000;;1,14583;;
090424;0000;;1,67083;;
090425;0000;;0,749999;;
090426;0000;;0,824999;;
090427;0000;;1,12917;;
090428;0000;;0,916665;;
090429;0000;;1,11739;;
090430;0000;;1,08333;;
090501;0000;;1,06667;;
090502;0000;;0,529165;;
090503;0000;;0,666666;;
090504;0000;;0,824999;;
090505;0000;;0,795833;;
090506;0000;;1,09583;;
090507;0000;;0,879166;;
090508;0000;;0,613635;;
090509;0000;;0,512499;;
090510;0000;;0,545833;;
090511;0000;;0,941665;;
090512;0000;;2,11578;;
090513;0000;;2,07083;;
090514;0000;;1,6125;;
090515;0000;;0,829165;;
090516;0000;;0,791666;;
090517;0000;;1,09167;;
090518;0000;;1,1375;;
090519;0000;;0,837499;;
090520;0000;;1,77143;;
090521;0000;;1,18333;;
090522;0000;;0,424999;;
090523;0000;;1,46667;;
090524;0000;;1,70833;;
090525;0000;;2,26666;;
090526;0000;;2,44166;;
090527;0000;;3,84166;;
090528;0000;;3,40416;;
090529;0000;;2,44347;;
090530;0000;;0,974999;;
090531;0000;;1,20416;;
090601;0000;;1,56111;;
090602;0000;;2,51904;;
090603;0000;;2,03333;;
090604;0000;;2,225;;
090605;0000;;2,54782;;
090606;0000;;1,61666;;
090607;0000;;1,3625;;
090608;0000;;1,13333;;
090609;0000;;2,71666;;
090610;0000;;2,47499;;
090611;0000;;2,87083;;
090612;0000;;2,30416;;
090613;0000;;2,05416;;
090614;0000;;1,425;;
090615;0000;;0,887499;;
090616;0000;;0,779165;;
090617;0000;;1,18333;;
090618;0000;;1,75909;;
090619;0000;;1,65833;;
090620;0000;;1,13333;;
090621;0000;;1,70833;;
090622;0000;;1,8;;
090623;0000;;1,92083;;
090624;0000;;1,45;;
090625;0000;;2,39166;;
090626;0000;;;;
090627;0000;;0,233333;;
090628;0000;;0,25;;
090629;0000;;0,362499;;
090630;0000;;0,233333;;
090701;0000;;0,195833;;
090702;0000;;0,440908;;
090703;0000;;0,690475;;
090704;0000;;0,449999;;
090705;0000;;0,808331;;
090706;0000;;0,549999;;
090707;0000;;2,57916;;
090708;0000;;2,37083;;
090709;0000;;0,649999;;
090710;0000;;3,16249;;
090711;0000;;2,65833;;
090712;0000;;2,01666;;
090713;0000;;2,68333;;
090714;0000;;2,88333;;
090715;0000;;2,24782;;
090716;0000;;1,35;;
090717;0000;;1,27083;;
090718;0000;;0,25;;
090719;0000;;0,133333;;
090720;0000;;1,68;;
090721;0000;;1,12917;;
090722;0000;;2,0375;;
090723;0000;;2,89166;;
090724;0000;;3,03333;;
090725;0000;;2,10833;;
090726;0000;;3,2125;;
090727;0000;;4,97499;;
090728;0000;;4,39999;;
090729;0000;;4,41666;;
090730;0000;;1,61304;;
090731;0000;;1,06667;;
090801;0000;;2,65833;;
090802;0000;;1,8875;;
090803;0000;;2,01666;;
090804;0000;;1,49583;;
090805;0000;;1,55;;
090806;0000;;2,15833;;
090807;0000;;2,36522;;
090808;0000;;3,025;;
090809;0000;;1,01666;;
090810;0000;;0,991666;;
090811;0000;;1,175;;
090812;0000;;0,730433;;
090813;0000;;0,999999;;
090814;0000;;0,839129;;
090815;0000;;1,07083;;
090816;0000;;0,974998;;
090817;0000;;1,0875;;
090818;0000;;1,09167;;
090819;0000;;1,67916;;
090820;0000;;1,30435;;
090821;0000;;1,2375;;
090822;0000;;0,929166;;
090823;0000;;0,987498;;
090824;0000;;0,691666;;
090825;0000;;0,391666;;
090826;0000;;0,799999;;
090827;0000;;1,13889;;
090828;0000;;1,1125;;
090829;0000;;1,2;;
090830;0000;;1,12917;;
090831;0000;;1,675;;
090901;0000;;2,13333;;
090902;0000;;1,67916;;
090903;0000;;1,35652;;
090904;0000;;0,983332;;
090905;0000;;1,10416;;
090906;0000;;1,2375;;
090907;0000;;1,39583;;
090908;0000;;1,54166;;
090909;0000;;1,41667;;
090910;0000;;1,33913;;
090911;0000;;0,891665;;
090912;0000;;1,3875;;
090913;0000;;1,24166;;
090914;0000;;1,1375;;
090915;0000;;1,32083;;
090916;0000;;1,4125;;
090917;0000;;1,06667;;
090918;0000;;1,17916;;
090919;0000;;1,02917;;
090920;0000;;0,999999;;
090921;0000;;0,983332;;
090922;0000;;1,175;;
090923;0000;;1,20416;;
090924;0000;;1,27391;;
090925;0000;;1,0375;;
090926;0000;;1,5;;
090927;0000;;1,20833;;
090928;0000;;0,708332;;
090929;0000;;0,991666;;
090930;0000;;0,916665;;
091001;0000;;1,08261;;
091002;0000;;1,4875;;
091003;0000;;1,11666;;
091004;0000;;1,19583;;
091005;0000;;1,3125;;
091006;0000;;2,0375;;
091007;0000;;1,80416;;
091008;0000;;1,88261;;
091009;0000;;1,125;;
091010;0000;;2,72083;;
091011;0000;;2,8375;;
091012;0000;;2,4625;;
091013;0000;;3,41249;;
091014;0000;;4,14583;;
091015;0000;;;2,76166;
091016;0000;;;0,611522;
091017;0000;;;0,357359;
091018;0000;;;0,373469;
091019;0000;;;;
091020;0000;;;0,570112;
091021;0000;;;1,34031;
091022;0000;;;;
091023;0000;;;1,51354;
091024;0000;;;;
091025;0000;;;;
091026;0000;;;;
091027;0000;;;;
091028;0000;;;;
091029;0000;;;;
091030;0000;;;;
091031;0000;;0,366666;;
091101;0000;;0,2;;
091102;0000;;0,4375;;
091103;0000;;0,245833;;
091104;0000;;0,175;;
091105;0000;;0,183333;;
091106;0000;;0,3;;
091107;0000;;0,65;;
091108;0000;;0,245833;;
091109;0000;;0,208333;;
091110;0000;;;;
091111;0000;;0,1125;;
091112;0000;;0,170833;;
091113;0000;;0,329166;;
091114;0000;;0,591666;;
091115;0000;;0,404166;;
091116;0000;;0,595833;;
091117;0000;;0,366666;;
091118;0000;;0,799998;;
091119;0000;;0,369565;;
091120;0000;;0,454166;;
091121;0000;;0,587499;;
091122;0000;;0,579165;;
091123;0000;;;;
091124;0000;;;;
091125;0000;;0,445833;;
091126;0000;;0,441666;;
091127;0000;;0,320833;;
091128;0000;;0,395833;;
091129;0000;;0,441666;;
091130;0000;;0,454166;;
091201;0000;;0,466666;;
091202;0000;;0,323809;;
091203;0000;;0,387499;;
091204;0000;;0,287499;;
091205;0000;;0,25;;
091206;0000;;0,279166;;
091207;0000;;0,266666;;
091208;0000;;0,154166;;
091209;0000;;0,25;;
091210;0000;;0,404999;;
091211;0000;;;;
091212;0000;;0,283333;;
091213;0000;;0,266666;;
091214;0000;;0,258333;;
091215;0000;;0,241666;;
091216;0000;;0,262499;;
091217;0000;;0,266666;;
091218;0000;;0,304348;;
091219;0000;;0,291666;;
091220;0000;;0,270833;;
091221;0000;;0,320833;;
091222;0000;;0,273912;;
091223;0000;;0,3125;;
091224;0000;;0,295833;;
091225;0000;;0,283333;;
091226;0000;;0,279166;;
091227;0000;;0,2375;;
091228;0000;;0,220833;;
091229;0000;;0,3;;
091230;0000;;0,233333;;
091231;0000;;0,296249;;
100101;0000;;0,22875;;
100102;0000;;0,189167;;
100103;0000;;0,19;;
100104;0000;;0,285833;;
100105;0000;;0,268333;;
100106;0000;;0,259166;;
100107;0000;;0,247083;;
100108;0000;;0,263043;;
100109;0000;;0,24875;;
100110;0000;;0,2625;;
100111;0000;;0,310833;;
100112;0000;;0,313749;;
100113;0000;;0,381249;;
100114;0000;;0,273749;;
100115;0000;;0,22625;;
100116;0000;;0,264999;;
100117;0000;;0,24125;;
100118;0000;;0,23875;;
100119;0000;;0,220417;;
100120;0000;;0,15875;;
100121;0000;;0,209545;;
100122;0000;;0,253749;;
100123;0000;;0,230417;;
100124;0000;;0,22375;;
100125;0000;;0,210833;;
100126;0000;;0,216666;;
100127;0000;;0,237083;;
100128;0000;;0,310869;;
100129;0000;;0,335;;
100130;0000;;0,30625;;
100131;0000;;0,24875;;
100201;0000;;0,153333;;
100202;0000;;0,196666;;
100203;0000;;0,217916;;
100204;0000;;0,232916;;
100205;0000;;0,226087;;
100206;0000;;0,255833;;
100207;0000;;0,253333;;
100208;0000;;0,2375;;
100209;0000;;0,298749;;
100210;0000;;0,264583;;
100211;0000;;0,222083;;
100212;0000;;0,215416;;
100213;0000;;0,22;;
100214;0000;;0,20125;;
100215;0000;;0,215;;
100216;0000;;0,265833;;
100217;0000;;0,340833;;
100218;0000;;0,315833;;
100219;0000;;0,414166;;
100220;0000;;0,272916;;
100221;0000;;0,2825;;
100222;0000;;0,25375;;
100223;0000;;0,264583;;
100224;0000;;0,373333;;
100225;0000;;0,340416;;
100226;0000;;0,284166;;
100227;0000;;;;
100228;0000;;0,2125;;
100301;0000;;0,267368;;
100302;0000;;0,484582;;
100303;0000;;0,302083;;
100304;0000;;0,367499;;
100305;0000;;0,342174;;
100306;0000;;0,282916;;
100307;0000;;0,330833;;
100308;0000;;0,32875;;
100309;0000;;0,333333;;
100310;0000;;0,314166;;
100311;0000;;0,362174;;
100312;0000;;0,399583;;
100313;0000;;0,437916;;
100314;0000;;0,357142;;
100315;0000;;0,346666;;
100316;0000;;0,377916;;
100317;0000;;0,3775;;
100318;0000;;0,373333;;
100319;0000;;0,367499;;
100320;0000;;0,330416;;
100321;0000;;0,415833;;
100322;0000;;0,367499;;
100323;0000;;0,527082;;
100324;0000;;0,626956;;
100325;0000;;0,459166;;
100326;0000;;0,524165;;
100327;0000;;0,364583;;
100328;0000;;0,403749;;
100329;0000;;0,364166;;
100330;0000;;0,392499;;
100331;0000;;0,481249;;
100401;0000;;0,28826;;
100402;0000;;0,294166;;
100403;0000;;0,250416;;
100404;0000;;0,324999;;
100405;0000;;0,415833;;
100406;0000;;0,465416;;
100407;0000;;0,920434;;
100408;0000;;0,653749;;
100409;0000;;0,783749;;
100410;0000;;0,541666;;
100411;0000;;0,586249;;
100412;0000;;0,816249;;
100413;0000;;0,943748;;
100414;0000;;0,948749;;
100415;0000;;1,26541;;
100416;0000;;0,533749;;
100417;0000;;0,560416;;
100418;0000;;0,474166;;
100419;0000;;0,36375;;
100420;0000;;0,536666;;
100421;0000;;0,960833;;
100422;0000;;1,39913;;
100423;0000;;1,14583;;
100424;0000;;1,47541;;
100425;0000;;1,08041;;
100426;0000;;0,861249;;
100427;0000;;0,877915;;
100428;0000;;1,2575;;
100429;0000;;1,37416;;
100430;0000;;1,64863;;
100501;0000;;;1,18853;
100502;0000;;;0,617566;
100503;0000;;;0,8978;
100504;0000;;;;
100505;0000;;;;
100506;0000;;;;
100507;0000;;;;
100508;0000;;;;
100509;0000;;;;
100510;0000;;;;
100511;0000;;;;
100512;0000;;;;
100513;0000;;;;
100514;0000;;;;
100515;0000;;;;
100516;0000;;;;
100517;0000;;;;
100518;0000;;;;
100519;0000;;;;
100520;0000;;;;
100521;0000;;;;
100522;0000;;;;
100523;0000;;;;
100524;0000;;;;
100525;0000;;;;
100526;0000;;;;
100527;0000;;;;
100528;0000;;;;
100529;0000;;;;
100530;0000;;;;
100531;0000;;;;
100601;0000;;;;
100602;0000;;;;
100603;0000;;;;
100604;0000;;;;
100605;0000;;;;
100606;0000;;;;
100607;0000;;;;
100608;0000;;;;
100609;0000;;;;
100610;0000;;;;
100611;0000;;;;
100612;0000;;;;
100613;0000;;;;
100614;0000;;;;
100615;0000;;;;
100616;0000;;;;
100617;0000;;;;
100618;0000;;;;
100619;0000;;;;
100620;0000;;;;
100621;0000;;;;
100622;0000;;;;
100623;0000;;;;
100624;0000;;;;
100625;0000;;;;
100626;0000;;;;
100627;0000;;;;
100628;0000;;;;
100629;0000;;;;
100630;0000;;;;
100701;0000;;;;
100702;0000;;;;
100703;0000;;;;
100704;0000;;;;
100705;0000;;;;
100706;0000;;;;
100707;0000;;;;
100708;0000;;;;
100709;0000;;;;
100710;0000;;;;
100711;0000;;;;
100712;0000;;;;
100713;0000;;;;
100714;0000;;;;
100715;0000;;;;
100716;0000;;;;
100717;0000;;;;
100718;0000;;;;
100719;0000;;;;
100720;0000;;;;
100721;0000;;;;
100722;0000;;;;
100723;0000;;;;
100724;0000;;;;
100725;0000;;;;
100726;0000;;;;
100727;0000;;;;
100728;0000;;;;
100729;0000;;;;
100730;0000;;;;
100731;0000;;;;
100801;0000;;;;
100802;0000;;;;
100803;0000;;;;
100804;0000;;;;
100805;0000;;;;
100806;0000;;;;
100807;0000;;;;
100808;0000;;;;
100809;0000;;;;
100810;0000;;;;
100811;0000;;;;
100812;0000;;;;
100813;0000;;;;
100814;0000;;;;
100815;0000;;;;
100816;0000;;;;
100817;0000;;;;
100818;0000;;;;
100819;0000;;;;
100820;0000;;;;
100821;0000;;;;
100822;0000;;;;
100823;0000;;;;
100824;0000;;;;
100825;0000;;;;
100826;0000;;;;
100827;0000;;;;
100828;0000;;;;
100829;0000;;;;
100830;0000;;;;
100831;0000;;;;
100901;0000;;;;
100902;0000;;;;
100903;0000;;;;
100904;0000;;;;
100905;0000;;;;
100906;0000;;;;
100907;0000;;;;
100908;0000;;;;
100909;0000;;;;
100910;0000;;;;
100911;0000;;;;
100912;0000;;;;
100913;0000;;;;
100914;0000;;;;
100915;0000;;;;
100916;0000;;;;
100917;0000;;;;
100918;0000;;;;
100919;0000;;;;
100920;0000;;;;
100921;0000;;;;
100922;0000;;;;
100923;0000;;;;
100924;0000;;;;
100925;0000;;;;
100926;0000;;;;
100927;0000;;;;
100928;0000;;;;
100929;0000;;;;
100930;0000;;;;
101001;0000;;;;
101002;0000;;;;
101003;0000;;;;
101004;0000;;;;
101005;0000;;;;
101006;0000;;;;
101007;0000;;;;
101008;0000;;;;
101009;0000;;;;
101010;0000;;;;
101011;0000;;;;
101012;0000;;;;
101013;0000;;;;
101014;0000;;;;
101015;0000;;;;
101016;0000;;;;
101017;0000;;;;
101018;0000;;;;
101019;0000;;;;
101020;0000;;;;
101021;0000;;;;
101022;0000;;;;
101023;0000;;;;
101024;0000;;;;
101025;0000;;;;
101026;0000;;;;
101027;0000;;;;
101028;0000;;;;
101029;0000;;;;
101030;0000;;;;
101031;0000;;;;
101101;0000;;;;
101102;0000;;;;
101103;0000;;;;
101104;0000;;;;
101105;0000;;;;
101106;0000;;;;
101107;0000;;;;
101108;0000;;;;
101109;0000;;;;
101110;0000;;;;
101111;0000;;;;
101112;0000;;;;
101113;0000;;;;
101114;0000;;;;
101115;0000;;;;
101116;0000;;;;
101117;0000;;;;
101118;0000;;;;
101119;0000;;;;
101120;0000;;;;
101121;0000;;;;
101122;0000;;;;
101123;0000;;;;
101124;0000;;;;
101125;0000;;;;
101126;0000;;;;
101127;0000;;;;
101128;0000;;;;
101129;0000;;;;
101130;0000;;;;
101201;0000;;;;
101202;0000;;;;
101203;0000;;;;
101204;0000;;;;
101205;0000;;;;
101206;0000;;;;
101207;0000;;;;
101208;0000;;;;
101209;0000;;;;
101210;0000;;;;
101211;0000;;;;
101212;0000;;;;
101213;0000;;;;
101214;0000;;;;
101215;0000;;;;
101216;0000;;;;
101217;0000;;;;
101218;0000;;;;
101219;0000;;;;
101220;0000;;;;
101221;0000;;;;
101222;0000;;;;
101223;0000;;;;
101224;0000;;;;
101225;0000;;;;
101226;0000;;;;
101227;0000;;;;
101228;0000;;;;
101229;0000;;;;
101230;0000;;;;
101231;0000;;;;
110101;0000;;;;
110102;0000;;;;
110103;0000;;;;
110104;0000;;;;
110105;0000;;;;
110106;0000;;;;
110107;0000;;;;
110108;0000;;;;
110109;0000;;;;
110110;0000;;;;
110111;0000;;;;
110112;0000;;;;
110113;0000;;;;
110114;0000;;;;
110115;0000;;;;
110116;0000;;;;
110117;0000;;;;
110118;0000;;;;
110119;0000;;;;
110120;0000;;;;
110121;0000;;;;
110122;0000;;;;
110123;0000;;;;
110124;0000;;;;
110125;0000;;;;
110126;0000;;;;
110127;0000;;;;
110128;0000;;;;
110129;0000;;;;
110130;0000;;;;
110131;0000;;;;
110201;0000;;;;
110202;0000;;;;
110203;0000;;;;
110204;0000;;;;
110205;0000;;;;
110206;0000;;;;
110207;0000;;;;
110208;0000;;;;
110209;0000;;;;
110210;0000;;;;
110211;0000;;;;
110212;0000;;;;
110213;0000;;;;
110214;0000;;;;
110215;0000;;;;
110216;0000;;;;
110217;0000;;;;
110218;0000;;;;
110219;0000;;;;
110220;0000;;;;
110221;0000;;;;
110222;0000;;;;
110223;0000;;;;
110224;0000;;;;
110225;0000;;;;
110226;0000;;;;
110227;0000;;;;
110228;0000;;;;
110301;0000;;;;
110302;0000;;;;
110303;0000;;;;
110304;0000;;;;
110305;0000;;;;
110306;0000;;;;
110307;0000;;;;
110308;0000;;;;
110309;0000;;;;
110310;0000;;;;
110311;0000;;;;
110312;0000;;;;
110313;0000;;;;
110314;0000;;;;
110315;0000;;;;
110316;0000;;;;
110317;0000;;;;
110318;0000;;;;
110319;0000;;;;
110320;0000;;;;
110321;0000;;;;
110322;0000;;;;
110323;0000;;;;
110324;0000;;;;
110325;0000;;;;
110326;0000;;;;
110327;0000;;;;
110328;0000;;;;
110329;0000;;;;
110330;0000;;;;
110331;0000;;;;
110401;0000;;;;
110402;0000;;;;
110403;0000;;;;
110404;0000;;;;
110405;0000;;;;
110406;0000;;;;
110407;0000;;;;
110408;0000;;;;
110409;0000;;;;
110410;0000;;;;
110411;0000;;;;
110412;0000;;;;
110413;0000;;;;
110414;0000;;;;
110415;0000;;;;
110416;0000;;;;
110417;0000;;;;
110418;0000;;;;
110419;0000;;;;
110420;0000;;;;
110421;0000;;;;
110422;0000;;;;
110423;0000;;;;
110424;0000;;;;
110425;0000;;;;
110426;0000;;;;
110427;0000;;;;
110428;0000;;;;
110429;0000;;;;
110430;0000;;;;
110501;0000;;;;
110502;0000;;;;
110503;0000;;;;
110504;0000;;;;
110505;0000;;;;
110506;0000;;;;
110507;0000;;;;
110508;0000;;;;
110509;0000;;;;
110510;0000;;;;
110511;0000;;;;
110512;0000;;;;
110513;0000;;;;
110514;0000;;;;
110515;0000;;;;
110516;0000;;;;
110517;0000;;;;
110518;0000;;;;
110519;0000;;;;
110520;0000;;;;
110521;0000;;;;
110522;0000;;;;
110523;0000;;;;
110524;0000;;;;
110525;0000;;;;
110526;0000;;;;
110527;0000;;;;
110528;0000;;;;
110529;0000;;;;
110530;0000;;;;
110531;0000;;;;
110601;0000;;;;
110602;0000;;;;
110603;0000;;;;
110604;0000;;;;
110605;0000;;;;
110606;0000;;;;
110607;0000;;;;
110608;0000;;;;
110609;0000;;;;
110610;0000;;;;
110611;0000;;;;
110612;0000;;;;
110613;0000;;;;
110614;0000;;;;
110615;0000;;;;
110616;0000;;;;
110617;0000;;;;
110618;0000;;;;
110619;0000;;;;
110620;0000;;;;
110621;0000;;;;
110622;0000;;;;
110623;0000;;;;
110624;0000;;;;
110625;0000;;;;
110626;0000;;;;
110627;0000;;;;
110628;0000;;;;
110629;0000;;;;
110630;0000;;;;
110701;0000;;;;
110702;0000;;;;
110703;0000;;;;
110704;0000;;;;
110705;0000;;;;
110706;0000;;;;
110707;0000;;;;
110708;0000;;;;
110709;0000;;;;
110710;0000;;;;
110711;0000;;;;
110712;0000;;;;
110713;0000;;;;
110714;0000;;;;
110715;0000;;;;
110716;0000;;;;
110717;0000;;;;
110718;0000;;;;
110719;0000;;;;
110720;0000;;;;
110721;0000;;;;
110722;0000;;;;
110723;0000;;;;
110724;0000;;;;
110725;0000;;;;
110726;0000;;;;
110727;0000;;;;
110728;0000;;;;
110729;0000;;;;
110730;0000;;;;
110731;0000;;;;
110801;0000;;;;
110802;0000;;;;
110803;0000;;;;
110804;0000;;;;
110805;0000;;;;
110806;0000;;;;
110807;0000;;;;
110808;0000;;;;
110809;0000;;;;
110810;0000;;;;
110811;0000;;;;
110812;0000;;;;
110813;0000;;;;
110814;0000;;;;
110815;0000;;;;
110816;0000;;;;
110817;0000;;;;
110818;0000;;;;
110819;0000;;;;
110820;0000;;;;
110821;0000;;;;
110822;0000;;;;
110823;0000;;;;
110824;0000;;;;
110825;0000;;;;
110826;0000;;;;
110827;0000;;;;
110828;0000;;;;
110829;0000;;;;
110830;0000;;;;
110831;0000;;;;
110901;0000;;;;
110902;0000;;;;
110903;0000;;;;
110904;0000;;;;
110905;0000;;;;
110906;0000;;;;
110907;0000;;;;
110908;0000;;;;
110909;0000;;;;
110910;0000;;;;
110911;0000;;;;
110912;0000;;;;
110913;0000;;;;
110914;0000;;;;
110915;0000;;;;
110916;0000;;;;
110917;0000;;;;
110918;0000;;;;
110919;0000;;;;
110920;0000;;;;
110921;0000;;;;
110922;0000;;;;
110923;0000;;;;
110924;0000;;;;
110925;0000;;;;
110926;0000;;;;
110927;0000;;;;
110928;0000;;;;
110929;0000;;;;
110930;0000;;;;
111001;0000;;;;
111002;0000;;;;
111003;0000;;;;
111004;0000;;;;
111005;0000;;;;
111006;0000;;;;
111007;0000;;;;
111008;0000;;;;
111009;0000;;;;
111010;0000;;;;
111011;0000;;;;
111012;0000;;;;
111013;0000;;;;
111014;0000;;;;
111015;0000;;;;
111016;0000;;;;
111017;0000;;;;
111018;0000;;;;
111019;0000;;;;
111020;0000;;;;
111021;0000;;;;
111022;0000;;;;
111023;0000;;;;
111024;0000;;;;
111025;0000;;;;
111026;0000;;;;
111027;0000;;;;
111028;0000;;;;
111029;0000;;;;
111030;0000;;;;
111031;0000;;;;
111101;0000;;;;
111102;0000;;;;
111103;0000;;;;
111104;0000;;;;
111105;0000;;;;
111106;0000;;;;
111107;0000;;;;
111108;0000;;;;
111109;0000;;;;
111110;0000;;;;
111111;0000;;;;
111112;0000;;;;
111113;0000;;;;
111114;0000;;;;
111115;0000;;;;
111116;0000;;;;
111117;0000;;;;
111118;0000;;;;
111119;0000;;;;
111120;0000;;;;
111121;0000;;;;
111122;0000;;;;
111123;0000;;;;
111124;0000;;;;
111125;0000;;;;
111126;0000;;;;
111127;0000;;;;
111128;0000;;;;
111129;0000;;;;
111130;0000;;;;
111201;0000;;;;
111202;0000;;;;
111203;0000;;;;
111204;0000;;;;
111205;0000;;;;
111206;0000;;;;
111207;0000;;;;
111208;0000;;;;
111209;0000;;;;
111210;0000;;;;
111211;0000;;;;
111212;0000;;;;
111213;0000;;;;
111214;0000;;;;
111215;0000;;;;
111216;0000;;;;
111217;0000;;;;
111218;0000;;;;
111219;0000;;;;
111220;0000;;;;
111221;0000;;;;
111222;0000;;;;
111223;0000;;;;
111224;0000;;;;
111225;0000;;;;
111226;0000;;;;
111227;0000;;;;
111228;0000;;;;
111229;0000;;;;
111230;0000;;;;
111231;0000;;;;
120101;0000;;;0;
120102;0000;;;0;
120103;0000;;;;
120104;0000;;;;
120105;0000;;;;
120106;0000;;;;
120107;0000;;;0;
120108;0000;;;0;
120109;0000;;;;
120110;0000;;;;
120111;0000;;;;
120112;0000;;;;
120113;0000;;;;
120114;0000;;;;
120115;0000;;;;
120116;0000;;;;
120117;0000;;;;
120118;0000;;;;
120119;0000;;;;
120120;0000;;;;
120121;0000;;;;
120122;0000;;;;
120123;0000;;;;
120124;0000;;;;
120125;0000;;;0;
120126;0000;;;0;
120127;0000;;;;
120128;0000;;;;
120129;0000;;;;
120130;0000;;;;
120131;0000;;;;
120201;0000;;;;
120202;0000;;;;
120203;0000;;;;
120204;0000;;;;
120205;0000;;;;
120206;0000;;;;
120207;0000;;;;
120208;0000;;;;
120209;0000;;;;
120210;0000;;;;
120211;0000;;;;
120212;0000;;;;
120213;0000;;;;
120214;0000;;;;
120215;0000;;;;
120216;0000;;;;
120217;0000;;;;
120218;0000;;;;
120219;0000;;;;
120220;0000;;;;
120221;0000;;;0;
120222;0000;;;0;
120223;0000;;;;
120224;0000;;;;
120225;0000;;;;
120226;0000;;;;
120227;0000;;;;
120228;0000;;;;
120229;0000;;;1,25182;
120301;0000;;2,77541;;
120302;0000;;2,28166;;
120303;0000;;2,12916;;
120304;0000;;1,65292;;
120305;0000;;2,05875;;
120306;0000;;2,13208;;
120307;0000;;2,59375;;
120308;0000;;2,72869;;
120309;0000;;2,70667;;
120310;0000;;2,71333;;
120311;0000;;2,67458;;
120312;0000;;2,02708;;
120313;0000;;1,48291;;
120314;0000;;1,18333;;
120315;0000;;1,81583;;
120316;0000;;2,70583;;
120317;0000;;2,6425;;
120318;0000;;2,67083;;
120319;0000;;2,48666;;
120320;0000;;2,29541;;
120321;0000;;2,38583;;
120322;0000;;2,4319;;
120323;0000;;2,29124;;
120324;0000;;2,17666;;
120325;0000;;2,17041;;
120326;0000;;2,02833;;
120327;0000;;1,77583;;
120328;0000;;1,67833;;
120329;0000;;1,39684;;
120330;0000;;0,566666;;
120331;0000;;0,255;;
120401;0000;;0,541249;;
120402;0000;;0,363333;;
120403;0000;;0,300434;;
120404;0000;;0,193333;;
120405;0000;;0,255833;;
120406;0000;;0,0260869;;
120407;0000;;0,19625;;
120408;0000;;0,253333;;
120409;0000;;0,308695;;
120410;0000;;0,721666;;
120411;0000;;;0,619165;
120412;0000;;0,165789;;
120413;0000;;0,231304;;
120414;0000;;0,570832;;
120415;0000;;0,253181;;
120416;0000;;0;;
120417;0000;;;;
120418;0000;;0,3075;;
120419;0000;;0,0454166;;
120420;0000;;0,0175;;
120421;0000;;0,0354166;;
120422;0000;;0,0599999;;
120423;0000;;;;
120424;0000;;;0;
120425;0000;;;0;
120426;0000;;;;
120427;0000;;;;
120428;0000;;;;
120429;0000;;;;
120430;0000;;;;
120501;0000;;;;
120502;0000;;;;
120503;0000;;;;
120504;0000;;0,163809;;
120505;0000;;0,111905;;
120506;0000;;;0,382916;
120507;0000;;;1,11833;
120508;0000;;;1,27368;
120509;0000;;;0,667083;
120510;0000;;;0,278749;
120511;0000;;;0,615832;
120512;0000;;;0,837082;
120513;0000;;1,52458;;
120514;0000;;1,1975;;
120515;0000;;0,272916;;
120516;0000;;0,365833;;
120517;0000;;0,28125;;
120518;0000;;0,124348;;
120519;0000;;;0,420416;
120520;0000;;;;
120521;0000;;;1,975;
120522;0000;;;;
120523;0000;;;0,852221;
120524;0000;;;1,14875;
120525;0000;;;0,655416;
120526;0000;;1,48667;;
120527;0000;;1,63416;;
120528;0000;;1,22444;;
120529;0000;;2,33041;;
120530;0000;;2,86041;;
120531;0000;;2,05708;;
120601;0000;;;0,392272;
120602;0000;;;0,387499;
120603;0000;;;0,979582;
120604;0000;;;;
120605;0000;;;2,13875;
120606;0000;;2,83458;;
120607;0000;;1,44;;
120608;0000;;;1,80208;
120609;0000;;;1,73666;
120610;0000;;;1,19417;
120611;0000;;;0,750833;
120612;0000;;0,397619;;
120613;0000;;0,316956;;
120614;0000;;1,46125;;
120615;0000;;;;
120616;0000;;0,190833;;
120617;0000;;0,00833333;;
120618;0000;;0,454583;;
120619;0000;;0;;
120620;0000;;0;;
120621;0000;;;;
120622;0000;;;;
120623;0000;;0;;
120624;0000;;0,770415;;
120625;0000;;0,943333;;
120626;0000;;0,02375;;
120627;0000;;0,0526086;;
120628;0000;;0;;
120629;0000;;0;;
120630;0000;;2,556;;
120701;0000;;;8,48665;
120702;0000;;;3,17416;
120703;0000;;;0,171;
120704;0000;;;;
120705;0000;;;;
120706;0000;;;;
120707;0000;;4,89708;;
120708;0000;;5,62416;;
120709;0000;;6,42124;;
120710;0000;;6,25291;;
120711;0000;;4,61749;;
120712;0000;;4,61681;;
120713;0000;;4,76652;;
120714;0000;;4,94958;;
120715;0000;;4,74708;;
120716;0000;;6,13166;;
120717;0000;;3,85999;;
120718;0000;;3,01541;;
120719;0000;;3,12041;;
120720;0000;;;;
120721;0000;;;;
120722;0000;;2,72667;;
120723;0000;;3,74541;;
120724;0000;;4,67041;;
120725;0000;;2,44583;;
120726;0000;;6,92094;;
120727;0000;;0,978332;;
120728;0000;;1,26333;;
120729;0000;;1,94636;;
120730;0000;;2,71958;;
120731;0000;;0,710416;;
120801;0000;;0,000416666;;
120802;0000;;0,0241666;;
120803;0000;;0,748332;;
120804;0000;;2,27625;;
120805;0000;;0,00333333;;
120806;0000;;2,13;;
120807;0000;;;;
120808;0000;;;;
120809;0000;;5,70348;;
120810;0000;;1,70708;;
120811;0000;;0,988332;;
120812;0000;;0,255;;
120813;0000;;0,106956;;
120814;0000;;0,0204166;;
120815;0000;;0,00375;;
120816;0000;;0,0533333;;
120817;0000;;0,215833;;
120818;0000;;0,381666;;
120819;0000;;0,386666;;
120820;0000;;0,17375;;
120821;0000;;0,303333;;
120822;0000;;0,269166;;
120823;0000;;0,946666;;
120824;0000;;1,14875;;
120825;0000;;1,425;;
120826;0000;;1,54208;;
120827;0000;;0,744165;;
120828;0000;;0,922082;;
120829;0000;;0,302917;;
120830;0000;;0,749582;;
120831;0000;;0,543332;;
120901;0000;;0,0125;;
120902;0000;;0;;
120903;0000;;0,116667;;
120904;0000;;0,329166;;
120905;0000;;0;;
120906;0000;;0;;
120907;0000;;0,0571428;;
120908;0000;;0;;
120909;0000;;0;;
120910;0000;;;;
120911;0000;;;;
120912;0000;;;;
120913;0000;;;;
120914;0000;;;;
120915;0000;;;;
120916;0000;;;;
120917;0000;;;;
120918;0000;;;;
120919;0000;;;;
120920;0000;;;;
120921;0000;;;;
120922;0000;;;;
120923;0000;;;;
120924;0000;;;;
120925;0000;;;;
120926;0000;;;;
120927;0000;;0;;
120928;0000;;0;;
120929;0000;;0,045;;
120930;0000;;0,0125;;
121001;0000;;3,14833;;
121002;0000;;2,85833;;
121003;0000;;2,74208;;
121004;0000;;2,59833;;
121005;0000;;2,81791;;
121006;0000;;2,86291;;
121007;0000;;2,59458;;
121008;0000;;2,57375;;
121009;0000;;1,33474;;
121010;0000;;;;
121011;0000;;2,16999;;
121012;0000;;2,14625;;
121013;0000;;2,07249;;
121014;0000;;2,23541;;
121015;0000;;2,13625;;
121016;0000;;2,11333;;
121017;0000;;2,12916;;
121018;0000;;2,01166;;
121019;0000;;2,02041;;
121020;0000;;;;
121021;0000;;;;
121022;0000;;;;
121023;0000;;;;
121024;0000;;;;
121025;0000;;;;
121026;0000;;;;
121027;0000;;;;
121028;0000;;;;
121029;0000;;;;
121030;0000;;;;
121031;0000;;;;
121101;0000;;;;
121102;0000;;;;
121103;0000;;;;
121104;0000;;;;
121105;0000;;;;
121106;0000;;;;
121107;0000;;;;
121108;0000;;;;
121109;0000;;;;
121110;0000;;;;
121111;0000;;;;
121112;0000;;;;
121113;0000;;;;
121114;0000;;;;
121115;0000;;;;
121116;0000;;;;
121117;0000;;;;
121118;0000;;;;
121119;0000;;;;
121120;0000;;;;
121121;0000;;;;
121122;0000;;;;
121123;0000;;;;
121124;0000;;;;
121125;0000;;;;
121126;0000;;;;
121127;0000;;;;
121128;0000;;;;
121129;0000;;;;
121130;0000;;;;
121201;0000;;;;
121202;0000;;;;
121203;0000;;;;
121204;0000;;;;
121205;0000;;;;
121206;0000;;;;
121207;0000;;;;
121208;0000;;;;
121209;0000;;;;
121210;0000;;;;
121211;0000;;;;
121212;0000;;;;
121213;0000;;;;
121214;0000;;;;
121215;0000;;;;
121216;0000;;;;
121217;0000;;;;
121218;0000;;;;
121219;0000;;;;
121220;0000;;;;
121221;0000;;;;
121222;0000;;;;
121223;0000;;;;
121224;0000;;;;
121225;0000;;;;
121226;0000;;;;
121227;0000;;;;
121228;0000;;;;
121229;0000;;;;
121230;0000;;;;
121231;0000;;;;
130101;0000;;;;
130102;0000;;;;
130103;0000;;;;
130104;0000;;;;
130105;0000;;;;
130106;0000;;;;
130107;0000;;;;
130108;0000;;;;
130109;0000;;0,301945;;
130110;0000;;0,363403;;
130111;0000;;2,56025;;
130112;0000;;2,60867;;
130113;0000;;2,82983;;
130114;0000;;2,81521;;
130115;0000;;2,81111;;
130116;0000;;2,78292;;
130117;0000;;2,76347;;
130118;0000;;2,68184;;
130119;0000;;2,34267;;
130120;0000;;2,37566;;
130121;0000;;2,66337;;
130122;0000;;2,66625;;
130123;0000;;2,88785;;
130124;0000;;2,96004;;
130125;0000;;3,50455;;
130126;0000;;3,35126;;
130127;0000;;3,32605;;
130128;0000;;3,25247;;
130129;0000;;3,40841;;
130130;0000;;3,1866;;
130131;0000;;3,39096;;
130201;0000;;;;
130202;0000;;;;
130203;0000;;;;
130204;0000;;;;
130205;0000;;;;
130206;0000;;;;
130207;0000;;;;
130208;0000;;;;
130209;0000;;;;
130210;0000;;;;
130211;0000;;;;
130212;0000;;;;
130213;0000;;;;
130214;0000;;;;
130215;0000;;;;
130216;0000;;;;
130217;0000;;;;
130218;0000;;;;
130219;0000;;;;
130220;0000;;;;
130221;0000;;;;
130222;0000;;;;
130223;0000;;;;
130224;0000;;;;
130225;0000;;;;
130226;0000;;;;
130227;0000;;;;
130228;0000;;;;
130301;0000;;2,5125;;
130302;0000;;2,5;;
130303;0000;;2,35;;
130304;0000;;2,47084;;
130305;0000;;2,4875;;
130306;0000;;2,75834;;
130307;0000;;2,79167;;
130308;0000;;2,17917;;
130309;0000;;2,37917;;
130310;0000;;2,32917;;
130311;0000;;2,4375;;
130312;0000;;2,5375;;
130313;0000;;2,64584;;
130314;0000;;2,54584;;
130315;0000;;3,1625;;
130316;0000;;3,00834;;
130317;0000;;2,82917;;
130318;0000;;2,92083;;
130319;0000;;2,675;;
130320;0000;;2,25834;;
130321;0000;;2,09584;;
130322;0000;;2,6875;;
130323;0000;;2,71667;;
130324;0000;;2,42083;;
130325;0000;;2,25417;;
130326;0000;;2,55417;;
130327;0000;;2,83334;;
130328;0000;;2,95;;
130329;0000;;2,8;;
130330;0000;;2,97917;;
130331;0000;;2,79565;;
130401;0000;0,775;;;
130402;0000;0,604166;;;
130403;0000;0,65;;;
130404;0000;0,3625;;;
130405;0000;0,5875;;;
130406;0000;1,27917;;;
130407;0000;1,1125;;;
130408;0000;1,4125;;;
130409;0000;0,999999;;;
130410;0000;0,695833;;;
130411;0000;1,6375;;;
130412;0000;1,6125;;;
130413;0000;2,05416;;;
130414;0000;1,9;;;
130415;0000;0,4625;;;
130416;0000;0,941667;;;
130417;0000;0,654166;;;
130418;0000;0,679167;;;
130419;0000;0,470833;;;
130420;0000;0,508333;;;
130421;0000;0,724999;;;
130422;0000;0,495833;;;
130423;0000;0,595833;;;
130424;0000;0,616667;;;
130425;0000;0,779166;;;
130426;0000;0,995833;;;
130427;0000;0,558333;;;
130428;0000;0,816667;;;
130429;0000;0,6375;;;
130430;0000;0,391666;;;
130501;0000;0,24875;;;
130502;0000;0,242986;;;
130503;0000;0,628993;;;
130504;0000;1,46219;;;
130505;0000;1,30569;;;
130506;0000;1,73927;;;
130507;0000;1,64569;;;
130508;0000;1,02715;;;
130509;0000;0,443472;;;
130510;0000;0,40434;;;
130511;0000;0,733819;;;
130512;0000;1,12851;;;
130513;0000;0,762362;;;
130514;0000;1,60906;;;
130515;0000;2,85233;;;
130516;0000;3,02432;;;
130517;0000;2,23618;;;
130518;0000;1,09941;;;
130519;0000;1,57184;;;
130520;0000;;;;
130521;0000;;;;
130522;0000;;;;
130523;0000;0,965486;;;
130524;0000;0,566709;;;
130525;0000;0,298993;;;
130526;0000;0,205312;;;
130527;0000;0,512917;;;
130528;0000;0,599826;;;
130529;0000;0,904792;;;
130530;0000;0,531563;;;
130531;0000;0,330278;;;
130601;0000;0,664618;;;
130602;0000;0,510486;;;
130603;0000;1,16879;;;
130604;0000;0,612256;;;
130605;0000;1,78489;;;
130606;0000;2,03847;;;
130607;0000;1,33524;;;
130608;0000;2,73063;;;
130609;0000;4,29764;;;
130610;0000;2,46333;;;
130611;0000;1,68358;;;
130612;0000;0,49198;;;
130613;0000;0,361944;;;
130614;0000;0,440208;;;
130615;0000;0,176424;;;
130616;0000;1,79663;;;
130617;0000;0,309792;;;
130618;0000;0,952188;;;
130619;0000;2,90736;;;
130620;0000;0,925973;;;
130621;0000;0,0999999;;;
130622;0000;1,36958;;;
130623;0000;1,77955;;;
130624;0000;0,765799;;;
130625;0000;0,703576;;;
130626;0000;0,0999999;;;
130627;0000;;;;
130628;0000;;;;
130629;0000;0,0999999;;;
130630;0000;0,0999999;;;
130701;0000;0,0999999;;;
130702;0000;;;;
130703;0000;;;;
130704;0000;0,227882;;;
130705;0000;0,271875;;;
130706;0000;0,229479;;;
130707;0000;0,791354;;;
130708;0000;0,131423;;;
130709;0000;0,0999999;;;
130710;0000;0,0999999;;;
130711;0000;0,0999999;;;
130712;0000;0,144236;;;
130713;0000;0,115521;;;
130714;0000;0,0999999;;;
130715;0000;0,0999999;;;
130716;0000;0,0999999;;;
130717;0000;0,40125;;;
130718;0000;0,519827;;;
130719;0000;0,0999999;;;
130720;0000;0,665173;;;
130721;0000;1,51618;;;
130722;0000;0,392882;;;
130723;0000;0,0995486;;;
130724;0000;0,179861;;;
130725;0000;0,0999999;;;
130726;0000;0,0999999;;;
130727;0000;0,0999999;;;
130728;0000;0,100278;;;
130729;0000;0,0999999;;;
130730;0000;0,0999999;;;
130731;0000;0,31743;;;
130801;0000;0,253734;;;
130802;0000;0,1;;;
130803;0000;0,1;;;
130804;0000;0,1;;;
130805;0000;0,1;;;
130806;0000;0,1;;;
130807;0000;0,1;;;
130808;0000;0,126563;;;
130809;0000;0,101979;;;
130810;0000;0,1;;;
130811;0000;0,1;;;
130812;0000;0,1;;;
130813;0000;0,1;;;
130814;0000;0,1;;;
130815;0000;0,1;;;
130816;0000;0,1;;;
130817;0000;0,104826;;;
130818;0000;0,1;;;
130819;0000;0,100606;;;
130820;0000;0,1;;;
130821;0000;0,1;;;
130822;0000;0,1;;;
130823;0000;0,1;;;
130824;0000;0,1;;;
130825;0000;0,111076;;;
130826;0000;0,1;;;
130827;0000;0,1;;;
130828;0000;0,1;;;
130829;0000;0,1;;;
130830;0000;0,1;;;
130831;0000;0,1;;;
130901;0000;0,1;;;
130902;0000;0,1;;;
130903;0000;0,1;;;
130904;0000;0,1;;;
130905;0000;0,1;;;
130906;0000;0,1;;;
130907;0000;0,1;;;
130908;0000;0,1;;;
130909;0000;0,1;;;
130910;0000;0,1;;;
130911;0000;0,1;;;
130912;0000;0,1;;;
130913;0000;0,1;;;
130914;0000;0,1;;;
130915;0000;0,1;;;
130916;0000;0,1;;;
130917;0000;0,1;;;
130918;0000;0,1;;;
130919;0000;0,1;;;
130920;0000;0,1;;;
130921;0000;0,1;;;
130922;0000;0,1;;;
130923;0000;0,1;;;
130924;0000;0,1;;;
130925;0000;0,1;;;
130926;0000;0,1;;;
130927;0000;0,1;;;
130928;0000;0,1;;;
130929;0000;0,1;;;
130930;0000;0,1;;;
131001;0000;0,247369;;;
131002;0000;0,1;;;
131003;0000;;;;
131004;0000;0,1125;;;
131005;0000;0,1;;;
131006;0000;0,108333;;;
131007;0000;0,1875;;;
131008;0000;0,358334;;;
131009;0000;0,204348;;;
131010;0000;0,1;;;
131011;0000;0,1;;;
131012;0000;0,120833;;;
131013;0000;0,283334;;;
131014;0000;0,329167;;;
131015;0000;0,1125;;;
131016;0000;0,108333;;;
131017;0000;0,141667;;;
131018;0000;0,175;;;
131019;0000;0,15;;;
131020;0000;0,129167;;;
131021;0000;0,2125;;;
131022;0000;0,470834;;;
131023;0000;0,433334;;;
131024;0000;0,395834;;;
131025;0000;0,1625;;;
131026;0000;0,116667;;;
131027;0000;0,120833;;;
131028;0000;0,1375;;;
131029;0000;0,1125;;;
131030;0000;0,125;;;
131031;0000;0,116667;;;
131101;0000;0,15;;;
131102;0000;0,116667;;;
131103;0000;0,1;;;
131104;0000;0,104545;;;
131105;0000;0,183334;;;
131106;0000;0,195833;;;
131107;0000;0,170834;;;
131108;0000;0,254167;;;
131109;0000;0,2;;;
131110;0000;0,145833;;;
131111;0000;0,158334;;;
131112;0000;0,195833;;;
131113;0000;0,141667;;;
131114;0000;0,15;;;
131115;0000;0,133333;;;
131116;0000;0,108333;;;
131117;0000;0,1;;;
131118;0000;0,1;;;
131119;0000;0,104167;;;
131120;0000;0,1;;;
131121;0000;0,1;;;
131122;0000;0,1;;;
131123;0000;0,170834;;;
131124;0000;0,117391;;;
131125;0000;0,125;;;
131126;0000;0,108333;;;
131127;0000;0,15;;;
131128;0000;0,15;;;
131129;0000;0,108333;;;
131130;0000;0,108333;;;
131201;0000;0,104167;;;
131202;0000;0,108333;;;
131203;0000;0,120833;;;
131204;0000;0,120833;;;
131205;0000;0,104167;;;
131206;0000;0,1;;;
131207;0000;0,104167;;;
131208;0000;0,154167;;;
131209;0000;0,1;;;
131210;0000;0,1;;;
131211;0000;0,1;;;
131212;0000;0,1;;;
131213;0000;0,1;;;
131214;0000;0,1;;;
131215;0000;0,1;;;
131216;0000;0,109091;;;
131217;0000;0,120833;;;
131218;0000;0,133333;;;
131219;0000;0,1125;;;
131220;0000;0,116667;;;
131221;0000;0,1375;;;
131222;0000;0,125;;;
131223;0000;0,139131;;;
131224;0000;0,104167;;;
131225;0000;0,104167;;;
131226;0000;0,104167;;;
131227;0000;0,108333;;;
131228;0000;0,1;;;
131229;0000;0,108333;;;
131230;0000;0,375;;;
131231;0000;0,182639;;;
140101;0000;0,147917;;;
140102;0000;0,101389;;;
140103;0000;0,104861;;;
140104;0000;0,100347;;;
140105;0000;0,102778;;;
140106;0000;0,104861;;;
140107;0000;0,103472;;;
140108;0000;0,104514;;;
140109;0000;0,139583;;;
140110;0000;0,153125;;;
140111;0000;0,108681;;;
140112;0000;0,1;;;
140113;0000;0,101389;;;
140114;0000;0,102083;;;
140115;0000;0,110417;;;
140116;0000;0,112847;;;
140117;0000;0,170486;;;
140118;0000;0,107986;;;
140119;0000;0,109028;;;
140120;0000;0,106111;;;
140121;0000;0,1;;;
140122;0000;0,129861;;;
140123;0000;0,107292;;;
140124;0000;0,148473;;;
140125;0000;0,1;;;
140126;0000;0,1;;;
140127;0000;0,103125;;;
140128;0000;0,101736;;;
140129;0000;0,101389;;;
140130;0000;0,120834;;;
140131;0000;0,100695;;;
140201;0000;0,109375;;;
140202;0000;0,123264;;;
140203;0000;0,118403;;;
140204;0000;0,132971;;;
140205;0000;0,115278;;;
140206;0000;0,146875;;;
140207;0000;0,118403;;;
140208;0000;0,109722;;;
140209;0000;0,1;;;
140210;0000;0,103472;;;
140211;0000;0,101389;;;
140212;0000;0,117361;;;
140213;0000;0,128472;;;
140214;0000;0,205209;;;
140215;0000;0,176389;;;
140216;0000;0,1;;;
140217;0000;0,1;;;
140218;0000;0,100347;;;
140219;0000;0,110764;;;
140220;0000;0,101389;;;
140221;0000;0,101389;;;
140222;0000;0,1;;;
140223;0000;0,1;;;
140224;0000;0,13125;;;
140225;0000;0,107986;;;
140226;0000;0,1;;;
140227;0000;0,1;;;
140228;0000;0,124653;;;
140301;0000;0,1;;;
140302;0000;0,115278;;;
140303;0000;0,101042;;;
140304;0000;0,138768;;;
140305;0000;0,1;;;
140306;0000;0,1;;;
140307;0000;0,1;;;
140308;0000;0,1;;;
140309;0000;0,1;;;
140310;0000;0,126812;;;
140311;0000;0,112153;;;
140312;0000;0,10382;;;
140313;0000;0,109722;;;
140314;0000;0,104514;;;
140315;0000;0,100347;;;
140316;0000;0,105209;;;
140317;0000;0,165625;;;
140318;0000;0,1625;;;
140319;0000;0,130903;;;
140320;0000;0,180903;;;
140321;0000;0,422917;;;
140322;0000;0,227084;;;
140323;0000;0,111111;;;
140324;0000;0,114236;;;
140325;0000;0,200695;;;
140326;0000;0,243751;;;
140327;0000;0,12882;;;
140328;0000;0,203473;;;
140329;0000;0,190625;;;
140330;0000;0,181945;;;
140331;0000;0,540973;;;
140401;0000;0,532293;;;
140402;0000;0,665974;;;
140403;0000;0,269792;;;
140404;0000;0,365625;;;
140405;0000;0,335418;;;
140406;0000;0,207639;;;
140407;0000;0,562571;;;
140408;0000;0,302083;;;
140409;0000;0,409376;;;
140410;0000;0,482292;;;
140411;0000;0,388542;;;
140412;0000;;;;
140413;0000;;;;
140414;0000;;;;
140415;0000;0,276389;;;
140416;0000;0,157986;;;
140417;0000;0,1;;;
140418;0000;0,578125;;;
140419;0000;1,09549;;;
140420;0000;1,02327;;;
140421;0000;0,214584;;;
140422;0000;0,134028;;;
140423;0000;0,15382;;;
140424;0000;0,589584;;;
140425;0000;1,35868;;;
140426;0000;0,438542;;;
140427;0000;1,04375;;;
140428;0000;1,28021;;;
140429;0000;1,43021;;;
140430;0000;0,217709;;;
140501;0000;1,10417;;;
140502;0000;0,512501;;;
140503;0000;0,170834;;;
140504;0000;0,6625;;;
140505;0000;0,829168;;;
140506;0000;0,283334;;;
140507;0000;0,2;;;
140508;0000;0,1625;;;
140509;0000;0,466668;;;
140510;0000;0,579167;;;
140511;0000;1,25417;;;
140512;0000;0,629168;;;
140513;0000;0,820834;;;
140514;0000;0,845835;;;
140515;0000;0,387501;;;
140516;0000;1,21667;;;
140517;0000;3,14584;;;
140518;0000;0,316667;;;
140519;0000;0,483334;;;
140520;0000;0,366667;;;
140521;0000;0,720835;;;
140522;0000;1,375;;;
140523;0000;2,00417;;;
140524;0000;1,87917;;;
140525;0000;0,812501;;;
140526;0000;0,700001;;;
140527;0000;1,2625;;;
140528;0000;0,375001;;;
140529;0000;0,533334;;;
140530;0000;0,300001;;;
140531;0000;0,158334;;;
140601;0000;0,1375;;;
140602;0000;0,108333;;;
140603;0000;0,495834;;;
140604;0000;0,391667;;;
140605;0000;0,462501;;;
140606;0000;0,304167;;;
140607;0000;0,245834;;;
140608;0000;0,300001;;;
140609;0000;0,520834;;;
140610;0000;0,129167;;;
140611;0000;0,962502;;;
140612;0000;1,0125;;;
140613;0000;0,3125;;;
140614;0000;0,241667;;;
140615;0000;1,07084;;;
140616;0000;1,8;;;
140617;0000;2,96667;;;
140618;0000;1,82084;;;
140619;0000;1,45417;;;
140620;0000;1,125;;;
140621;0000;0,120834;;;
140622;0000;0,216667;;;
140623;0000;0,991668;;;
140624;0000;2,64584;;;
140625;0000;3,24584;;;
140626;0000;0,716668;;;
140627;0000;1,7375;;;
140628;0000;1,72084;;;
140629;0000;0,275001;;;
140630;0000;0,404167;;;
140701;0000;0,505904;;;
140702;0000;0,498959;;;
140703;0000;0,536459;;;
140704;0000;0,708334;;;
140705;0000;0,92396;;;
140706;0000;0,653126;;;
140707;0000;0,807442;;;
140708;0000;1,95903;;;
140709;0000;3,2566;;;
140710;0000;2,02396;;;
140711;0000;0,895141;;;
140712;0000;0,339931;;;
140713;0000;0,46007;;;
140714;0000;0,177431;;;
140715;0000;0,379515;;;
140716;0000;0,427084;;;
140717;0000;1,33611;;;
140718;0000;1,98993;;;
140719;0000;2,44688;;;
140720;0000;1,15208;;;
140721;0000;0,57882;;;
140722;0000;1,19861;;;
140723;0000;2,20348;;;
140724;0000;0,784029;;;
140725;0000;0,556598;;;
140726;0000;0,827779;;;
140727;0000;0,16632;;;
140728;0000;0,443404;;;
140729;0000;0,517605;;;
140730;0000;0,603474;;;
140731;0000;0,31007;;;
140801;0000;0,236459;;;
140802;0000;0,220139;;;
140803;0000;0,637501;;;
140804;0000;1,15764;;;
140805;0000;0,295635;;;
140806;0000;0,507639;;;
140807;0000;1,02153;;;
140808;0000;0,843404;;;
140809;0000;0,856946;;;
140810;0000;1,46875;;;
140811;0000;0,589918;;;
140812;0000;2,25799;;;
140813;0000;2,50348;;;
140814;0000;2,27465;;;
140815;0000;0,959723;;;
140816;0000;0,924307;;;
140817;0000;1,26459;;;
140818;0000;1,07495;;;
140819;0000;0,717015;;;
140820;0000;0,741668;;;
140821;0000;0,852432;;;
140822;0000;0,642362;;;
140823;0000;0,261806;;;
140824;0000;0,507293;;;
140825;0000;0,855904;;;
140826;0000;1,10764;;;
140827;0000;0,95139;;;
140828;0000;0,457987;;;
140829;0000;0,550695;;;
140830;0000;0,477084;;;
140831;0000;0,499307;;;
140901;0000;0,136012;;;
140902;0000;0,215625;;;
140903;0000;0,759029;;;
140904;0000;1,27709;;;
140905;0000;0,161111;;;
140906;0000;0,214931;;;
140907;0000;0,204861;;;
140908;0000;;;0,413333;
140909;0000;;;0,173333;
140910;0000;;;1,27167;
140911;0000;1,8823;;;
140912;0000;0,461807;;;
140913;0000;0,960418;;;
140914;0000;0,564584;;;
140915;0000;0,583681;;;
140916;0000;0,302778;;;
140917;0000;0,606598;;;
140918;0000;0,227431;;;
140919;0000;0,41389;;;
140920;0000;0,267709;;;
140921;0000;0,145833;;;
140922;0000;0,205209;;;
140923;0000;0,367014;;;
140924;0000;0,251082;;;
140925;0000;0,478126;;;
140926;0000;0,370834;;;
140927;0000;0,26875;;;
140928;0000;0,162153;;;
140929;0000;0,362681;;;
140930;0000;0,287153;;;
141001;0000;0,542709;;;
141002;0000;0,401737;;;
141003;0000;0,201042;;;
141004;0000;0,252778;;;
141005;0000;0,551043;;;
141006;0000;0,700348;;;
141007;0000;0,180903;;;
141008;0000;0,349306;;;
141009;0000;0,526737;;;
141010;0000;0,913891;;;
141011;0000;0,274653;;;
141012;0000;0,264236;;;
141013;0000;0,460508;;;
141014;0000;0,310764;;;
141015;0000;0,155209;;;
141016;0000;0,164236;;;
141017;0000;0,14757;;;
141018;0000;0,340972;;;
141019;0000;0,200348;;;
141020;0000;0,171528;;;
141021;0000;0,186459;;;
141022;0000;0,130903;;;
141023;0000;0,152084;;;
141024;0000;0,218056;;;
141025;0000;0,212847;;;
141026;0000;0,106597;;;
141027;0000;0,161111;;;
141028;0000;0,121146;;;
141029;0000;0,102083;;;
141030;0000;0,226389;;;
141031;0000;0,362501;;;
141101;0000;0,209723;;;
141102;0000;0,327778;;;
141103;0000;0,441667;;;
141104;0000;0,529168;;;
141105;0000;0,194098;;;
141106;0000;0,123611;;;
141107;0000;0,169445;;;
141108;0000;0,258681;;;
141109;0000;0,100695;;;
141110;0000;0,179861;;;
141111;0000;0,156597;;;
141112;0000;0,158334;;;
141113;0000;0,130208;;;
141114;0000;0,1;;;
141115;0000;0,1;;;
141116;0000;0,1;;;
141117;0000;0,108681;;;
141118;0000;0,169445;;;
141119;0000;0,236111;;;
141120;0000;0,225;;;
141121;0000;0,151736;;;
141122;0000;0,189584;;;
141123;0000;0,213889;;;
141124;0000;0,152084;;;
141125;0000;0,132986;;;
141126;0000;0,103125;;;
141127;0000;0,139236;;;
141128;0000;0,145486;;;
141129;0000;0,111459;;;
141130;0000;0,126042;;;
141201;0000;0,152899;;;
141202;0000;0,232987;;;
141203;0000;0,124653;;;
141204;0000;0,172917;;;
141205;0000;0,115972;;;
141206;0000;0,223611;;;
141207;0000;0,169445;;;
141208;0000;0,1;;;
141209;0000;0,101736;;;
141210;0000;0,114583;;;
141211;0000;0,135417;;;
141212;0000;0,104861;;;
141213;0000;0,117014;;;
141214;0000;0,100347;;;
141215;0000;0,102174;;;
141216;0000;0,104861;;;
141217;0000;0,1;;;
141218;0000;0,101389;;;
141219;0000;0,127084;;;
141220;0000;0,132292;;;
141221;0000;0,156597;;;
141222;0000;0,102899;;;
141223;0000;0,10625;;;
141224;0000;0,114236;;;
141225;0000;0,103472;;;
141226;0000;0,110764;;;
141227;0000;0,129167;;;
141228;0000;0,139584;;;
141229;0000;0,127728;;;
141230;0000;0,14375;;;
141231;0000;0,204514;;;
150101;0000;0,324653;;;
150102;0000;0,102083;;;
150103;0000;0,101042;;;
150104;0000;0,1;;;
150105;0000;0,100347;;;
150106;0000;0,101087;;;
150107;0000;0,103819;;;
150108;0000;0,103819;;;
150109;0000;0,128472;;;
150110;0000;0,121528;;;
150111;0000;0,139583;;;
150112;0000;0,128819;;;
150113;0000;0,101042;;;
150114;0000;0,101736;;;
150115;0000;0,114583;;;
150116;0000;0,101736;;;
150117;0000;0,104861;;;
150118;0000;0,1;;;
150119;0000;0,122917;;;
150120;0000;0,172917;;;
150121;0000;0,107639;;;
150122;0000;0,1;;;
150123;0000;0,132292;;;
150124;0000;0,108333;;;
150125;0000;0,105208;;;
150126;0000;0,104167;;;
150127;0000;0,118056;;;
150128;0000;0,111458;;;
150129;0000;0,128472;;;
150130;0000;0,100347;;;
150131;0000;0,105208;;;
150201;0000;0,101042;;;
150202;0000;0,101736;;;
150203;0000;0,154712;;;
150204;0000;0,179861;;;
150205;0000;0,212153;;;
150206;0000;0,229167;;;
150207;0000;0,135417;;;
150208;0000;0,137153;;;
150209;0000;0,107292;;;
150210;0000;0,13507;;;
150211;0000;0,103472;;;
150212;0000;0,101042;;;
150213;0000;0,1125;;;
150214;0000;0,103125;;;
150215;0000;0,1;;;
150216;0000;0,148909;;;
150217;0000;0,13507;;;
150218;0000;0,12257;;;
150219;0000;0,147159;;;
150220;0000;0,204514;;;
150221;0000;0,171875;;;
150222;0000;0,138542;;;
150223;0000;0,153125;;;
150224;0000;0,158696;;;
150225;0000;0,175;;;
150226;0000;0,274306;;;
150227;0000;0,246876;;;
150228;0000;0,184375;;;
150301;0000;0,111806;;;
150302;0000;0,157247;;;
150303;0000;0,11875;;;
150304;0000;0,152083;;;
150305;0000;0,146181;;;
150306;0000;0,130903;;;
150307;0000;0,142014;;;
150308;0000;0,103125;;;
150309;0000;0,145652;;;
150310;0000;0,167014;;;
150311;0000;0,13125;;;
150312;0000;0,162847;;;
150313;0000;0,161111;;;
150314;0000;0,154514;;;
150315;0000;0,136111;;;
150316;0000;0,172826;;;
150317;0000;0,145139;;;
150318;0000;0,154514;;;
150319;0000;0,194097;;;
150320;0000;0,127084;;;
150321;0000;0,226389;;;
150322;0000;0,232292;;;
150323;0000;0,221528;;;
150324;0000;0,347464;;;
150325;0000;0,286111;;;
150326;0000;0,179514;;;
150327;0000;0,2125;;;
150328;0000;0,116667;;;
150329;0000;0,102431;;;
150330;0000;0,121528;;;
150331;0000;0,166667;;;
150401;0000;0,153986;;;
150402;0000;0,11875;;;
150403;0000;0,155208;;;
150404;0000;0,111111;;;
150405;0000;0,132986;;;
150406;0000;0,203472;;;
150407;0000;0,221014;;;
150408;0000;0,159375;;;
150409;0000;0,159375;;;
150410;0000;0,234028;;;
150411;0000;0,272223;;;
150412;0000;0,321875;;;
150413;0000;0,208795;;;
150414;0000;0,386459;;;
150415;0000;0,642362;;;
150416;0000;0,493403;;;
150417;0000;0,564585;;;
150418;0000;0,419792;;;
150419;0000;0,675;;;
150420;0000;0,488769;;;
150421;0000;1,08229;;;
150422;0000;2,00938;;;
150423;0000;1,57709;;;
150424;0000;1,00625;;;
150425;0000;0,394098;;;
150426;0000;0,86146;;;
150427;0000;0,609376;;;
150428;0000;0,437963;;;
150429;0000;0,278472;;;
150430;0000;0,864932;;;
150501;0000;0,549653;;;
150502;0000;0,986807;;;
150503;0000;0,663543;;;
150504;0000;0,777537;;;
150505;0000;1,61875;;;
150506;0000;1,83229;;;
150507;0000;1,84132;;;
150508;0000;0,275001;;;
150509;0000;0,296528;;;
150510;0000;0,9941;;;
150511;0000;;;1,02666;
150512;0000;;;0,04;
150513;0000;;;0,04;
150514;0000;;;0,04;
150515;0000;;;0,04;
150516;0000;;;0,04;
150517;0000;;;0,04;
150518;0000;;;0,04;
150519;0000;;;0,04;
150520;0000;;;0,04;
150521;0000;;;0,04;
150522;0000;;;0,04;
150523;0000;;;0,04;
150524;0000;;;0,04;
150525;0000;;;0,04;
150526;0000;;;0,04;
150527;0000;;;0,04;
150528;0000;;;0,04;
150529;0000;;;0,04;
150530;0000;;;0,04;
150531;0000;;;0,04;
150601;0000;;;0,04;
150602;0000;;;0,04;
150603;0000;;;0,04;
150604;0000;;;0,04;
150605;0000;;;0,04;
150606;0000;;;0,04;
150607;0000;;;0,04;
150608;0000;;;0,04;
150609;0000;;;0,04;
150610;0000;;;0,04;
150611;0000;;;0,04;
150612;0000;;;0,04;
150613;0000;;;0,04;
150614;0000;;;0,04;
150615;0000;;;0,04;
150616;0000;;;0,04;
150617;0000;;;0,04;
150618;0000;;;0,04;
150619;0000;;;;
150620;0000;;;;
150621;0000;;;;
150622;0000;;;;
150623;0000;;;;
150624;0000;;;;
150625;0000;;;;
150626;0000;;;;
150627;0000;;;;
150628;0000;;;;
150629;0000;;;;
150630;0000;;;;
150701;0000;;;;
150702;0000;;;;
150703;0000;;;;
150704;0000;;;;
150705;0000;;;;
150706;0000;;;;
150707;0000;;;;
150708;0000;;;;
150709;0000;;;;
150710;0000;;;;
150711;0000;;;;
150712;0000;;;;
150713;0000;;;;
150714;0000;;;;
150715;0000;;;;
150716;0000;;;;
150717;0000;;;;
150718;0000;;;;
150719;0000;;;;
150720;0000;;;;
150721;0000;;;;
150722;0000;;;;
150723;0000;;;;
150724;0000;;;;
150725;0000;;;;
150726;0000;;;;
150727;0000;;;;
150728;0000;;;;
150729;0000;;;;
150730;0000;;;;
150731;0000;;;;
150801;0000;;;;
150802;0000;0,424001;;;
150803;0000;1,12238;;;
150804;0000;1,05382;;;
150805;0000;0,266195;;;
150806;0000;0,598785;;;
150807;0000;0,593996;;;
150808;0000;0,794664;;;
150809;0000;0,51908;;;
150810;0000;1,76825;;;
150811;0000;2,16179;;;
150812;0000;2,14817;;;
150813;0000;1,58485;;;
150814;0000;0,645876;;;
150815;0000;0,931247;;;
150816;0000;1,68785;;;
150817;0000;0,517392;;;
150818;0000;0,480904;;;
150819;0000;0,950347;;;
150820;0000;0,547917;;;
150821;0000;0,318403;;;
150822;0000;0,329167;;;
150823;0000;0,373611;;;
150824;0000;0,375725;;;
150825;0000;0,215625;;;
150826;0000;0,361459;;;
150827;0000;0,221528;;;
150828;0000;0,17257;;;
150829;0000;0,561111;;;
150830;0000;0,473265;;;
150831;0000;0,473696;;;
150901;0000;0,861112;;;
150902;0000;0,856252;;;
150903;0000;0,577432;;;
150904;0000;0,856599;;;
150905;0000;0,464237;;;
150906;0000;;;0,0999999;
150907;0000;;;0,574999;
150908;0000;0,57889;;;
150909;0000;0,698404;;;
150910;0000;0,648821;;;
150911;0000;1,04764;;;
150912;0000;0,758057;;;
150913;0000;1,04007;;;
150914;0000;0,740364;;;
150915;0000;0,586112;;;
150916;0000;1,21757;;;
150917;0000;1,20257;;;
150918;0000;0,837987;;;
150919;0000;0,885765;;;
150920;0000;0,701182;;;
150921;0000;0,461806;;;
150922;0000;0,811876;;;
150923;0000;0,413116;;;
150924;0000;0,164931;;;
150925;0000;0,371181;;;
150926;0000;0,429514;;;
150927;0000;0,158681;;;
150928;0000;0,33913;;;
150929;0000;0,51632;;;
150930;0000;0,811807;;;
151001;0000;0,229861;;;
151002;0000;0,211111;;;
151003;0000;0,295139;;;
151004;0000;0,132986;;;
151005;0000;0,142361;;;
151006;0000;0,203299;;;
151007;0000;0,328102;;;
151008;0000;0,941884;;;
151009;0000;0,629171;;;
151010;0000;0,211653;;;
151011;0000;0,367747;;;
151012;0000;0,282809;;;
151013;0000;0,438091;;;
151014;0000;0,484751;;;
151015;0000;0,415146;;;
151016;0000;0,685764;;;
151017;0000;0,466945;;;
151018;0000;0,107569;;;
151019;0000;0,107464;;;
151020;0000;0,164236;;;
151021;0000;0,355903;;;
151022;0000;0,318125;;;
151023;0000;0,254097;;;
151024;0000;0,213611;;;
151025;0000;0,185486;;;
151026;0000;0,298986;;;
151027;0000;0,246042;;;
151028;0000;0,188334;;;
151029;0000;0,226736;;;
151030;0000;0,170834;;;
151031;0000;0,138125;;;
151101;0000;0,108542;;;
151102;0000;0,126667;;;
151103;0000;0,149792;;;
151104;0000;0,138333;;;
151105;0000;0,1;;;
151106;0000;0,1;;;
151107;0000;0,116736;;;
151108;0000;0,101736;;;
151109;0000;0,112536;;;
151110;0000;0,1;;;
151111;0000;0,104097;;;
151112;0000;0,122917;;;
151113;0000;0,130278;;;
151114;0000;0,105208;;;
151115;0000;0,1;;;
151116;0000;0,140218;;;
151117;0000;0,22882;;;
151118;0000;0,373959;;;
151119;0000;0,390278;;;
151120;0000;0,240973;;;
151121;0000;0,199653;;;
151122;0000;0,144444;;;
151123;0000;0,213768;;;
151124;0000;0,194792;;;
151125;0000;0,184375;;;
151126;0000;0,161111;;;
151127;0000;0,117754;;;
151128;0000;0,159028;;;
151129;0000;0,103472;;;
151130;0000;0,102431;;;
151201;0000;0,140278;;;
151202;0000;0,170139;;;
151203;0000;0,102083;;;
151204;0000;0,104924;;;
151205;0000;0,102083;;;
151206;0000;0,1;;;
151207;0000;0,1;;;
151208;0000;0,1;;;
151209;0000;0,1;;;
151210;0000;0,1;;;
151211;0000;0,1;;;
151212;0000;0,1;;;
151213;0000;0,122917;;;
151214;0000;0,102778;;;
151215;0000;0,128261;;;
151216;0000;0,1;;;
151217;0000;0,101389;;;
151218;0000;0,114931;;;
151219;0000;0,100694;;;
151220;0000;0,100694;;;
151221;0000;0,122464;;;
151222;0000;0,100694;;;
151223;0000;0,117361;;;
151224;0000;0,122569;;;
151225;0000;0,1;;;
151226;0000;0,100347;;;
151227;0000;0,107986;;;
151228;0000;0,101087;;;
151229;0000;0,112847;;;
151230;0000;0,101389;;;
151231;0000;0,125;;;
160101;0000;0,105903;;;
160102;0000;0,1;;;
160103;0000;0,1;;;
160104;0000;0,100695;;;
160105;0000;0,11875;;;
160106;0000;0,135764;;;
160107;0000;0,167361;;;
160108;0000;0,139931;;;
160109;0000;0,140973;;;
160110;0000;0,1;;;
160111;0000;0,105366;;;
160112;0000;0,101736;;;
160113;0000;0,11007;;;
160114;0000;0,1;;;
160115;0000;0,114583;;;
160116;0000;0,161413;;;
160117;0000;0,12758;;;
160118;0000;0,169925;;;
160119;0000;0,19732;;;
160120;0000;0,217392;;;
160121;0000;0,218743;;;
160122;0000;0,177354;;;
160123;0000;0,202466;;;
160124;0000;0,153337;;;
160125;0000;0,18574;;;
160126;0000;0,28267;;;
160127;0000;0,374035;;;
160128;0000;0,285376;;;
160129;0000;0,279976;;;
160130;0000;0,337414;;;
160131;0000;0,31081;;;
160201;0000;0,288452;;;
160202;0000;0,241139;;;
160203;0000;0,224941;;;
160204;0000;0,235309;;;
160205;0000;0,263258;;;
160206;0000;0,344844;;;
160207;0000;0,27049;;;
160208;0000;0,250254;;;
160209;0000;0,177216;;;
160210;0000;0,194854;;;
160211;0000;0,208962;;;
160212;0000;0,162684;;;
160213;0000;0,157757;;;
160214;0000;0,188556;;;
160215;0000;0,145761;;;
160216;0000;0,217028;;;
160217;0000;0,294521;;;
160218;0000;0,259334;;;
160219;0000;0,231395;;;
160220;0000;0,217761;;;
160221;0000;0,186219;;;
160222;0000;0,200358;;;
160223;0000;0,180884;;;
160224;0000;0,17258;;;
160225;0000;0,176639;;;
160226;0000;0,169483;;;
160227;0000;0,218369;;;
160228;0000;0,169448;;;
160229;0000;0,189789;;;
160301;0000;0,197074;;;
160302;0000;0,214091;;;
160303;0000;0,176983;;;
160304;0000;0,226691;;;
160305;0000;0,200865;;;
160306;0000;0,153288;;;
160307;0000;0,174375;;;
160308;0000;0,232721;;;
160309;0000;0,173973;;;
160310;0000;0,266608;;;
160311;0000;0,237625;;;
160312;0000;0,311747;;;
160313;0000;0,202216;;;
160314;0000;0,201841;;;
160315;0000;0,27362;;;
160316;0000;0,198958;;;
160317;0000;0,156945;;;
160318;0000;0,339237;;;
160319;0000;0,117708;;;
160320;0000;0,155903;;;
160321;0000;0,125;;;
160322;0000;0,156597;;;
160323;0000;0,111111;;;
160324;0000;0,14757;;;
160325;0000;0,349653;;;
160326;0000;0,189931;;;
160327;0000;0,125;;;
160328;0000;0,249638;;;
160329;0000;0,388889;;;
160330;0000;0,242362;;;
160331;0000;0,137153;;;
160401;0000;0,271875;;;
160402;0000;0,362848;;;
160403;0000;0,382639;;;
160404;0000;0,438889;;;
160405;0000;0,468056;;;
160406;0000;0,318182;;;
160407;0000;0,449306;;;
160408;0000;0,577431;;;
160409;0000;0,646181;;;
160410;0000;0,37257;;;
160411;0000;0,632293;;;
160412;0000;0,440626;;;
160413;0000;0,197102;;;
160414;0000;0,144444;;;
160415;0000;0,149306;;;
160416;0000;0,231597;;;
160417;0000;0,455904;;;
160418;0000;1,44131;;;
160419;0000;0,629862;;;
160420;0000;0,438195;;;
160421;0000;1,09445;;;
160422;0000;0,705903;;;
160423;0000;0,548265;;;
160424;0000;0,964931;;;
160425;0000;1,50486;;;
160426;0000;1,34861;;;
160427;0000;1,24722;;;
160428;0000;1,53804;;;
160429;0000;1,05695;;;
160430;0000;1,21458;;;
160501;0000;0,595487;;;
160502;0000;0,609723;;;
160503;0000;1,11875;;;
160504;0000;0,943183;;;
160505;0000;1,04827;;;
160506;0000;1,12257;;;
160507;0000;1,32674;;;
160508;0000;0,736459;;;
160509;0000;1,07355;;;
160510;0000;1,64479;;;
160511;0000;0,507986;;;
160512;0000;0,58507;;;
160513;0000;1,14097;;;
160514;0000;0,625695;;;
160515;0000;0,658682;;;
160516;0000;1,33225;;;
160517;0000;1,23264;;;
160518;0000;0,800695;;;
160519;0000;1,03715;;;
160520;0000;1,81424;;;
160521;0000;0,981252;;;
160522;0000;1,60209;;;
160523;0000;1,72535;;;
160524;0000;0,555903;;;
160525;0000;0,349638;;;
160526;0000;0,706251;;;
160527;0000;1,59861;;;
160528;0000;0,742015;;;
160529;0000;0,606598;;;
160530;0000;0,879711;;;
160531;0000;0,796876;;;
160601;0000;0,667709;;;
160602;0000;1,41841;;;
160603;0000;0,606598;;;
160604;0000;0,386112;;;
160605;0000;0,814932;;;
160606;0000;0,590742;;;
160607;0000;1,23264;;;
160608;0000;0,854863;;;
160609;0000;0,969446;;;
160610;0000;2,47813;;;
160611;0000;1,86945;;;
160612;0000;2,2323;;;
160613;0000;1,98229;;;
160614;0000;1,1257;;;
160615;0000;0,985509;;;
160616;0000;2,2382;;;
160617;0000;2,36285;;;
160618;0000;2,39618;;;
160619;0000;1,50452;;;
160620;0000;0,83264;;;
160621;0000;1,70382;;;
160622;0000;0,940279;;;
160623;0000;1,28116;;;
160624;0000;1,6941;;;
160625;0000;0,740626;;;
160626;0000;1,51459;;;
160627;0000;1,4934;;;
160628;0000;1,82222;;;
160629;0000;1,25174;;;
160630;0000;0,971016;;;
160701;0000;1,78195;;;
160702;0000;1,62882;;;
160703;0000;2,77744;;;
160704;0000;3,12848;;;
160705;0000;1,62639;;;
160706;0000;0,356945;;;
160707;0000;0,94514;;;
160708;0000;0,678262;;;
160709;0000;0,788196;;;
160710;0000;0,280556;;;
160711;0000;0,331884;;;
160712;0000;0,745487;;;
160713;0000;0,314584;;;
160714;0000;0,487153;;;
160715;0000;0,660418;;;
160716;0000;1,41424;;;
160717;0000;0,67882;;;
160718;0000;1,05972;;;
160719;0000;1,12222;;;
160720;0000;0,700001;;;
160721;0000;0,742709;;;
160722;0000;0,529514;;;
160723;0000;0,412848;;;
160724;0000;0,581251;;;
160725;0000;0,583681;;;
160726;0000;1,52188;;;
160727;0000;1,3066;;;
160728;0000;0,518404;;;
160729;0000;0,590973;;;
160730;0000;0,556598;;;
160731;0000;0,467015;;;
160801;0000;1,23577;;;
160802;0000;1,42153;;;
160803;0000;0,724654;;;
160804;0000;0,719445;;;
160805;0000;0,534673;;;
160806;0000;0,173264;;;
160807;0000;0,329514;;;
160808;0000;1,44341;;;
160809;0000;1,59344;;;
160810;0000;0,914585;;;
160811;0000;0,557987;;;
160812;0000;0,676738;;;
160813;0000;0,668751;;;
160814;0000;0,386906;;;
160815;0000;0,184722;;;
160816;0000;0,200348;;;
160817;0000;0,243403;;;
160818;0000;0,370834;;;
160819;0000;0,665279;;;
160820;0000;1,31389;;;
160821;0000;1,35834;;;
160822;0000;1,37535;;;
160823;0000;0,599752;;;
160824;0000;0,397223;;;
160825;0000;0,318403;;;
160826;0000;1,01042;;;
160827;0000;1,32292;;;
160828;0000;0,846529;;;
160829;0000;0,476043;;;
160830;0000;0,527084;;;
160831;0000;1,07604;;;
160901;0000;2,12188;;;
160902;0000;0,987155;;;
160903;0000;0,238195;;;
160904;0000;0,395139;;;
160905;0000;1,04023;;;
160906;0000;0,80139;;;
160907;0000;0,744099;;;
160908;0000;0,696181;;;
160909;0000;0,50764;;;
160910;0000;0,683681;;;
160911;0000;0,395834;;;
160912;0000;0,192361;;;
160913;0000;0,54896;;;
160914;0000;0,91389;;;
160915;0000;0,691668;;;
160916;0000;0,791564;;;
160917;0000;0,621876;;;
160918;0000;0,713543;;;
160919;0000;0,356597;;;
160920;0000;0,40764;;;
160921;0000;0,301042;;;
160922;0000;0,745834;;;
160923;0000;0,455904;;;
160924;0000;0,449306;;;
160925;0000;0,263889;;;
160926;0000;0,236459;;;
160927;0000;0,303125;;;
160928;0000;0,550694;;;
160929;0000;0,109028;;;
160930;0000;0,187385;;;
161001;0000;0,393751;;;
161002;0000;0,408334;;;
161003;0000;0,362501;;;
161004;0000;0,377431;;;
161005;0000;0,600348;;;
161006;0000;0,199306;;;
161007;0000;0,473959;;;
161008;0000;0,325695;;;
161009;0000;0,363195;;;
161010;0000;0,152778;;;
161011;0000;0,426389;;;
161012;0000;0,282044;;;
161013;0000;0,252084;;;
161014;0000;0,310764;;;
161015;0000;0,275379;;;
161016;0000;;0,59332;;
161017;0000;;0,810386;;
161018;0000;;1,17477;;
161019;0000;;0,852639;;
161020;0000;;0,710233;;
161021;0000;;0,763889;;
161022;0000;;0,986076;;
161023;0000;;0,753983;;
161024;0000;;0,708059;;
161025;0000;;0,606503;;
161026;0000;;0,617403;;
161027;0000;;0,737101;;
161028;0000;;0,601615;;
161029;0000;;0,63302;;
161030;0000;;0,603729;;
161031;0000;;0,79309;;
161101;0000;;0,865722;;
161102;0000;;0,745975;;
161103;0000;;0,660084;;
161104;0000;;0,626119;;
161105;0000;;0,606722;;
161106;0000;;0,643344;;
161107;0000;;0,6766;;
161108;0000;;0,704594;;
161109;0000;;0,866917;;
161110;0000;;0,787583;;
161111;0000;;0,729876;;
161112;0000;;0,711014;;
161113;0000;;0,707559;;
161114;0000;;0,718462;;
161115;0000;;1,18759;;
161116;0000;;1,09859;;
161117;0000;;0,549471;;
161118;0000;;0,296882;;
161119;0000;0,189198;;;
161120;0000;0,202695;;;
161121;0000;0,391505;;;
161122;0000;0,320205;;;
161123;0000;0,263084;;;
161124;0000;0,316209;;;
161125;0000;0,380876;;;
161126;0000;0,341219;;;
161127;0000;0,392237;;;
161128;0000;0,249889;;;
161129;0000;0,265452;;;
161130;0000;0,257542;;;
161201;0000;0,23424;;;
161202;0000;0,296845;;;
161203;0000;0,250237;;;
161204;0000;0,278292;;;
161205;0000;0,27281;;;
161206;0000;0,310077;;;
161207;0000;0,309404;;;
161208;0000;0,292921;;;
161209;0000;0,282848;;;
161210;0000;0,334139;;;
161211;0000;0,359462;;;
161212;0000;0,289282;;;
161213;0000;0,306222;;;
161214;0000;0,279306;;;
161215;0000;0,280587;;;
161216;0000;0,123264;;;
161217;0000;0,128125;;;
161218;0000;0,105209;;;
161219;0000;0,137599;;;
161220;0000;0,175348;;;
161221;0000;0,187153;;;
161222;0000;0,123611;;;
161223;0000;0,12257;;;
161224;0000;0,162153;;;
161225;0000;0,1375;;;
161226;0000;0,136459;;;
161227;0000;0,139855;;;
161228;0000;0,125232;;;
161229;0000;0,118056;;;
161230;0000;0,102778;;;
161231;0000;0,168403;;;
170101;0000;0,216667;;;
170102;0000;0,100347;;;
170103;0000;0,1;;;
170104;0000;0,1;;;
170105;0000;0,1;;;
170106;0000;0,1;;;
170107;0000;0,1;;;
170108;0000;0,1;;;
170109;0000;0,1;;;
170110;0000;0,1;;;
170111;0000;0,1;;;
170112;0000;0,1;;;
170113;0000;0,105;;;
170114;0000;0,107361;;;
170115;0000;0,102609;;;
170116;0000;;0,173705;;
170117;0000;;0,339698;;
170118;0000;;0,416052;;
170119;0000;;0,433128;;
170120;0000;;0,429549;;
170121;0000;;0,401306;;
170122;0000;;0,369458;;
170123;0000;;0,375125;;
170124;0000;;0,390948;;
170125;0000;;0,38466;;
170126;0000;;0,406358;;
170127;0000;;0,359096;;
170128;0000;;0,42108;;
170129;0000;;0,450024;;
170130;0000;;0,493726;;
170131;0000;;0,459543;;
170201;0000;;0,457788;;
170202;0000;;0,442889;;
170203;0000;;0,565323;;
170204;0000;;0,50193;;
170205;0000;;0,467309;;
170206;0000;;0,437613;;
170207;0000;;0,443167;;
170208;0000;;0,453774;;
170209;0000;;0,500834;;
170210;0000;;0,453548;;
170211;0000;;0,518854;;
170212;0000;;0,508663;;
170213;0000;;0,512672;;
170214;0000;;0,4414;;
170215;0000;;0,445042;;
170216;0000;;0,711094;;
170217;0000;;0,711532;;
170218;0000;;0,624503;;
170219;0000;;0,644472;;
170220;0000;;0,679159;;
170221;0000;;0,645913;;
170222;0000;;0,619295;;
170223;0000;;0,639711;;
170224;0000;;0,632177;;
170225;0000;;0,643858;;
170226;0000;;0,643024;;
170227;0000;;0,651073;;
170228;0000;;0,719708;;
170301;0000;;0,673073;;
170302;0000;;0,721337;;
170303;0000;;0,717851;;
170304;0000;;0,689092;;
170305;0000;;0,673775;;
170306;0000;;0,635675;;
170307;0000;;0,634469;;
170308;0000;;0,736899;;
170309;0000;;0,585927;;
170310;0000;;0,655643;;
170311;0000;;0,649275;;
170312;0000;;0,686757;;
170313;0000;;0,603868;;
170314;0000;;0,538434;;
170315;0000;;0,530514;;
170316;0000;0,426561;;;
170317;0000;0,499005;;;
170318;0000;0,328837;;;
170319;0000;0,313139;;;
170320;0000;0,373855;;;
170321;0000;0,437266;;;
170322;0000;0,479588;;;
170323;0000;0,456459;;;
170324;0000;0,634164;;;
170325;0000;0,700928;;;
170326;0000;0,439421;;;
170327;0000;0,396624;;;
170328;0000;0,330379;;;
170329;0000;0,302035;;;
170330;0000;0,360119;;;
170331;0000;0,308643;;;
170401;0000;0,433233;;;
170402;0000;0,470459;;;
170403;0000;0,540052;;;
170404;0000;0,476862;;;
170405;0000;0,648539;;;
170406;0000;0,870852;;;
170407;0000;0,794178;;;
170408;0000;0,902897;;;
170409;0000;1,11724;;;
170410;0000;0,632102;;;
170411;0000;0,461431;;;
170412;0000;0,559966;;;
170413;0000;0,66782;;;
170414;0000;1,0153;;;
170415;0000;0,734723;;;
170416;0000;0,706185;;;
170417;0000;0,55065;;;
170418;0000;0,608914;;;
170419;0000;0,541289;;;
170420;0000;0,583681;;;
170421;0000;0,775588;;;
170422;0000;0,936415;;;
170423;0000;1,01421;;;
170424;0000;0,794883;;;
170425;0000;0,572494;;;
170426;0000;0,730438;;;
170427;0000;0,55631;;;
170428;0000;0,55191;;;
170429;0000;0,577643;;;
170430;0000;0,735946;;;
170501;0000;0,1;;;
170502;0000;0,62;;;
170503;0000;1,26;;;
170504;0000;0,85;;;
170505;0000;0,3;;;
170506;0000;0,41;;;
170507;0000;0,59;;;
170508;0000;1,03;;;
170509;0000;1,76;;;
170510;0000;1,15;;;
170511;0000;0,49;;;
170512;0000;0,46;;;
170513;0000;0,55;;;
170514;0000;0,65;;;
170515;0000;1,23;;;
170516;0000;0,57;;;
170517;0000;0,74;;;
170518;0000;0,95;;;
170519;0000;1,06;;;
170520;0000;0,3;;;
170521;0000;0,2;;;
170522;0000;0,82;;;
170523;0000;1,46;;;
170524;0000;0,74;;;
170525;0000;0,8;;;
170526;0000;2,26;;;
170527;0000;0,69;;;
170528;0000;0,16;;;
170529;0000;0,15;;;
170530;0000;0,21;;;
170531;0000;0,75;;;
170601;0000;1,39;;;
170602;0000;0,75;;;
170603;0000;0,24;;;
170604;0000;0,67;;;
170605;0000;1,65;;;
170606;0000;0,4;;;
170607;0000;0,58;;;
170608;0000;0,82;;;
170609;0000;0,74;;;
170610;0000;0,79;;;
170611;0000;2,43;;;
170612;0000;1,92;;;
170613;0000;1,15;;;
170614;0000;0,49;;;
170615;0000;0,27;;;
170616;0000;0,46;;;
170617;0000;0,49;;;
170618;0000;1,85;;;
170619;0000;2,64;;;
170620;0000;0,69;;;
170621;0000;;;1,11;
170622;0000;;;3,42;
170623;0000;;;3,53;
170624;0000;;;2,95;
170625;0000;0,23;;;
170626;0000;0,82;;;
170627;0000;1,35;;;
170628;0000;1,48;;;
170629;0000;0,7;;;
170630;0000;0,88;;;
170701;0000;0,97;;;
170702;0000;0,92;;;
170703;0000;0,51;;;
170704;0000;0,95;;;
170705;0000;0,81;;;
170706;0000;1,12;;;
170707;0000;0,72;;;
170708;0000;0,59;;;
170709;0000;1,45;;;
170710;0000;2,48;;;
170711;0000;1,78;;;
170712;0000;0,31;;;
170713;0000;0,13;;;
170714;0000;0,16;;;
170715;0000;0,66;;;
170716;0000;2,22;;;
170717;0000;2,66;;;
170718;0000;2,25;;;
170719;0000;1,11;;;
170720;0000;0,88;;;
170721;0000;0,58;;;
170722;0000;0,5;;;
170723;0000;0,64;;;
170724;0000;0,52;;;
170725;0000;1,33;;;
170726;0000;0,51;;;
170727;0000;0,35;;;
170728;0000;0,27;;;
170729;0000;0,93;;;
170730;0000;1,47;;;
170731;0000;1,44;;;
170801;0000;1,21;;;
170802;0000;1,94;;;
170803;0000;2,85;;;
170804;0000;1,06;;;
170805;0000;0,2;;;
170806;0000;0,47;;;
170807;0000;0,54;;;
170808;0000;0,18;;;
170809;0000;0,26;;;
170810;0000;0,21;;;
170811;0000;0,59;;;
170812;0000;0,38;;;
170813;0000;0,43;;;
170814;0000;0,22;;;
170815;0000;0,65;;;
170816;0000;1,19;;;
170817;0000;0,59;;;
170818;0000;0,49;;;
170819;0000;0,85;;;
170820;0000;1,1;;;
170821;0000;0,77;;;
170822;0000;0,48;;;
170823;0000;0,23;;;
170824;0000;0,53;;;
170825;0000;1,04;;;
170826;0000;0,98;;;
170827;0000;0,89;;;
170828;0000;1,22;;;
170829;0000;2,19;;;
170830;0000;2,05;;;
170831;0000;1,51;;;
170901;0000;1,52;;;
170902;0000;1,41;;;
170903;0000;1,08;;;
170904;0000;1,53;;;
170905;0000;1,11;;;
170906;0000;1,01;;;
170907;0000;1,19;;;
170908;0000;1,07;;;
170909;0000;1,06;;;
170910;0000;0,86;;;
170911;0000;0,65;;;
170912;0000;0,87;;;
170913;0000;0,39;;;
170914;0000;0,66;;;
170915;0000;1,22;;;
170916;0000;1,02;;;
170917;0000;0,72;;;
170918;0000;0,4;;;
170919;0000;0,47;;;
170920;0000;0,53;;;
170921;0000;0,96;;;
170922;0000;0,89;;;
170923;0000;0,59;;;
170924;0000;0,8;;;
170925;0000;0,99;;;
170926;0000;0,65;;;
170927;0000;0,61;;;
170928;0000;0,51;;;
170929;0000;0,42;;;
170930;0000;0,33;;;
171001;0000;0,3;;;
171002;0000;0,31;;;
171003;0000;0,28;;;
171004;0000;0,27;;;
171005;0000;0,25;;;
171006;0000;0,33;;;
171007;0000;0,22;;;
171008;0000;0,18;;;
171009;0000;0,19;;;
171010;0000;0,44;;;
171011;0000;0,33;;;
171012;0000;0,27;;;
171013;0000;0,12;;;
171014;0000;0,13;;;
171015;0000;0,12;;;
171016;0000;0,28;;;
171017;0000;0,33;;;
171018;0000;0,26;;;
171019;0000;0,47;;;
171020;0000;0,23;;;
171021;0000;0,48;;;
171022;0000;0,22;;;
171023;0000;0,4;;;
171024;0000;0,32;;;
171025;0000;0,34;;;
171026;0000;0,26;;;
171027;0000;0,16;;;
171028;0000;0,15;;;
171029;0000;;;0,15;
171030;0000;0,24;;;
171031;0000;0,21;;;
171101;0000;0,26;;;
171102;0000;0,3;;;
171103;0000;0,33;;;
171104;0000;0,27;;;
171105;0000;0,2;;;
171106;0000;0,23;;;
171107;0000;0,21;;;
171108;0000;0,3;;;
171109;0000;0,25;;;
171110;0000;0,18;;;
171111;0000;0,18;;;
171112;0000;0,14;;;
171113;0000;0,15;;;
171114;0000;0,18;;;
171115;0000;0,18;;;
171116;0000;0,27;;;
171117;0000;0,1;;;
171118;0000;0,12;;;
171119;0000;0,11;;;
171120;0000;0,12;;;
171121;0000;0,14;;;
171122;0000;0,14;;;
171123;0000;0,13;;;
171124;0000;0,13;;;
171125;0000;0,19;;;
171126;0000;0,12;;;
171127;0000;0,19;;;
171128;0000;0,21;;;
171129;0000;0,14;;;
171130;0000;0,16;;;
171201;0000;0,16;;;
171202;0000;0,16;;;
171203;0000;0,15;;;
171204;0000;0,12;;;
171205;0000;0,11;;;
171206;0000;0,1;;;
171207;0000;0,14;;;
171208;0000;0,15;;;
171209;0000;0,14;;;
171210;0000;0,14;;;
171211;0000;0,19;;;
171212;0000;0,24;;;
171213;0000;0,19;;;
171214;0000;0,2;;;
171215;0000;0,2;;;
171216;0000;0,21;;;
171217;0000;0,23;;;
171218;0000;0,19;;;
171219;0000;0,18;;;
171220;0000;0,19;;;
171221;0000;0,22;;;
171222;0000;0,25;;;
171223;0000;0,2;;;
171224;0000;0,2;;;
171225;0000;0,2;;;
171226;0000;0,21;;;
171227;0000;0,23;;;
171228;0000;0,25;;;
171229;0000;0,23;;;
171230;0000;0,2;;;
171231;0000;0,21;;;
180101;0000;0,23;;;
180102;0000;0,19;;;
180103;0000;0,2;;;
180104;0000;0,19;;;
180105;0000;0,19;;;
180106;0000;0,21;;;
180107;0000;0,2;;;
180108;0000;0,22;;;
180109;0000;0,23;;;
180110;0000;0,21;;;
180111;0000;0,22;;;
180112;0000;0,21;;;
180113;0000;0,2;;;
180114;0000;0,21;;;
180115;0000;0,21;;;
180116;0000;0,2;;;
180117;0000;0,18;;;
180118;0000;0,21;;;
180119;0000;0,2;;;
180120;0000;0,18;;;
180121;0000;0,17;;;
180122;0000;0,16;;;
180123;0000;0,16;;;
180124;0000;0,16;;;
180125;0000;0,15;;;
180126;0000;0,17;;;
180127;0000;0,19;;;
180128;0000;0,17;;;
180129;0000;0,18;;;
180130;0000;0,16;;;
180131;0000;0,18;;;
180201;0000;0,18;;;
180202;0000;0,15;;;
180203;0000;0,14;;;
180204;0000;0,14;;;
180205;0000;0,16;;;
180206;0000;0,14;;;
180207;0000;0,14;;;
180208;0000;0,14;;;
180209;0000;0,14;;;
180210;0000;0,17;;;
180211;0000;0,12;;;
180212;0000;0,12;;;
180213;0000;0,12;;;
180214;0000;0,12;;;
180215;0000;0,14;;;
180216;0000;;;0,25;
180217;0000;;;0,4;
180218;0000;;;0,4;
180219;0000;;;0,5;
180220;0000;0,1;;;
180221;0000;0,1;;;
180222;0000;0,1;;;
180223;0000;0,1;;;
180224;0000;0,1;;;
180225;0000;0,1;;;
180226;0000;0,1;;;
180227;0000;0,1;;;
180228;0000;0,13;;;
180301;0000;0,17;;;
180302;0000;0,1;;;
180303;0000;0,11;;;
180304;0000;0,11;;;
180305;0000;0,11;;;
180306;0000;0,11;;;
180307;0000;0,13;;;
180308;0000;0,1;;;
180309;0000;0,11;;;
180310;0000;0,17;;;
180311;0000;0,12;;;
180312;0000;0,15;;;
180313;0000;0,11;;;
180314;0000;0,22;;;
180315;0000;0,28;;;
180316;0000;0,11;;;
180317;0000;0,16;;;
180318;0000;0,25;;;
180319;0000;0,34;;;
180320;0000;0,11;;;
180321;0000;0,1;;;
180322;0000;0,1;;;
180323;0000;0,11;;;
180324;0000;0,12;;;
180325;0000;0,2;;;
180326;0000;0,14;;;
180327;0000;0,1;;;
180328;0000;0,11;;;
180329;0000;0,1;;;
180330;0000;0,1;;;
180331;0000;0,1;;;
180401;0000;0,1;;;
180402;0000;0,1;;;
180403;0000;0,11;;;
180404;0000;0,18;;;
180405;0000;0,2;;;
180406;0000;0,4;;;
180407;0000;0,48;;;
180408;0000;0,58;;;
180409;0000;0,31;;;
180410;0000;0,18;;;
180411;0000;0,63;;;
180412;0000;0,37;;;
180413;0000;0,37;;;
180414;0000;0,64;;;
180415;0000;0,44;;;
180416;0000;0,53;;;
180417;0000;0,75;;;
180418;0000;0,98;;;
180419;0000;;;;
180420;0000;;;;
180421;0000;0,39;;;
180422;0000;0,54;;;
180423;0000;1,27;;;
180424;0000;0,86;;;
180425;0000;0,59;;;
180426;0000;0,45;;;
180427;0000;0,76;;;
180428;0000;1,14;;;
180429;0000;;;;
180430;0000;1,26;;;
180501;0000;0,41;;;
180502;0000;0,4;;;
180503;0000;0,59;;;
180504;0000;1,4;;;
180505;0000;1,05;;;
180506;0000;1,16;;;
180507;0000;1,25;;;
180508;0000;0,45;;;
180509;0000;0,54;;;
180510;0000;0,75;;;
180511;0000;1,03;;;
180512;0000;1,07;;;
180513;0000;0,28;;;
180514;0000;0,47;;;
180515;0000;1,08;;;
180516;0000;0,49;;;
180517;0000;0,17;;;
180518;0000;0,63;;;
180519;0000;0,64;;;
180520;0000;0,61;;;
180521;0000;1,85;;;
180522;0000;2,48;;;
180523;0000;2,53;;;
180524;0000;1,44;;;
180525;0000;0,67;;;
180526;0000;0,38;;;
180527;0000;0,57;;;
180528;0000;0,21;;;
180529;0000;0,81;;;
180530;0000;0,91;;;
180531;0000;1,54;;;
180601;0000;1,27;;;
180602;0000;1,72;;;
180603;0000;1,36;;;
180604;0000;0,85;;;
180605;0000;0,4;;;
180606;0000;1,44;;;
180607;0000;0,85;;;
180608;0000;0,55;;;
180609;0000;0,32;;;
180610;0000;0,3;;;
180611;0000;0,65;;;
180612;0000;1,26;;;
180613;0000;1,36;;;
180614;0000;0,54;;;
180615;0000;0,78;;;
180616;0000;2,51;;;
180617;0000;0,79;;;
180618;0000;1,3;;;
180619;0000;0,83;;;
180620;0000;0,52;;;
180621;0000;0,51;;;
180622;0000;0,47;;;
180623;0000;1,13;;;
180624;0000;1,2;;;
180625;0000;0,12;;;
180626;0000;0,16;;;
180627;0000;0,61;;;
180628;0000;0,88;;;
180629;0000;0,31;;;
180630;0000;0,28;;;
180701;0000;0,87;;;
180702;0000;0,81;;;
180703;0000;1,13;;;
180704;0000;0,1;;;
180705;0000;0,11;;;
180706;0000;0,24;;;
180707;0000;1,02;;;
180708;0000;1,58;;;
180709;0000;1,25;;;
180710;0000;0,67;;;
180711;0000;0,84;;;
180712;0000;0,5;;;
180713;0000;0,11;;;
180714;0000;0,26;;;
180715;0000;0,98;;;
180716;0000;0,81;;;
180717;0000;0,4;;;
180718;0000;0,83;;;
180719;0000;1,1;;;
180720;0000;0,71;;;
180721;0000;0,48;;;
180722;0000;0,91;;;
180723;0000;1,51;;;
180724;0000;1,33;;;
180725;0000;2,18;;;
180726;0000;1,6;;;
180727;0000;1,14;;;
180728;0000;0,79;;;
180729;0000;0,24;;;
180730;0000;0,92;;;
180731;0000;1,67;;;
180801;0000;2,27;;;
180802;0000;0,42;;;
180803;0000;0,45;;;
180804;0000;0,25;;;
180805;0000;0,12;;;
180806;0000;0,12;;;
180807;0000;0,65;;;
180808;0000;1,57;;;
180809;0000;1,85;;;
180810;0000;1,48;;;
180811;0000;0,69;;;
180812;0000;0,3;;;
180813;0000;0,58;;;
180814;0000;0,71;;;
180815;0000;1,12;;;
180816;0000;0,74;;;
180817;0000;0,18;;;
180818;0000;1,05;;;
180819;0000;1,6;;;
180820;0000;1,24;;;
180821;0000;0,48;;;
180822;0000;0,18;;;
180823;0000;0,28;;;
180824;0000;0,5;;;
180825;0000;0,54;;;
180826;0000;0,33;;;
180827;0000;0,81;;;
180828;0000;0,43;;;
180829;0000;0,27;;;
180830;0000;0,97;;;
180831;0000;0,85;;;
180901;0000;0,38;;;
180902;0000;0,39;;;
180903;0000;0,48;;;
180904;0000;0,64;;;
180905;0000;0,4;;;
180906;0000;0,74;;;
180907;0000;1,13;;;
180908;0000;1,19;;;
180909;0000;0,51;;;
180910;0000;0,53;;;
180911;0000;0,49;;;
180912;0000;0,41;;;
180913;0000;0,43;;;
180914;0000;0,37;;;
180915;0000;0,79;;;
180916;0000;0,39;;;
180917;0000;0,26;;;
180918;0000;0,28;;;
180919;0000;0,22;;;
180920;0000;0,14;;;
180921;0000;0,13;;;
180922;0000;0,11;;;
180923;0000;0,35;;;
180924;0000;0,51;;;
180925;0000;0,26;;;
180926;0000;0,53;;;
180927;0000;0,17;;;
180928;0000;0,2;;;
180929;0000;0,15;;;
180930;0000;0,22;;;
181001;0000;0,46;;;
181002;0000;0,38;;;
181003;0000;0,86;;;
181004;0000;0,51;;;
181005;0000;0,36;;;
181006;0000;0,18;;;
181007;0000;0,13;;;
181008;0000;0,12;;;
181009;0000;0,38;;;
181010;0000;0,6;;;
181011;0000;0,17;;;
181012;0000;0,45;;;
181013;0000;0,49;;;
181014;0000;0,18;;;
181015;0000;0,11;;;
181016;0000;0,12;;;
181017;0000;0,16;;;
181018;0000;0,14;;;
181019;0000;0,13;;;
181020;0000;0,17;;;
181021;0000;0,24;;;
181022;0000;0,37;;;
181023;0000;0,17;;;
181024;0000;0,29;;;
181025;0000;0,45;;;
181026;0000;0,16;;;
181027;0000;0,14;;;
181028;0000;0,13;;;
181029;0000;0,13;;;
181030;0000;0,15;;;
181031;0000;0,25;;;
181101;0000;0,2;;;
181102;0000;0,18;;;
181103;0000;0,22;;;
181104;0000;0,13;;;
181105;0000;0,27;;;
181106;0000;0,29;;;
181107;0000;0,14;;;
181108;0000;0,13;;;
181109;0000;0,15;;;
181110;0000;0,19;;;
181111;0000;0,23;;;
181112;0000;0,27;;;
181113;0000;0,12;;;
181114;0000;0,12;;;
181115;0000;0,1;;;
181116;0000;0,19;;;
181117;0000;0,21;;;
181118;0000;0,19;;;
181119;0000;0,13;;;
181120;0000;0,15;;;
181121;0000;0,1;;;
181122;0000;0,11;;;
181123;0000;0,1;;;
181124;0000;0,1;;;
181125;0000;0,1;;;
181126;0000;0,1;;;
181127;0000;0,1;;;
181128;0000;0,1;;;
181129;0000;0,1;;;
181130;0000;0,1;;;
181201;0000;0,1;;;
181202;0000;0,12;;;
181203;0000;0,1;;;
181204;0000;0,1;;;
181205;0000;0,1;;;
181206;0000;0,1;;;
181207;0000;0,13;;;
181208;0000;0,11;;;
181209;0000;0,2;;;
181210;0000;0,3;;;
181211;0000;0,18;;;
181212;0000;0,19;;;
181213;0000;0,18;;;
181214;0000;0,17;;;
181215;0000;0,21;;;
181216;0000;0,19;;;
181217;0000;0,17;;;
181218;0000;0,14;;;
181219;0000;0,1;;;
181220;0000;0,1;;;
181221;0000;0,1;;;
181222;0000;0,1;;;
181223;0000;0,1;;;
181224;0000;0,1;;;
181225;0000;0,1;;;
181226;0000;0,11;;;
181227;0000;0,15;;;
181228;0000;0,16;;;
181229;0000;0,24;;;
181230;0000;0,22;;;
181231;0000;;0,24;;
190101;0000;0,15;;;
190102;0000;0,15;;;
190103;0000;0,17;;;
190104;0000;0,2;;;
190105;0000;0,21;;;
190106;0000;0,2;;;
190107;0000;0,2;;;
190108;0000;0,16;;;
190109;0000;0,1;;;
190110;0000;0,11;;;
190111;0000;0,1;;;
190112;0000;0,1;;;
190113;0000;0,1;;;
190114;0000;0,1;;;
190115;0000;0,1;;;
190116;0000;0,1;;;
190117;0000;0,1;;;
190118;0000;0,1;;;
190119;0000;0,11;;;
190120;0000;0,12;;;
190121;0000;0,13;;;
190122;0000;0,1;;;
190123;0000;0,1;;;
190124;0000;;;;
190125;0000;;;;
190126;0000;;;0,1;
190127;0000;;;0,1;
190128;0000;;;;
190129;0000;0,1;;;
190130;0000;0,1;;;
190131;0000;;;;
190201;0000;;;;
190202;0000;;;0,12;
190203;0000;0,13;;;
190204;0000;0,4;;;
190205;0000;0,1;;;
190206;0000;0,1;;;
190207;0000;0,1;;;
190208;0000;;;;
190209;0000;0,1;;;
190210;0000;0,1;;;
190211;0000;0,1;;;
190212;0000;0,12;;;
190213;0000;0,12;;;
190214;0000;0,1;;;
190215;0000;0,13;;;
190216;0000;0,22;;;
190217;0000;0,13;;;
190218;0000;0,1;;;
190219;0000;0,1;;;
190220;0000;0,1;;;
190221;0000;0,13;;;
190222;0000;0,1;;;
190223;0000;0,1;;;
190224;0000;;;0,1;
190225;0000;;;0,1;
190226;0000;0,1;;;
190227;0000;0,1;;;
190228;0000;0,11;;;
190301;0000;0,11;;;
190302;0000;0,1;;;
190303;0000;0,1;;;
190304;0000;0,13;;;
190305;0000;0,17;;;
190306;0000;0,12;;;
190307;0000;0,1;;;
190308;0000;0,1;;;
190309;0000;0,12;;;
190310;0000;0,21;;;
190311;0000;0,1;;;
190312;0000;0,11;;;
190313;0000;0,1;;;
190314;0000;0,11;;;
190315;0000;0,1;;;
190316;0000;0,1;;;
190317;0000;0,1;;;
190318;0000;0,1;;;
190319;0000;0,17;;;
190320;0000;0,13;;;
190321;0000;0,1;;;
190322;0000;0,1;;;
190323;0000;0,14;;;
190324;0000;0,16;;;
190325;0000;0,18;;;
190326;0000;0,37;;;
190327;0000;0,26;;;
190328;0000;0,16;;;
190329;0000;0,16;;;
190330;0000;0,18;;;
190331;0000;0,14;;;
190401;0000;0,11;;;
190402;0000;0,12;;;
190403;0000;0,16;;;
190404;0000;0,19;;;
190405;0000;0,36;;;
190406;0000;0,2;;;
190407;0000;0,26;;;
190408;0000;0,17;;;
190409;0000;0,22;;;
190410;0000;0,13;;;
190411;0000;0,17;;;
190412;0000;0,17;;;
190413;0000;0,2;;;
190414;0000;0,56;;;
190415;0000;0,77;;;
190416;0000;0,58;;;
190417;0000;0,29;;;
190418;0000;0,3;;;
190419;0000;0,4;;;
190420;0000;0,8;;;
190421;0000;0,56;;;
190422;0000;0,4;;;
190423;0000;0,39;;;
190424;0000;0,82;;;
190425;0000;0,61;;;
190426;0000;0,43;;;
190427;0000;0,38;;;
190428;0000;0,27;;;
190429;0000;0,29;;;
190430;0000;1,48;;;
190501;0000;1,31;;;
190502;0000;2,7;;;
190503;0000;1,34;;;
190504;0000;0,29;;;
190505;0000;0,19;;;
190506;0000;0,12;;;
190507;0000;0,26;;;
190508;0000;0,44;;;
190509;0000;0,62;;;
190510;0000;0,84;;;
190511;0000;0,52;;;
190512;0000;0,88;;;
190513;0000;1,06;;;
190514;0000;1,74;;;
190515;0000;1,98;;;
190516;0000;1,49;;;
190517;0000;0,38;;;
190518;0000;0,64;;;
190519;0000;0,86;;;
190520;0000;1,05;;;
190521;0000;1,69;;;
190522;0000;1,39;;;
190523;0000;0,61;;;
190524;0000;1,27;;;
190525;0000;1,47;;;
190526;0000;1,02;;;
190527;0000;1,13;;;
190528;0000;1,34;;;
190529;0000;0,39;;;
190530;0000;0,12;;;
190531;0000;0,12;;;
190601;0000;0,19;;;
190602;0000;0,22;;;
190603;0000;0,68;;;
190604;0000;0,19;;;
190605;0000;0,19;;;
190606;0000;0,37;;;
190607;0000;0,49;;;
190608;0000;0,42;;;
190609;0000;0,23;;;
190610;0000;0,75;;;
190611;0000;1,1;;;
190612;0000;1,04;;;
190613;0000;0,36;;;
190614;0000;1,01;;;
190615;0000;1,49;;;
190616;0000;0,82;;;
190617;0000;1,37;;;
190618;0000;0,48;;;
190619;0000;1,62;;;
190620;0000;1,14;;;
190621;0000;0,47;;;
190622;0000;0,49;;;
190623;0000;0,23;;;
190624;0000;0,35;;;
190625;0000;0,24;;;
190626;0000;0,23;;;
190627;0000;0,59;;;
190628;0000;0,57;;;
190629;0000;0,51;;;
190630;0000;0,58;;;
190701;0000;1,21;;;
190702;0000;0,41;;;
190703;0000;0,46;;;
190704;0000;1,26;;;
190705;0000;1,93;;;
190706;0000;1,12;;;
190707;0000;0,2;;;
190708;0000;0,19;;;
190709;0000;0,13;;;
190710;0000;0,43;;;
190711;0000;0,44;;;
190712;0000;0,25;;;
190713;0000;0,39;;;
190714;0000;0,59;;;
190715;0000;1,87;;;
190716;0000;1;;;
190717;0000;0,4;;;
190718;0000;0,7;;;
190719;0000;0,33;;;
190720;0000;;;;
190721;0000;;;;
190722;0000;;;;
190723;0000;;;;
190724;0000;;;;
190725;0000;0,13;;;
190726;0000;0,52;;;
190727;0000;1,03;;;
190728;0000;0,1;;;
190729;0000;0,1;;;
190730;0000;0,1;;;
190731;0000;0,1;;;
190801;0000;0,27;;;
190802;0000;1,08;;;
190803;0000;2,16;;;
190804;0000;1,12;;;
190805;0000;0,1;;;
190806;0000;0,46;;;
190807;0000;0,54;;;
190808;0000;0,42;;;
190809;0000;0,99;;;
190810;0000;0,16;;;
190811;0000;0,1;;;
190812;0000;0,93;;;
190813;0000;1,67;;;
190814;0000;0,88;;;
190815;0000;0,43;;;
190816;0000;0,11;;;
190817;0000;0,11;;;
190818;0000;0,27;;;
190819;0000;0,52;;;
190820;0000;0,58;;;
190821;0000;0,51;;;
190822;0000;1,15;;;
190823;0000;0,51;;;
190824;0000;0,25;;;
190825;0000;0,22;;;
190826;0000;;;;
190827;0000;0,21;;;
190828;0000;0,38;;;
190829;0000;0,25;;;
190830;0000;0,34;;;
190831;0000;0,49;;;
190901;0000;0,59;;;
190902;0000;0,49;;;
190903;0000;0,79;;;
190904;0000;1;;;
190905;0000;0,65;;;
190906;0000;0,29;;;
190907;0000;0,24;;;
190908;0000;0,14;;;
190909;0000;0,28;;;
190910;0000;0,52;;;
190911;0000;0,59;;;
190912;0000;0,29;;;
190913;0000;0,17;;;
190914;0000;0,11;;;
190915;0000;0,19;;;
190916;0000;0,37;;;
190917;0000;0,2;;;
190918;0000;0,13;;;
190919;0000;0,2;;;
190920;0000;0,23;;;
190921;0000;0,28;;;
190922;0000;0,37;;;
190923;0000;0,17;;;
190924;0000;0,2;;;
190925;0000;0,11;;;
190926;0000;0,15;;;
190927;0000;0,14;;;
190928;0000;0,18;;;
190929;0000;0,15;;;
190930;0000;0,16;;;
191001;0000;0,36;;;
191002;0000;0,43;;;
191003;0000;0,23;;;
191004;0000;0,25;;;
191005;0000;0,37;;;
191006;0000;0,13;;;
191007;0000;0,18;;;
191008;0000;0,31;;;
191009;0000;0,27;;;
191010;0000;0,14;;;
191011;0000;0,21;;;
191012;0000;0,27;;;
191013;0000;0,16;;;
191014;0000;0,19;;;
191015;0000;0,14;;;
191016;0000;0,31;;;
191017;0000;0,17;;;
191018;0000;0,32;;;
191019;0000;0,19;;;
191020;0000;0,11;;;
191021;0000;;;;
191022;0000;;;;
191023;0000;0,11;;;
191024;0000;0,1;;;
191025;0000;0,11;;;
191026;0000;0,1;;;
191027;0000;0,12;;;
191028;0000;0,1;;;
191029;0000;0,2;;;
191030;0000;0,19;;;
191031;0000;0,12;;;
191101;0000;0,13;;;
191102;0000;0,3;;;
191103;0000;0,1;;;
191104;0000;0,12;;;
191105;0000;0,19;;;
191106;0000;0,11;;;
191107;0000;0,13;;;
191108;0000;0,11;;;
191109;0000;0,15;;;
191110;0000;0,15;;;
191111;0000;0,14;;;
191112;0000;0,12;;;
191113;0000;0,13;;;
191114;0000;0,15;;;
191115;0000;0,14;;;
191116;0000;0,1;;;
191117;0000;0,1;;;
191118;0000;;;;
191119;0000;;;;
191120;0000;0,1;;;
191121;0000;0,1;;;
191122;0000;;;;
191123;0000;0,1;;;
191124;0000;0,1;;;
191125;0000;;;;
191126;0000;0,12;;;
191127;0000;0,11;;;
191128;0000;0,1;;;
191129;0000;0,19;;;
191130;0000;0,21;;;
191201;0000;0,14;;;
191202;0000;0,1;;;
191203;0000;0,1;;;
191204;0000;0,1;;;
191205;0000;0,1;;;
191206;0000;0,1;;;
191207;0000;;;0,1;
191208;0000;;;0,1;
191209;0000;;;;
191210;0000;;;;
191211;0000;0,1;;;
191212;0000;0,11;;;
191213;0000;0,1;;;
191214;0000;0,1;;;
191215;0000;0,1;;;
191216;0000;0,1;;;
191217;0000;0,1;;;
191218;0000;;;;
191219;0000;0,1;;;
191220;0000;0,1;;;
191221;0000;0,1;;;
191222;0000;0,1;;;
191223;0000;;;;
191224;0000;;;;
191225;0000;0,12;;;
191226;0000;0,1;;;
191227;0000;0,11;;;
191228;0000;0,11;;;
191229;0000;0,1;;;
191230;0000;0,1;;;
191231;0000;;;;
200101;0000;0,1;;;
200102;0000;0,1;;;
200103;0000;0,1;;;
200104;0000;0,1;;;
200105;0000;0,1;;;
200106;0000;0,1;;;
200107;0000;0,11;;;
200108;0000;0,1;;;
200109;0000;0,11;;;
200110;0000;0,11;;;
200111;0000;0,1;;;
200112;0000;0,1;;;
200113;0000;0,1;;;
200114;0000;0,1;;;
200115;0000;0,1;;;
200116;0000;0,1;;;
200117;0000;0,1;;;
200118;0000;0,1;;;
200119;0000;0,1;;;
200120;0000;0,1;;;
200121;0000;0,11;;;
200122;0000;0,11;;;
200123;0000;0,11;;;
200124;0000;0,12;;;
200125;0000;0,14;;;
200126;0000;0,12;;;
200127;0000;0,12;;;
200128;0000;0,1;;;
200129;0000;0,1;;;
200130;0000;0,11;;;
200131;0000;0,11;;;
200201;0000;0,14;;;
200202;0000;0,18;;;
200203;0000;0,16;;;
200204;0000;0,14;;;
200205;0000;0,14;;;
200206;0000;0,11;;;
200207;0000;0,12;;;
200208;0000;0,12;;;
200209;0000;0,1;;;
200210;0000;0,12;;;
200211;0000;0,15;;;
200212;0000;0,17;;;
200213;0000;0,18;;;
200214;0000;;;;
200215;0000;;;;
200216;0000;0,1;;;
200217;0000;0,1;;;
200218;0000;0,1;;;
200219;0000;0,1;;;
200220;0000;0,12;;;
200221;0000;0,18;;;
200222;0000;0,16;;;
200223;0000;0,1;;;
200224;0000;0,15;;;
200225;0000;0,2;;;
200226;0000;0,21;;;
200227;0000;0,22;;;
200228;0000;0,21;;;
200229;0000;0,24;;;
200301;0000;0,23;;;
200302;0000;0,22;;;
200303;0000;0,25;;;
200304;0000;0,19;;;
200305;0000;0,19;;;
200306;0000;0,21;;;
200307;0000;0,11;;;
200308;0000;0,12;;;
200309;0000;0,14;;;
200310;0000;0,15;;;
200311;0000;0,16;;;
200312;0000;0,17;;;
200313;0000;0,13;;;
200314;0000;0,11;;;
200315;0000;0,13;;;
200316;0000;0,14;;;
200317;0000;0,13;;;
200318;0000;0,13;;;
200319;0000;0,16;;;
200320;0000;0,12;;;
200321;0000;0,1;;;
200322;0000;0,12;;;
200323;0000;0,12;;;
200324;0000;0,1;;;
200325;0000;0,1;;;
200326;0000;0,1;;;
200327;0000;0,1;;;
200328;0000;0,11;;;
200329;0000;0,11;;;
200330;0000;0,1;;;
200331;0000;0,1;;;
200401;0000;0,1;;;
200402;0000;0,1;;;
200403;0000;0,1;;;
200404;0000;0,1;;;
200405;0000;0,1;;;
200406;0000;0,13;;;
200407;0000;0,1;;;
200408;0000;0,1;;;
200409;0000;0,1;;;
200410;0000;0,11;;;
200411;0000;0,1;;;
200412;0000;0,2;;;
200413;0000;0,29;;;
200414;0000;0,36;;;
200415;0000;0,31;;;
200416;0000;0,22;;;
200417;0000;0,11;;;
200418;0000;0,1;;;
200419;0000;0,11;;;
200420;0000;0,26;;;
200421;0000;0,33;;;
200422;0000;0,52;;;
200423;0000;0,38;;;
200424;0000;0,1;;;
200425;0000;0,1;;;
200426;0000;0,1;;;
200427;0000;0,13;;;
200428;0000;0,48;;;
200429;0000;0,58;;;
200430;0000;0,57;;;
200501;0000;0,61;;;
200502;0000;0,28;;;
200503;0000;0,22;;;
200504;0000;0,39;;;
200505;0000;0,75;;;
200506;0000;0,65;;;
200507;0000;0,83;;;
200508;0000;0,31;;;
200509;0000;0,1;;;
200510;0000;0,22;;;
200511;0000;0,44;;;
200512;0000;0,56;;;
200513;0000;0,48;;;
200514;0000;0,35;;;
200515;0000;0,17;;;
200516;0000;0,13;;;
200517;0000;0,4;;;
200518;0000;0,16;;;
200519;0000;0,25;;;
200520;0000;0,59;;;
200521;0000;0,57;;;
200522;0000;0,83;;;
200523;0000;0,7;;;
200524;0000;0,4;;;
200525;0000;0,49;;;
200526;0000;0,51;;;
200527;0000;0,28;;;
200528;0000;0,32;;;
200529;0000;0,83;;;
200530;0000;1,37;;;
200531;0000;1,05;;;
200601;0000;0,78;;;
200602;0000;0,75;;;
200603;0000;1,38;;;
200604;0000;0,99;;;
200605;0000;0,38;;;
200606;0000;0,29;;;
200607;0000;0,27;;;
200608;0000;0,3;;;
200609;0000;0,14;;;
200610;0000;0,1;;;
200611;0000;0,1;;;
200612;0000;0,38;;;
200613;0000;0,52;;;
200614;0000;0,96;;;
200615;0000;0,2;;;
200616;0000;0,21;;;
200617;0000;0,32;;;
200618;0000;0,1;;;
200619;0000;0,13;;;
200620;0000;0,13;;;
200621;0000;0,19;;;
200622;0000;0,29;;;
200623;0000;0,25;;;
200624;0000;0,22;;;
200625;0000;0,41;;;
200626;0000;0,14;;;
200627;0000;0,35;;;
200628;0000;0,1;;;
200629;0000;0,39;;;
200630;0000;0,15;;;
200701;0000;0,38;;;
200702;0000;0,66;;;
200703;0000;0,29;;;
200704;0000;0,3;;;
200705;0000;0,65;;;
200706;0000;1,04;;;
200707;0000;0,25;;;
200708;0000;0,29;;;
200709;0000;0,1;;;
200710;0000;0,18;;;
200711;0000;0,12;;;
200712;0000;0,15;;;
200713;0000;0,77;;;
200714;0000;0,89;;;
200715;0000;1,48;;;
200716;0000;1,17;;;
200717;0000;0,12;;;
200718;0000;0,15;;;
200719;0000;0,16;;;
200720;0000;0,16;;;
200721;0000;0,13;;;
200722;0000;0,6;;;
200723;0000;0,65;;;
200724;0000;0,28;;;
200725;0000;0,1;;;
200726;0000;0,2;;;
200727;0000;0,9;;;
200728;0000;1,48;;;
200729;0000;1,18;;;
200730;0000;0,62;;;
200731;0000;;;;
200801;0000;;;;
200802;0000;;;;
200803;0000;0,56;;;
200804;0000;0,51;;;
200805;0000;0,31;;;
200806;0000;0,76;;;
200807;0000;1,38;;;
200808;0000;0,75;;;
200809;0000;0,3;;;
200810;0000;0,5;;;
200811;0000;0,61;;;
200812;0000;0,66;;;
200813;0000;0,2;;;
200814;0000;0,32;;;
200815;0000;0,33;;;
200816;0000;0,37;;;
200817;0000;0,31;;;
200818;0000;0,64;;;
200819;0000;0,94;;;
200820;0000;0,5;;;
200821;0000;0,84;;;
200822;0000;1,21;;;
200823;0000;0,27;;;
200824;0000;0,11;;;
200825;0000;0,1;;;
200826;0000;0,12;;;
200827;0000;0,21;;;
200828;0000;0,41;;;
200829;0000;1,22;;;
200830;0000;0,84;;;
200831;0000;0,61;;;
200901;0000;0,83;;;
200902;0000;0,32;;;
200903;0000;0,44;;;
200904;0000;0,87;;;
200905;0000;0,97;;;
200906;0000;0,83;;;
200907;0000;0,75;;;
200908;0000;;;0,9;
200909;0000;;;1,07;
200910;0000;;;1,25;
200911;0000;;;1,36;
200912;0000;;;1,54;
200913;0000;;;1,68;
200914;0000;;;1,74;
200915;0000;;;1,69;
200916;0000;;;0,69;
200917;0000;0,26;;;
200918;0000;0,43;;;
200919;0000;0,4;;;
200920;0000;0,22;;;
200921;0000;0,13;;;
200922;0000;0,22;;;
200923;0000;0,32;;;
200924;0000;0,49;;;
200925;0000;0,59;;;
200926;0000;0,46;;;
200927;0000;0,6;;;
200928;0000;0,69;;;
200929;0000;;;0,65;
200930;0000;;;0,83;
201001;0000;;;1,1;
201002;0000;;;0,62;
201003;0000;0,43;;;
201004;0000;0,38;;;
201005;0000;0,53;;;
201006;0000;0,61;;;
201007;0000;0,65;;;
201008;0000;;;0,75;
201009;0000;;;0,86;
201010;0000;;;0,82;
201011;0000;;;0,85;
201012;0000;;;0,91;
201013;0000;;;1;
201014;0000;;;1,07;
201015;0000;;;1,13;
201016;0000;;;0,77;
201017;0000;0,34;;;
201018;0000;0,36;;;
201019;0000;0,4;;;
201020;0000;0,41;;;
201021;0000;0,46;;;
201022;0000;0,28;;;
201023;0000;0,1;;;
201024;0000;0,23;;;
201025;0000;0,24;;;
201026;0000;0,17;;;
201027;0000;0,12;;;
201028;0000;0,18;;;
201029;0000;;;0,22;
201030;0000;;;0,28;
201031;0000;;;0,39;
201101;0000;;;0,47;
201102;0000;;;0,47;
201103;0000;;;0,56;
201104;0000;;;0,52;
201105;0000;;;0,55;
201106;0000;;;0,57;
201107;0000;;;0,64;
201108;0000;;;0,68;
201109;0000;;;0,79;
201110;0000;;;0,89;
201111;0000;;;0,52;
201112;0000;;;0,22;
201113;0000;;;0,29;
201114;0000;;;0,25;
201115;0000;;;0,23;
201116;0000;;;0,29;
201117;0000;;;0,39;
201118;0000;;;0,51;
201119;0000;;;0,6;
201120;0000;;;0,71;
201121;0000;;;0,58;
201122;0000;;;0,46;
201123;0000;;;0,41;
201124;0000;;;0,59;
201125;0000;;;0,61;
201126;0000;;;0,55;
201127;0000;;;0,64;
201128;0000;;;0,84;
201129;0000;;;0,68;
201130;0000;;;0,74;
201201;0000;;;0,8;
201202;0000;;;0,85;
201203;0000;;;0,79;
201204;0000;;;0,88;
201205;0000;;;1,03;
201206;0000;;;1,13;
201207;0000;;;1,17;
201208;0000;;;1,22;
201209;0000;;;1,27;
201210;0000;;;1,36;
201211;0000;;;0,7;
201212;0000;0,22;;;
201213;0000;0,12;;;
201214;0000;0,23;;;
201215;0000;0,12;;;
201216;0000;0,15;;;
201217;0000;;;0,31;
201218;0000;;;0,52;
201219;0000;;;0,56;
201220;0000;;;0,53;
201221;0000;;;0,55;
201222;0000;;;0,65;
201223;0000;;;0,73;
201224;0000;;;0,83;
201225;0000;;;0,98;
201226;0000;;;1,12;
201227;0000;;;1,19;
201228;0000;;;1,25;
201229;0000;;;1,15;
201230;0000;;;0,66;
201231;0000;;;0,59;
210101;0000;;;0,72;
210102;0000;;;0,77;
210103;0000;;;0,88;
210104;0000;;;0,69;
210105;0000;;;0,92;
210106;0000;;;0,95;
210107;0000;;;1,05;
210108;0000;;;0,88;
210109;0000;;;0,95;
210110;0000;;;1,18;
210111;0000;;;1,08;
210112;0000;;;;
210113;0000;;;;
210114;0000;0,1;;;
210115;0000;0,1;;;
210116;0000;0,1;;;
210117;0000;0,1;;;
210118;0000;;0,1;;
210119;0000;;0,1;;
210120;0000;0,1;;;
210121;0000;0,1;;;
210122;0000;;0,1;;
210123;0000;;0,1;;
210124;0000;;;0,1;
210125;0000;0,1;;;
210126;0000;0,1;;;
210127;0000;0,1;;;
210128;0000;0,17;;;
210129;0000;0,16;;;
210130;0000;0,12;;;
210131;0000;0,11;;;
210201;0000;0,1;;;
210202;0000;0,11;;;
210203;0000;0,11;;;
210204;0000;0,11;;;
210205;0000;0,12;;;
210206;0000;0,1;;;
210207;0000;0,1;;;
210208;0000;0,1;;;
210209;0000;;0,1;;
210210;0000;;0,11;;
210211;0000;0,1;;;
210212;0000;0,1;;;
210213;0000;;0,1;;
210214;0000;;0,1;;
210215;0000;;;0,1;
210216;0000;0,1;;;
210217;0000;0,1;;;
210218;0000;0,1;;;
210219;0000;0,1;;;
210220;0000;0,1;;;
210221;0000;0,1;;;
210222;0000;;0,1;;
210223;0000;;0,1;;
210224;0000;0,1;;;
210225;0000;0,1;;;
210226;0000;;0,1;;
210227;0000;0,1;;;
210228;0000;0,1;;;
210301;0000;;0,1;;
210302;0000;;0,1;;
210303;0000;;0,1;;
210304;0000;0,1;;;
210305;0000;0,1;;;
210306;0000;0,1;;;
210307;0000;0,1;;;
210308;0000;;0,1;;
210309;0000;;0,11;;
210310;0000;0,11;;;
210311;0000;0,11;;;
210312;0000;0,1;;;
210313;0000;0,1;;;
210314;0000;0,1;;;
210315;0000;;0,1;;
210316;0000;0,1;;;
210317;0000;0,11;;;
210318;0000;0,12;;;
210319;0000;0,11;;;
210320;0000;0,1;;;
210321;0000;0,1;;;
210322;0000;0,1;;;
210323;0000;;0,1;;
210324;0000;;0,1;;
210325;0000;;0,11;;
210326;0000;0,14;;;
210327;0000;0,14;;;
210328;0000;0,11;;;
210329;0000;0,3;;;
210330;0000;0,38;;;
210331;0000;0,32;;;
210401;0000;0,25;;;
210402;0000;0,24;;;
210403;0000;0,34;;;
210404;0000;0,38;;;
210405;0000;0,21;;;
210406;0000;0,43;;;
210407;0000;0,4;;;
210408;0000;0,39;;;
210409;0000;0,47;;;
210410;0000;0,5;;;
210411;0000;0,35;;;
210412;0000;0,36;;;
210413;0000;0,16;;;
210414;0000;0,19;;;
210415;0000;0,25;;;
210416;0000;0,22;;;
210417;0000;0,36;;;
210418;0000;0,3;;;
210419;0000;0,25;;;
210420;0000;0,22;;;
210421;0000;0,19;;;
210422;0000;0,45;;;
210423;0000;0,49;;;
210424;0000;0,28;;;
210425;0000;0,36;;;
210426;0000;;;0,56;
210427;0000;;;1,12;
210428;0000;0,3;;;
210429;0000;;;3,43;
210430;0000;0,19;;;
210501;0000;0,2;;;
210502;0000;;;30,01;
210503;0000;;;;
210504;0000;;;;
210505;0000;;;;
210506;0000;1,18;;;
210507;0000;0,91;;;
210508;0000;0,29;;;
210509;0000;0,24;;;
210510;0000;0,35;;;
210511;0000;1,1;;;
210512;0000;1,18;;;
210513;0000;1,11;;;
210514;0000;0,81;;;
210515;0000;0,51;;;
210516;0000;0,76;;;
210517;0000;1,38;;;
210518;0000;0,23;;;
210519;0000;0,15;;;
210520;0000;0,25;;;
210521;0000;0,28;;;
210522;0000;0,59;;;
210523;0000;0,52;;;
210524;0000;0,11;;;
210525;0000;0,15;;;
210526;0000;0,17;;;
210527;0000;0,1;;;
210528;0000;0,16;;;
210529;0000;0,51;;;
210530;0000;0,14;;;
210531;0000;0,1;;;
210601;0000;0,3;;;
210602;0000;0,56;;;
210603;0000;0,32;;;
210604;0000;0,65;;;
210605;0000;0,67;;;
210606;0000;0,65;;;
210607;0000;0,27;;;
210608;0000;0,38;;;
210609;0000;0,34;;;
210610;0000;;;;
210611;0000;;;;
210612;0000;0,41;;;
210613;0000;0,9;;;
210614;0000;1,57;;;
210615;0000;0,92;;;
210616;0000;1,78;;;
210617;0000;2,2;;;
210618;0000;1,14;;;
210619;0000;1,02;;;
210620;0000;0,98;;;
210621;0000;0,5;;;
210622;0000;0,28;;;
210623;0000;0,22;;;
210624;0000;0,48;;;
210625;0000;1,04;;;
210626;0000;0,82;;;
210627;0000;1,2;;;
210628;0000;1,3;;;
210629;0000;1,79;;;
210630;0000;1,66;;;
210701;0000;1,27;;;
210702;0000;0,79;;;
210703;0000;0,95;;;
210704;0000;0,67;;;
210705;0000;0,87;;;
210706;0000;0,35;;;
210707;0000;0,53;;;
210708;0000;0,49;;;
210709;0000;0,47;;;
210710;0000;1,07;;;
210711;0000;1,88;;;
210712;0000;1,56;;;
210713;0000;1;;;
210714;0000;0,59;;;
210715;0000;0,62;;;
210716;0000;0,67;;;
210717;0000;1,38;;;
210718;0000;2,45;;;
210719;0000;1,21;;;
210720;0000;1,07;;;
210721;0000;0,68;;;
210722;0000;0,55;;;
210723;0000;0,82;;;
210724;0000;0,68;;;
210725;0000;0,52;;;
210726;0000;1,15;;;
210727;0000;1,55;;;
210728;0000;1,98;;;
210729;0000;2,14;;;
210730;0000;0,86;;;
210731;0000;1,99;;;
210801;0000;1,4;;;
210802;0000;0,67;;;
210803;0000;0,69;;;
210804;0000;0,94;;;
210805;0000;0,45;;;
210806;0000;0,51;;;
210807;0000;0,55;;;
210808;0000;0,71;;;
210809;0000;1,28;;;
210810;0000;1,29;;;
210811;0000;1,08;;;
210812;0000;1;;;
210813;0000;0,56;;;
210814;0000;0,39;;;
210815;0000;0,42;;;
210816;0000;0,23;;;
210817;0000;0,27;;;
210818;0000;0,44;;;
210819;0000;0,24;;;
210820;0000;0,3;;;
210821;0000;0,19;;;
210822;0000;0,35;;;
210823;0000;1,1;;;
210824;0000;0,96;;;
210825;0000;0,25;;;
210826;0000;0,38;;;
210827;0000;0,33;;;
210828;0000;0,27;;;
210829;0000;0,61;;;
210830;0000;0,4;;;
210831;0000;0,67;;;
210901;0000;0,76;;;
210902;0000;0,52;;;
210903;0000;0,37;;;
210904;0000;0,29;;;
210905;0000;0,47;;;
210906;0000;0,38;;;
210907;0000;0,52;;;
210908;0000;0,57;;;
210909;0000;0,58;;;
210910;0000;0,56;;;
210911;0000;0,37;;;
210912;0000;0,29;;;
210913;0000;0,67;;;
210914;0000;0,6;;;
210915;0000;0,65;;;
210916;0000;0,64;;;
210917;0000;0,46;;;
210918;0000;0,59;;;
210919;0000;0,58;;;
210920;0000;0,72;;;
210921;0000;0,57;;;
210922;0000;0,41;;;
210923;0000;0,61;;;
210924;0000;0,48;;;
210925;0000;0,4;;;
210926;0000;0,53;;;
210927;0000;0,53;;;
210928;0000;0,57;;;
210929;0000;0,59;;;
210930;0000;0,42;;;
211001;0000;0,44;;;
211002;0000;0,56;;;
211003;0000;1,03;;;
211004;0000;0,65;;;
211005;0000;0,69;;;
211006;0000;0,8;;;
211007;0000;0,56;;;
211008;0000;0,59;;;
211009;0000;0,45;;;
211010;0000;0,54;;;
211011;0000;0,58;;;
211012;0000;0,61;;;
211013;0000;0,48;;;
211014;0000;0,62;;;
211015;0000;0,69;;;
211016;0000;0,74;;;
211017;0000;0,62;;;
211018;0000;0,45;;;
211019;0000;0,51;;;
211020;0000;0,47;;;
211021;0000;0,47;;;
211022;0000;;;0,72;
211023;0000;;;0,91;
211024;0000;0,11;;;
211025;0000;0,16;;;
211026;0000;0,13;;;
211027;0000;0,1;;;
211028;0000;0,1;;;
211029;0000;0,1;;;
211030;0000;0,1;;;
211031;0000;0,11;;;
211101;0000;0,1;;;
211102;0000;0,1;;;
211103;0000;0,1;;;
211104;0000;0,1;;;
211105;0000;0,1;;;
211106;0000;0,1;;;
211107;0000;0,1;;;
211108;0000;0,1;;;
211109;0000;0,1;;;
211110;0000;0,1;;;
211111;0000;0,1;;;
211112;0000;0,1;;;
211113;0000;0,11;;;
211114;0000;0,11;;;
211115;0000;0,1;;;
211116;0000;0,11;;;
211117;0000;0,1;;;
211118;0000;0,1;;;
211119;0000;0,1;;;
211120;0000;0,1;;;
211121;0000;0,1;;;
211122;0000;0,1;;;
211123;0000;0,1;;;
211124;0000;0,1;;;
211125;0000;;0,1;;
211126;0000;0,1;;;
211127;0000;0,1;;;
211128;0000;0,1;;;
211129;0000;0,1;;;
211130;0000;0,1;;;
211201;0000;0,1;;;
211202;0000;0,1;;;
211203;0000;0,1;;;
211204;0000;0,1;;;
211205;0000;0,1;;;
211206;0000;0,1;;;
211207;0000;;;;
211208;0000;0,1;;;
211209;0000;0,1;;;
211210;0000;0,1;;;
211211;0000;0,1;;;
211212;0000;0,1;;;
211213;0000;0,1;;;
211214;0000;0,1;;;
211215;0000;0,1;;;
211216;0000;0,1;;;
211217;0000;0,1;;;
211218;0000;0,1;;;
211219;0000;0,1;;;
211220;0000;0,1;;;
211221;0000;0,1;;;
211222;0000;0,1;;;
211223;0000;0,1;;;
211224;0000;0,1;;;
211225;0000;0,1;;;
211226;0000;0,1;;;
211227;0000;0,1;;;
211228;0000;0,1;;;
211229;0000;0,1;;;
211230;0000;0,1;;;
211231;0000;0,1;;;
220101;0000;0,1;;;
220102;0000;0,1;;;
220103;0000;0,1;;;
220104;0000;;;;
220105;0000;;;;
220106;0000;;;;
220107;0000;;;;
220108;0000;;;;
220109;0000;;0,1;;
220110;0000;;0,1;;
220111;0000;;0,1;;
220112;0000;;0,1;;
220113;0000;;;;
220114;0000;;;;
220115;0000;;;;
220116;0000;;;;
220117;0000;;;;
220118;0000;;0,1;;
220119;0000;;0,1;;
220120;0000;;0,1;;
220121;0000;;0,1;;
220122;0000;;0,1;;
220123;0000;0,1;;;
220124;0000;0,1;;;
220125;0000;0,15;;;
220126;0000;0,1;;;
220127;0000;0,1;;;
220128;0000;0,1;;;
220129;0000;;0,1;;
220130;0000;;;;
220131;0000;;;;
220201;0000;;;;
220202;0000;;;;
220203;0000;;;;
220204;0000;;0,1;;
220205;0000;;0,1;;
220206;0000;;0,1;;
220207;0000;;0,1;;
220208;0000;0,1;;;
220209;0000;0,1;;;
220210;0000;0,1;;;
220211;0000;0,1;;;
220212;0000;0,11;;;
220213;0000;0,11;;;
220214;0000;0,1;;;
220215;0000;0,1;;;
220216;0000;0,1;;;
220217;0000;0,1;;;
220218;0000;0,1;;;
220219;0000;0,1;;;
220220;0000;0,1;;;
220221;0000;0,19;;;
220222;0000;0,45;;;
220223;0000;0,24;;;
220224;0000;0,2;;;
220225;0000;0,16;;;
220226;0000;0,1;;;
220227;0000;0,1;;;
220228;0000;0,12;;;
220301;0000;0,19;;;
220302;0000;0,13;;;
220303;0000;0,1;;;
220304;0000;0,1;;;
220305;0000;0,1;;;
220306;0000;0,11;;;
220307;0000;0,1;;;
220308;0000;0,19;;;
220309;0000;0,18;;;
220310;0000;0,11;;;
220311;0000;0,13;;;
220312;0000;0,11;;;
220313;0000;0,1;;;
220314;0000;0,11;;;
220315;0000;0,13;;;
220316;0000;0,17;;;
220317;0000;0,1;;;
220318;0000;0,14;;;
220319;0000;0,18;;;
220320;0000;0,16;;;
220321;0000;0,14;;;
220322;0000;0,11;;;
220323;0000;0,13;;;
220324;0000;0,27;;;
220325;0000;0,13;;;
220326;0000;0,18;;;
220327;0000;0,17;;;
220328;0000;0,27;;;
220329;0000;0,22;;;
220330;0000;0,5;;;
220331;0000;0,28;;;
220401;0000;0,23;;;
220402;0000;0,2;;;
220403;0000;0,28;;;
220404;0000;0,54;;;
220405;0000;0,44;;;
220406;0000;0,39;;;
220407;0000;0,34;;;
220408;0000;0,19;;;
220409;0000;0,35;;;
220410;0000;0,34;;;
220411;0000;0,45;;;
220412;0000;0,34;;;
220413;0000;0,81;;;
220414;0000;0,48;;;
220415;0000;0,36;;;
220416;0000;0,29;;;
220417;0000;0,67;;;
220418;0000;0,71;;;
220419;0000;0,55;;;
220420;0000;0,48;;;
220421;0000;0,48;;;
220422;0000;0,25;;;
220423;0000;0,23;;;
220424;0000;0,28;;;
220425;0000;0,19;;;
220426;0000;0,24;;;
220427;0000;0,27;;;
220428;0000;0,8;;;
220429;0000;1,17;;;
220430;0000;1,09;;;
220501;0000;0,72;;;
220502;0000;0,23;;;
220503;0000;0,34;;;
220504;0000;0,17;;;
220505;0000;0,31;;;
220506;0000;0,43;;;
220507;0000;0,15;;;
220508;0000;0,41;;;
220509;0000;0,23;;;
220510;0000;0,21;;;
220511;0000;0,63;;;
220512;0000;0,37;;;
220513;0000;0,83;;;
220514;0000;1,06;;;
220515;0000;0,97;;;
220516;0000;0,89;;;
220517;0000;1,2;;;
220518;0000;0,71;;;
220519;0000;0,13;;;
220520;0000;0,25;;;
220521;0000;0,2;;;
220522;0000;0,38;;;
220523;0000;0,65;;;
220524;0000;0,38;;;
220525;0000;0,56;;;
220526;0000;1,47;;;
220527;0000;1,65;;;
220528;0000;1,69;;;
220529;0000;0,96;;;
220530;0000;1,48;;;
220531;0000;0,77;;;
220601;0000;1,65;;;
220602;0000;0,76;;;
220603;0000;0,34;;;
220604;0000;0,8;;;
220605;0000;0,2;;;
220606;0000;0,17;;;
220607;0000;0,34;;;
220608;0000;0,45;;;
220609;0000;1,24;;;
220610;0000;2,36;;;
220611;0000;1,67;;;
220612;0000;0,92;;;
220613;0000;0,28;;;
220614;0000;0,36;;;
220615;0000;0,51;;;
220616;0000;0,12;;;
220617;0000;0,55;;;
220618;0000;0,63;;;
220619;0000;0,13;;;
220620;0000;0,35;;;
220621;0000;0,56;;;
220622;0000;1,18;;;
220623;0000;0,46;;;
220624;0000;0,71;;;
220625;0000;1,77;;;
220626;0000;1,06;;;
220627;0000;0,77;;;
220628;0000;0,1;;;
220629;0000;0,27;;;
220630;0000;0,33;;;
220701;0000;0,23;;;
220702;0000;0,28;;;
220703;0000;0,26;;;
220704;0000;0,11;;;
220705;0000;0,13;;;
220706;0000;0,14;;;
220707;0000;0,76;;;
220708;0000;0,21;;;
220709;0000;0,26;;;
220710;0000;0,38;;;
220711;0000;0,29;;;
220712;0000;0,46;;;
220713;0000;0,49;;;
220714;0000;0,5;;;
220715;0000;1,04;;;
220716;0000;0,39;;;
220717;0000;0,35;;;
220718;0000;1,08;;;
220719;0000;1,05;;;
220720;0000;0,4;;;
220721;0000;0,62;;;
220722;0000;0,17;;;
220723;0000;0,47;;;
220724;0000;0,76;;;
220725;0000;0,3;;;
220726;0000;0,2;;;
220727;0000;0,65;;;
220728;0000;0,89;;;
220729;0000;0,58;;;
220730;0000;0,93;;;
220731;0000;0,71;;;
220801;0000;0,95;;;
220802;0000;1,29;;;
220803;0000;0,4;;;
220804;0000;0,48;;;
220805;0000;0,67;;;
220806;0000;0,73;;;
220807;0000;0,4;;;
220808;0000;0,61;;;
220809;0000;1,01;;;
220810;0000;0,46;;;
220811;0000;0,5;;;
220812;0000;0,3;;;
220813;0000;0,21;;;
220814;0000;0,28;;;
220815;0000;0,13;;;
220816;0000;0,18;;;
220817;0000;0,38;;;
220818;0000;0,74;;;
220819;0000;1,11;;;
220820;0000;0,27;;;
220821;0000;0,54;;;
220822;0000;0,49;;;
220823;0000;0,26;;;
220824;0000;0,57;;;
220825;0000;0,97;;;
220826;0000;0,72;;;
220827;0000;0,53;;;
220828;0000;1,2;;;
220829;0000;0,97;;;
220830;0000;0,32;;;
220831;0000;0,24;;;
220901;0000;0,28;;;
220902;0000;0,4;;;
220903;0000;0,39;;;
220904;0000;0,2;;;
220905;0000;0,56;;;
220906;0000;0,18;;;
220907;0000;0,35;;;
220908;0000;0,42;;;
220909;0000;0,49;;;
220910;0000;0,53;;;
220911;0000;0,21;;;
220912;0000;0,43;;;
220913;0000;0,55;;;
220914;0000;0,37;;;
220915;0000;0,16;;;
220916;0000;0,21;;;
220917;0000;0,2;;;
220918;0000;0,27;;;
220919;0000;0,41;;;
220920;0000;0,37;;;
220921;0000;0,21;;;
220922;0000;0,19;;;
220923;0000;0,2;;;
220924;0000;0,3;;;
220925;0000;0,26;;;
220926;0000;0,19;;;
220927;0000;0,37;;;
220928;0000;0,31;;;
220929;0000;0,1;;;
220930;0000;0,12;;;
221001;0000;0,14;;;
221002;0000;0,26;;;
221003;0000;0,11;;;
221004;0000;0,18;;;
221005;0000;0,17;;;
221006;0000;0,1;;;
221007;0000;0,11;;;
221008;0000;0,21;;;
221009;0000;0,17;;;
221010;0000;0,1;;;
221011;0000;0,11;;;
221012;0000;0,1;;;
221013;0000;0,24;;;
221014;0000;0,13;;;
221015;0000;0,11;;;
221016;0000;0,1;;;
221017;0000;0,1;;;
221018;0000;0,1;;;
221019;0000;0,1;;;
221020;0000;0,1;;;
221021;0000;0,1;;;
221022;0000;0,11;;;
221023;0000;0,1;;;
221024;0000;0,1;;;
221025;0000;0,1;;;
221026;0000;0,1;;;
221027;0000;;;;
221028;0000;0,2;;;
221029;0000;;;;
221030;0000;0,14;;;
221031;0000;0,13;;;
221101;0000;0,14;;;
221102;0000;0,12;;;
221103;0000;0,1;;;
221104;0000;0,1;;;
221105;0000;0,1;;;
221106;0000;0,1;;;
221107;0000;0,1;;;
221108;0000;0,1;;;
221109;0000;0,1;;;
221110;0000;0,11;;;
221111;0000;0,11;;;
221112;0000;0,12;;;
221113;0000;0,1;;;
221114;0000;0,16;;;
221115;0000;0,14;;;
221116;0000;0,1;;;
221117;0000;0,1;;;
221118;0000;0,1;;;
221119;0000;0,1;;;
221120;0000;0,1;;;
221121;0000;;;;
221122;0000;;;;
221123;0000;;;;
221124;0000;;;;
221125;0000;;;;
221126;0000;;;;
221127;0000;;;;
221128;0000;;;;
221129;0000;0,1;;;
221130;0000;0,1;;;
221201;0000;0,1;;;
221202;0000;0,1;;;
221203;0000;;;;
221204;0000;;;;
221205;0000;;;;
221206;0000;0,11;;;
221207;0000;0,13;;;
221208;0000;0,11;;;
221209;0000;0,1;;;
221210;0000;0,11;;;
221211;0000;0,1;;;
221212;0000;0,1;;;
221213;0000;0,1;;;
221214;0000;0,1;;;
221215;0000;0,1;;;
221216;0000;0,1;;;
221217;0000;0,1;;;
221218;0000;0,1;;;
221219;0000;0,1;;;
221220;0000;0,11;;;
221221;0000;0,11;;;
221222;0000;;;;
221223;0000;;;;
221224;0000;;;;
221225;0000;;;;
221226;0000;;;;
221227;0000;;;;
221228;0000;;;;
221229;0000;;;;
221230;0000;;;;
221231;0000;;;;
230101;0000;;;;
230102;0000;;;;
230103;0000;;;;
230104;0000;;;;
230105;0000;;;;
230106;0000;;;;
230107;0000;;;;
230108;0000;;;;
230109;0000;;;;
230110;0000;;;;
230111;0000;;;;
230112;0000;;;;
230113;0000;;;;
230114;0000;;;;
230115;0000;;;;
230116;0000;;;;
230117;0000;;;;
230118;0000;;;;
230119;0000;;;;
230120;0000;;;;
230121;0000;0,1;;;
230122;0000;0,1;;;
230123;0000;0,12;;;
230124;0000;0,1;;;
230125;0000;0,1;;;
230126;0000;0,12;;;
230127;0000;0,11;;;
230128;0000;0,13;;;
230129;0000;0,1;;;
230130;0000;0,12;;;
230131;0000;0,12;;;
230201;0000;0,12;;;
230202;0000;0,14;;;
230203;0000;0,18;;;
230204;0000;0,29;;;
230205;0000;0,21;;;
230206;0000;0,18;;;
230207;0000;0,22;;;
230208;0000;0,16;;;
230209;0000;0,2;;;
230210;0000;0,21;;;
230211;0000;0,19;;;
230212;0000;0,21;;;
230213;0000;0,19;;;
230214;0000;0,22;;;
230215;0000;0,21;;;
230216;0000;0,16;;;
230217;0000;0,14;;;
230218;0000;0,18;;;
230219;0000;0,18;;;
230220;0000;0,17;;;
230221;0000;0,18;;;
230222;0000;0,18;;;
230223;0000;0,17;;;
230224;0000;0,2;;;
230225;0000;0,18;;;
230226;0000;0,19;;;
230227;0000;0,19;;;
230228;0000;0,2;;;
230301;0000;0,21;;;
230302;0000;0,2;;;
230303;0000;0,21;;;
230304;0000;0,21;;;
230305;0000;0,23;;;
230306;0000;0,25;;;
230307;0000;0,34;;;
230308;0000;0,27;;;
230309;0000;0,37;;;
230310;0000;0,42;;;
230311;0000;0,31;;;
230312;0000;0,27;;;
230313;0000;0,21;;;
230314;0000;0,26;;;
230315;0000;0,28;;;
230316;0000;0,27;;;
230317;0000;0,34;;;
230318;0000;0,3;;;
230319;0000;0,26;;;
230320;0000;0,24;;;
230321;0000;0,34;;;
230322;0000;0,25;;;
230323;0000;0,27;;;
230324;0000;0,31;;;
230325;0000;0,33;;;
230326;0000;0,31;;;
230327;0000;0,36;;;
230328;0000;0,36;;;
230329;0000;0,31;;;
230330;0000;0,45;;;
230331;0000;0,56;;;
230401;0000;0,62;;;
230402;0000;0,3;;;
230403;0000;0,4;;;
230404;0000;0,53;;;
230405;0000;0,51;;;
230406;0000;0,37;;;
230407;0000;0,58;;;
230408;0000;0,62;;;
230409;0000;0,73;;;
230410;0000;0,78;;;
230411;0000;0,41;;;
230412;0000;0,46;;;
230413;0000;0,56;;;
230414;0000;0,37;;;
230415;0000;0,57;;;
230416;0000;0,43;;;
230417;0000;0,56;;;
230418;0000;0,63;;;
230419;0000;0,6;;;
230420;0000;0,42;;;
230421;0000;0,35;;;
230422;0000;0,13;;;
230423;0000;0,21;;;
230424;0000;0,16;;;
230425;0000;0,33;;;
230426;0000;0,31;;;
230427;0000;0,28;;;
230428;0000;0,11;;;
230429;0000;0,11;;;
230430;0000;0,32;;;
230501;0000;0,65;;;
230502;0000;0,84;;;
230503;0000;0,46;;;
230504;0000;0,74;;;
230505;0000;0,39;;;
230506;0000;0,59;;;
230507;0000;0,38;;;
230508;0000;0,76;;;
230509;0000;0,46;;;
230510;0000;0,76;;;
230511;0000;0,91;;;
230512;0000;0,57;;;
230513;0000;0,49;;;
230514;0000;0,83;;;
230515;0000;0,61;;;
230516;0000;0,23;;;
230517;0000;0,43;;;
230518;0000;0,27;;;
230519;0000;0,8;;;
230520;0000;0,79;;;
230521;0000;;;;
230522;0000;;;;
230523;0000;;;;
230524;0000;0,3;;;
230525;0000;0,3;;;
230526;0000;0,47;;;
230527;0000;0,72;;;
230528;0000;1,36;;;
230529;0000;1,29;;;
230530;0000;0,87;;;
230531;0000;1,06;;;
230601;0000;0,73;;;
230602;0000;0,5;;;
230603;0000;0,52;;;
230604;0000;1,33;;;
230605;0000;0,94;;;
230606;0000;0,95;;;
230607;0000;1,07;;;
230608;0000;0,38;;;
230609;0000;0,43;;;
230610;0000;1;;;
230611;0000;1,89;;;
230612;0000;2,09;;;
230613;0000;2,17;;;
230614;0000;1,64;;;
230615;0000;1,52;;;
230616;0000;0,97;;;
230617;0000;1,85;;;
230618;0000;1,73;;;
230619;0000;2,35;;;
230620;0000;1,73;;;
230621;0000;1,1;;;
230622;0000;0,53;;;
230623;0000;0,74;;;
230624;0000;0,64;;;
230625;0000;0,5;;;
230626;0000;0,52;;;
230627;0000;0,65;;;
230628;0000;0,76;;;
230629;0000;1,38;;;
230630;0000;1,11;;;
230701;0000;0,55;;;
230702;0000;0,45;;;
230703;0000;0,38;;;
230704;0000;0,63;;;
230705;0000;0,66;;;
230706;0000;1,09;;;
230707;0000;1,22;;;
230708;0000;0,45;;;
230709;0000;0,69;;;
230710;0000;1,72;;;
230711;0000;1,51;;;
230712;0000;1,39;;;
230713;0000;1,61;;;
230714;0000;0,87;;;
230715;0000;1,42;;;
230716;0000;1,36;;;
230717;0000;1,63;;;
230718;0000;0,94;;;
230719;0000;0,86;;;
230720;0000;0,77;;;
230721;0000;0,75;;;
230722;0000;0,72;;;
230723;0000;1,48;;;
230724;0000;0,75;;;
230725;0000;0,79;;;
230726;0000;1,29;;;
230727;0000;1,21;;;
230728;0000;1,68;;;
230729;0000;0,8;;;
230730;0000;1,19;;;
230731;0000;0,58;;;
230801;0000;0,19;;;
230802;0000;0,4;;;
230803;0000;0,84;;;
230804;0000;1,35;;;
230805;0000;1,41;;;
230806;0000;1,33;;;
230807;0000;;;;
230808;0000;;;;
230809;0000;;;;
230810;0000;;;;
230811;0000;0,55;;;
230812;0000;1,04;;;
230813;0000;0,68;;;
230814;0000;0,57;;;
230815;0000;0,31;;;
230816;0000;0,51;;;
230817;0000;0,43;;;
230818;0000;0,3;;;
230819;0000;0,24;;;
230820;0000;0,19;;;
230821;0000;0,29;;;
230822;0000;0,22;;;
230823;0000;0,28;;;
230824;0000;0,61;;;
230825;0000;0,86;;;
230826;0000;1,07;;;
230827;0000;0,46;;;
230828;0000;0,42;;;
230829;0000;0,65;;;
230830;0000;0,31;;;
230831;0000;0,49;;;
230901;0000;0,44;;;
230902;0000;1,16;;;
230903;0000;0,55;;;
230904;0000;0,69;;;
230905;0000;0,23;;;
230906;0000;0,34;;;
230907;0000;0,23;;;
230908;0000;0,39;;;
230909;0000;0,29;;;
230910;0000;0,2;;;
230911;0000;0,26;;;
230912;0000;0,46;;;
230913;0000;0,22;;;
230914;0000;0,29;;;
230915;0000;0,21;;;
230916;0000;0,29;;;
230917;0000;0,53;;;
230918;0000;0,87;;;
230919;0000;0,67;;;
230920;0000;0,42;;;
230921;0000;;;;
230922;0000;;;;
230923;0000;0,55;;;
230924;0000;0,3;;;
230925;0000;0,43;;;
230926;0000;0,39;;;
230927;0000;0,49;;;
230928;0000;0,33;;;
230929;0000;0,45;;;
230930;0000;0,45;;;
231001;0000;0,24;;;
231002;0000;0,41;;;
231003;0000;0,29;;;
231004;0000;0,59;;;
231005;0000;0,3;;;
231006;0000;0,39;;;
231007;0000;0,62;;;
231008;0000;0,62;;;
231009;0000;0,68;;;
231010;0000;0,55;;;
231011;0000;0,55;;;
231012;0000;0,34;;;
231013;0000;0,41;;;
231014;0000;0,4;;;
231015;0000;0,28;;;
231016;0000;0,27;;;
231017;0000;0,2;;;
231018;0000;0,11;;;
231019;0000;0,1;;;
231020;0000;0,1;;;
231021;0000;0,1;;;
231022;0000;0,1;;;
231023;0000;0,11;;;
231024;0000;0,1;;;
231025;0000;0,12;;;
231026;0000;0,1;;;
231027;0000;0,1;;;
231028;0000;;;;
231029;0000;;;;
231030;0000;;;;
231031;0000;;;;
231101;0000;;;;
231102;0000;;;;
231103;0000;;0,15;;
231104;0000;;0,1;;
231105;0000;;0,13;;
231106;0000;;0,25;;
231107;0000;;0,16;;
231108;0000;;0,28;;
231109;0000;;0,1;;
231110;0000;;0,1;;
231111;0000;;0,12;;
231112;0000;;0,19;;
231113;0000;;0,12;;
231114;0000;;0,14;;
231115;0000;;0,21;;
231116;0000;;0,13;;
231117;0000;;0,1;;
231118;0000;;0,14;;
231119;0000;;0,14;;
231120;0000;;0,1;;
231121;0000;;0,13;;
231122;0000;;0,15;;
231123;0000;;0,15;;
231124;0000;;0,12;;
231125;0000;;0,12;;
231126;0000;0,1;;;
231127;0000;0,14;;;
231128;0000;0,14;;;
231129;0000;0,12;;;
231130;0000;0,11;;;
231201;0000;0,12;;;
231202;0000;0,11;;;
231203;0000;0,13;;;
231204;0000;0,1;;;
231205;0000;0,1;;;
231206;0000;0,1;;;
231207;0000;0,1;;;
231208;0000;0,1;;;
231209;0000;0,1;;;
231210;0000;0,1;;;
231211;0000;0,1;;;
231212;0000;0,1;;;
231213;0000;0,1;;;
231214;0000;0,11;;;
231215;0000;0,11;;;
231216;0000;;;;
231217;0000;0,1;;;
231218;0000;0,11;;;
231219;0000;0,11;;;
231220;0000;0,1;;;
231221;0000;0,11;;;
231222;0000;0,1;;;
231223;0000;0,1;;;
231224;0000;;;;
231225;0000;0,1;;;
231226;0000;0,1;;;
231227;0000;0,1;;;
231228;0000;0,1;;;
231229;0000;0,1;;;
231230;0000;0,1;;;
231231;0000;0,1;;;
240101;0000;0,1;;;
240102;0000;0,1;;;
240103;0000;0,1;;;
240104;0000;;;;
240105;0000;;;;
240106;0000;0,1;;;
240107;0000;0,1;;;
240108;0000;0,1;;;
240109;0000;0,1;;;
240110;0000;0,1;;;
240111;0000;0,1;;;
240112;0000;0,1;;;
240113;0000;0,1;;;
240114;0000;;;;
240115;0000;;;;
240116;0000;;;;
240117;0000;;;;
240118;0000;;;;
240119;0000;0,1;;;
240120;0000;0,1;;;
240121;0000;0,11;;;
240122;0000;0,1;;;
240123;0000;0,1;;;
240124;0000;0,1;;;
240125;0000;0,1;;;
240126;0000;;;;
240127;0000;;;;
240128;0000;;;;
240129;0000;;;;
240130;0000;;;;
240131;0000;;;;
240201;0000;;;;
240202;0000;;;;
240203;0000;;;;
240204;0000;;;;
240205;0000;;;;
240206;0000;;;;
240207;0000;0,1;;;
240208;0000;0,1;;;
240209;0000;0,1;;;
240210;0000;0,1;;;
240211;0000;;;;
240212;0000;;;;
240213;0000;;;;
240214;0000;0,1;;;
240215;0000;0,1;;;
240216;0000;0,1;;;
240217;0000;0,1;;;
240218;0000;;;;
240219;0000;;;;
240220;0000;;;;
240221;0000;;;;
240222;0000;;;;
240223;0000;;;;
240224;0000;;;;
240225;0000;;;;
240226;0000;;;;
240227;0000;0,1;;;
240228;0000;0,1;;;
240229;0000;0,1;;;
240301;0000;0,1;;;
240302;0000;;;;
240303;0000;0,1;;;
240304;0000;0,1;;;
240305;0000;0,1;;;
240306;0000;0,1;;;
240307;0000;0,12;;;
240308;0000;0,1;;;
240309;0000;0,1;;;
240310;0000;0,1;;;
240311;0000;0,1;;;
240312;0000;0,1;;;
240313;0000;0,11;;;
240314;0000;0,11;;;
240315;0000;0,14;;;
240316;0000;0,1;;;
240317;0000;0,11;;;
240318;0000;0,19;;;
240319;0000;0,26;;;
240320;0000;0,13;;;
240321;0000;0,22;;;
240322;0000;0,25;;;
240323;0000;0,17;;;
240324;0000;0,12;;;
240325;0000;0,1;;;
240326;0000;0,11;;;
240327;0000;0,1;;;
240328;0000;0,12;;;
240329;0000;0,11;;;
240330;0000;0,2;;;
240331;0000;0,27;;;
240401;0000;0,39;;;
240402;0000;0,21;;;
240403;0000;0,25;;;
240404;0000;0,34;;;
240405;0000;0,17;;;
240406;0000;0,19;;;
240407;0000;0,29;;;
240408;0000;0,22;;;
240409;0000;0,32;;;
240410;0000;0,7;;;
240411;0000;0,67;;;
240412;0000;0,47;;;
240413;0000;0,47;;;
240414;0000;0,3;;;
240415;0000;0,24;;;
240416;0000;;;;
240417;0000;;;;
240418;0000;0,34;;;
240419;0000;0,33;;;
240420;0000;0,92;;;
240421;0000;0,38;;;
240422;0000;0,36;;;
240423;0000;0,56;;;
240424;0000;0,46;;;
240425;0000;0,3;;;
240426;0000;0,27;;;
240427;0000;0,31;;;
240428;0000;0,24;;;
240429;0000;0,23;;;
240430;0000;0,5;;;
240501;0000;0,7;;;
240502;0000;0,87;;;
240503;0000;0,53;;;
240504;0000;0,23;;;
240505;0000;0,3;;;
240506;0000;0,16;;;
240507;0000;;;;
240508;0000;;;;
240509;0000;0,67;;;
240510;0000;0,69;;;
240511;0000;0,48;;;
240512;0000;0,69;;;
240513;0000;1,59;;;
240514;0000;1,31;;;
240515;0000;0,38;;;
240516;0000;0,89;;;
240517;0000;1,91;;;
240518;0000;1,08;;;
240519;0000;0,48;;;
240520;0000;0,29;;;
240521;0000;0,63;;;
240522;0000;0,81;;;
240523;0000;0,41;;;
240524;0000;0,66;;;
240525;0000;1,09;;;
240526;0000;0,91;;;
240527;0000;1,17;;;
240528;0000;0,48;;;
240529;0000;0,45;;;
240530;0000;0,64;;;
240531;0000;0,5;;;
240601;0000;;0,23;;
240602;0000;;0,51;;
240603;0000;;0,98;;
240604;0000;;0,55;;
240605;0000;;0,51;;
240606;0000;;0,55;;
240607;0000;;1,32;;
240608;0000;;0,55;;
240609;0000;;0,42;;
240610;0000;;0,29;;
240611;0000;;0,33;;
240612;0000;;0,34;;
240613;0000;;0,44;;
240614;0000;;0,45;;
240615;0000;;0,89;;
240616;0000;;0,43;;
240617;0000;;0,38;;
240618;0000;;0,47;;
240619;0000;;0,58;;
240620;0000;;0,27;;
240621;0000;;0,48;;
240622;0000;;0,5;;
240623;0000;;0,79;;
240624;0000;;1,6;;
240625;0000;;1,51;;
240626;0000;;0,44;;
240627;0000;;0,38;;
240628;0000;;1,44;;
240629;0000;;1,55;;
240630;0000;;0,65;;
240701;0000;;0,47;;
240702;0000;;0,72;;
240703;0000;;1,17;;
240704;0000;;1,16;;
240705;0000;;2,09;;
240706;0000;;1,89;;
240707;0000;;1,15;;
240708;0000;;1,68;;
240709;0000;;1,15;;
240710;0000;;1,7;;
240711;0000;;2,29;;
240712;0000;;1,67;;
240713;0000;;1,22;;
240714;0000;;1,44;;
240715;0000;;1,09;;
240716;0000;;0,7;;
240717;0000;;0,72;;
240718;0000;;0,62;;
240719;0000;;0,79;;
240720;0000;;0,96;;
240721;0000;;1,93;;
240722;0000;;2,26;;
240723;0000;;1,23;;
240724;0000;;0,57;;
240725;0000;;0,45;;
240726;0000;;1,11;;
240727;0000;;1,06;;
240728;0000;;1,72;;
240729;0000;;1,56;;
240730;0000;;1,05;;
240731;0000;;0,39;;
240801;0000;;0,34;;
240802;0000;;0,55;;
240803;0000;;0,82;;
240804;0000;;0,56;;
240805;0000;;0,5;;
240806;0000;;0,88;;
240807;0000;;1,82;;
240808;0000;;1,69;;
240809;0000;;1,19;;
240810;0000;;0,68;;
240811;0000;;0,93;;
240812;0000;;1,46;;
240813;0000;;1,31;;
240814;0000;;1,04;;
240815;0000;;0,65;;
240816;0000;;0,75;;
240817;0000;;1,54;;
240818;0000;;1,76;;
240819;0000;;1,12;;
240820;0000;;0,74;;
240821;0000;;0,51;;
240822;0000;;0,55;;
240823;0000;;0,78;;
240824;0000;;1,01;;
240825;0000;;0,85;;
240826;0000;;0,5;;
240827;0000;;0,91;;
240828;0000;;1,07;;
240829;0000;;1,07;;
240830;0000;;1;;
240831;0000;;0,98;;
240901;0000;;0,49;;
240902;0000;;0,43;;
240903;0000;;0,5;;
240904;0000;;0,97;;
240905;0000;;0,84;;
240906;0000;;0,47;;
240907;0000;;0,6;;
240908;0000;;0,74;;
240909;0000;;0,62;;
240910;0000;;0,38;;
240911;0000;;0,34;;
240912;0000;;0,44;;
240913;0000;;0,39;;
240914;0000;;0,46;;
240915;0000;;0,44;;
240916;0000;;0,46;;
240917;0000;;0,2;;
240918;0000;;0,26;;
240919;0000;;0,1;;
240920;0000;;0,12;;
240921;0000;;0,2;;
240922;0000;;0,16;;
240923;0000;;0,38;;
240924;0000;;0,47;;
240925;0000;;0,42;;
240926;0000;;0,66;;
240927;0000;;0,43;;
240928;0000;;0,48;;
240929;0000;;0,34;;
240930;0000;;0,24;;
241001;0000;;0,25;;
241002;0000;;0,53;;
241003;0000;;0,43;;
241004;0000;;0,29;;
241005;0000;;0,27;;
241006;0000;;0,21;;
241007;0000;;0,11;;
241008;0000;;0,19;;
241009;0000;;0,15;;
241010;0000;;0,13;;
241011;0000;;0,19;;
241012;0000;;0,3;;
241013;0000;;0,17;;
241014;0000;;0,11;;
241015;0000;;0,19;;
241016;0000;;0,18;;
241017;0000;;0,14;;
241018;0000;;0,12;;
241019;0000;;0,11;;
241020;0000;;0,2;;
241021;0000;;0,31;;
241022;0000;;0,14;;
241023;0000;;0,15;;
241024;0000;;0,13;;
241025;0000;;0,14;;
241026;0000;;0,12;;
241027;0000;;0,1;;
241028;0000;;0,1;;
241029;0000;;0,11;;
241030;0000;;0,12;;
241031;0000;;0,11;;
241101;0000;;0,12;;
241102;0000;;0,12;;
241103;0000;;0,15;;
241104;0000;;0,14;;
241105;0000;;0,14;;
241106;0000;;0,13;;
241107;0000;;0,1;;
241108;0000;;0,14;;
241109;0000;;0,13;;
241110;0000;;0,14;;
241111;0000;;0,1;;
241112;0000;;0,1;;
241113;0000;;0,1;;
241114;0000;;0,11;;
241115;0000;;0,13;;
241116;0000;;0,16;;
241117;0000;;0,1;;
241118;0000;;0,1;;
241119;0000;;0,1;;
241120;0000;;0,1;;
241121;0000;;0,1;;
241122;0000;;0,1;;
241123;0000;;0,1;;
241124;0000;;0,1;;
241125;0000;;0,12;;
241126;0000;;0,11;;
241127;0000;;0,15;;
241128;0000;;0,1;;
241129;0000;;0,1;;
241130;0000;;0,1;;
241201;0000;;0,1;;
241202;0000;;0,13;;
241203;0000;;0,1;;
241204;0000;;0,1;;
241205;0000;;0,1;;
241206;0000;;0,1;;
241207;0000;;0,11;;
241208;0000;;0,1;;
241209;0000;;0,1;;
241210;0000;;0,1;;
241211;0000;;0,1;;
241212;0000;;;;
241213;0000;;;;
241214;0000;;;;
241215;0000;;;;
241216;0000;;;;
241217;0000;;0,1;;
241218;0000;;0,1;;
241219;0000;;0,1;;
241220;0000;;0,1;;
241221;0000;;0,1;;
241222;0000;;;;
241223;0000;;;;
241224;0000;;;;
241225;0000;;0,1;;
241226;0000;;0,1;;
241227;0000;;0,1;;
241228;0000;;0,1;;
241229;0000;;;;
241230;0000;;;;
241231;0000;;;;
250101;0000;0,1;;;
250102;0000;0,1;;;
250103;0000;0,1;;;
250104;0000;0,1;;;
250105;0000;0,1;;;
250106;0000;0,1;;;
250107;0000;0,1;;;
250108;0000;0,1;;;
250109;0000;0,1;;;
250110;0000;0,1;;;
250111;0000;0,1;;;
250112;0000;0,1;;;
250113;0000;0,1;;;
250114;0000;0,1;;;
250115;0000;0,1;;;
250116;0000;0,1;;;
250117;0000;0,1;;;
250118;0000;0,1;;;
250119;0000;0,1;;;
250120;0000;0,1;;;
250121;0000;0,1;;;
250122;0000;0,1;;;
250123;0000;0,1;;;
250124;0000;0,11;;;
250125;0000;0,1;;;
250126;0000;0,1;;;
250127;0000;0,1;;;
250128;0000;0,1;;;
250129;0000;0,1;;;
250130;0000;0,1;;;
250131;0000;0,13;;;
250201;0000;0,1;;;
250202;0000;0,11;;;
250203;0000;0,1;;;
250204;0000;0,11;;;
250205;0000;0,14;;;
250206;0000;0,11;;;
250207;0000;0,11;;;
250208;0000;0,1;;;
250209;0000;0,16;;;
250210;0000;0,24;;;
250211;0000;0,19;;;
250212;0000;0,21;;;
250213;0000;0,13;;;
250214;0000;0,11;;;
250215;0000;0,1;;;
250216;0000;0,1;;;
250217;0000;0,1;;;
250218;0000;0,1;;;
250219;0000;0,14;;;
250220;0000;0,24;;;
250221;0000;0,2;;;
250222;0000;0,22;;;
250223;0000;0,24;;;
250224;0000;0,14;;;
250225;0000;;;;
250226;0000;;;;
250227;0000;0,28;;;
250228;0000;0,26;;;
250301;0000;0,26;;;
250302;0000;0,25;;;
250303;0000;0,28;;;
250304;0000;0,28;;;
250305;0000;0,29;;;
250306;0000;0,29;;;
250307;0000;0,29;;;
250308;0000;0,33;;;
250309;0000;0,17;;;
250310;0000;0,18;;;
250311;0000;0,18;;;
250312;0000;0,19;;;
250313;0000;0,16;;;
250314;0000;0,14;;;
250315;0000;0,14;;;
250316;0000;0,12;;;
250317;0000;0,16;;;
250318;0000;0,12;;;
250319;0000;0,14;;;
250320;0000;0,12;;;
250321;0000;0,12;;;
250322;0000;0,13;;;
250323;0000;0,11;;;
250324;0000;0,19;;;
250325;0000;0,35;;;
250326;0000;0,37;;;
250327;0000;0,4;;;
250328;0000;0,33;;;
250329;0000;0,32;;;
250330;0000;0,26;;;
250331;0000;0,3;;;
250401;0000;;0,14;;
250402;0000;;0,24;;
250403;0000;;0,4;;
250404;0000;;0,4;;
250405;0000;;0,3;;
250406;0000;;0,18;;
250407;0000;;0,27;;
250408;0000;;0,17;;
250409;0000;;0,2;;
250410;0000;;0,14;;
250411;0000;;0,16;;
250412;0000;;0,22;;
250413;0000;;0,58;;
250414;0000;;0,31;;
250415;0000;;0,48;;
250416;0000;;0,3;;
250417;0000;;0,76;;
250418;0000;;0,76;;
250419;0000;;0,34;;
250420;0000;;0,39;;
250421;0000;;0,35;;
250422;0000;;0,27;;
250423;0000;;0,25;;
250424;0000;;0,15;;
250425;0000;;0,24;;
250426;0000;;0,33;;
250427;0000;;0,65;;
250428;0000;;0,15;;
250429;0000;;0,21;;
250430;0000;;0,28;;
250501;0000;;0,23;;
250502;0000;;0,3;;
250503;0000;;0,28;;
250504;0000;;0,5;;
250505;0000;;0,72;;
250506;0000;;0,42;;
250507;0000;;0,44;;
250508;0000;;0,16;;
250509;0000;;0,17;;
250510;0000;;0,23;;
250511;0000;;0,49;;
250512;0000;;0,8;;
250513;0000;;0,29;;
250514;0000;;0,49;;
250515;0000;;0,43;;
250516;0000;;0,22;;
250517;0000;;0,13;;
250518;0000;;0,56;;
250519;0000;;0,79;;
250520;0000;;1,62;;
250521;0000;;0,9;;
250522;0000;;1,6;;
250523;0000;;1,04;;
250524;0000;;0,46;;
250525;0000;;;;
250526;0000;;;;
250527;0000;;1,38;;
250528;0000;;1,3;;
250529;0000;;1,25;;
250530;0000;;0,77;;
250531;0000;;1,47;;
250601;0000;;1,74;;
250602;0000;;1,1;;
250603;0000;;0,55;;
250604;0000;;0,78;;
250605;0000;;0,41;;
250606;0000;;1,05;;
250607;0000;;0,87;;
250608;0000;;1,35;;
250609;0000;;1,47;;
250610;0000;;1,75;;
250611;0000;;0,71;;
250612;0000;;0,3;;
250613;0000;;0,21;;
250614;0000;;;;
250615;0000;;;;
250616;0000;;0,49;;
250617;0000;;0,94;;
250618;0000;;1,07;;
250619;0000;;0,63;;
250620;0000;;0,35;;
250621;0000;;0,22;;
250622;0000;;;;
250623;0000;;;;
250624;0000;;0,5;;
250625;0000;;0,4;;
250626;0000;;0,28;;
250627;0000;;0,6;;
250628;0000;;0,54;;
250629;0000;;1,31;;
250630;0000;;1,81;;
250701;0000;;1,82;;
