FECHA (YYMMDD);HORA (HHMM);Registros validados;Registros preliminares;Registros no validados;
010101;0000;;22,9729;;
010102;0000;;23,3625;;
010103;0000;;63,2228;;
010104;0000;;50,2354;;
010105;0000;;24,7458;;
010106;0000;;23,1369;;
010107;0000;;17,1545;;
010108;0000;;20,1045;;
010109;0000;;19,3375;;
010110;0000;;20,8541;;
010111;0000;;27,9608;;
010112;0000;;29,3909;;
010113;0000;;24,415;;
010114;0000;;31,2935;;
010115;0000;;40,9681;;
010116;0000;;34,1717;;
010117;0000;;40,6354;;
010118;0000;;52,9187;;
010119;0000;;56,2681;;
010120;0000;;65,239;;
010121;0000;;39,1043;;
010122;0000;;70,989;;
010123;0000;;38,8458;;
010124;0000;;35,1022;;
010125;0000;;48,7603;;
010126;0000;;42,4613;;
010127;0000;;30,8119;;
010128;0000;;30,4413;;
010129;0000;;62,7645;;
010130;0000;;32,1552;;
010131;0000;;47,3818;;
010201;0000;;46,9479;;
010202;0000;;31,2854;;
010203;0000;;51,5562;;
010204;0000;;38,3166;;
010205;0000;;;;
010206;0000;;;;
010207;0000;;;;
010208;0000;;;;
010209;0000;;;;
010210;0000;;;;
010211;0000;;39,0704;;
010212;0000;;54,1541;;
010213;0000;;40,627;;
010214;0000;;61,826;;
010215;0000;;56,2958;;
010216;0000;;49,0208;;
010217;0000;;49,7684;;
010218;0000;;38,525;;
010219;0000;;50,0687;;
010220;0000;;54,7166;;
010221;0000;;44,8704;;
010222;0000;;52,4564;;
010223;0000;;59,9456;;
010224;0000;;81,0166;;
010225;0000;;95,4412;;
010226;0000;;80,0369;;
010227;0000;;113,935;;
010228;0000;;67,7817;;
010301;0000;;72,6726;;
010302;0000;;47,8454;;
010303;0000;;78,7107;;
010304;0000;;28,9979;;
010305;0000;;47,0891;;
010306;0000;;34,9369;;
010307;0000;;70,2499;;
010308;0000;;73,9542;;
010309;0000;;246,582;;
010310;0000;;23,3818;;
010311;0000;;41,3083;;
010312;0000;;31,0727;;
010313;0000;;46,0727;;
010314;0000;;43,6326;;
010315;0000;;36,2695;;
010316;0000;;59,3113;;
010317;0000;;45,4369;;
010318;0000;;29,4978;;
010319;0000;;50,3187;;
010320;0000;;48,027;;
010321;0000;;108,579;;
010322;0000;;124,085;;
010323;0000;;128,406;;
010324;0000;;125,702;;
010325;0000;;70,7886;;
010326;0000;;41,3454;;
010327;0000;;49,3791;;
010328;0000;;54,1749;;
010329;0000;;;;
010330;0000;;103,585;;
010331;0000;;136,389;;
010401;0000;;71,1112;;
010402;0000;;39,6375;;
010403;0000;;67,1738;;
010404;0000;;56,6812;;
010405;0000;;74,4666;;
010406;0000;;131,261;;
010407;0000;;162,921;;
010408;0000;;63,7124;;
010409;0000;;35,9479;;
010410;0000;;54,9999;;
010411;0000;;69,3456;;
010412;0000;;115,598;;
010413;0000;;167,177;;
010414;0000;;86,4525;;
010415;0000;;90,3076;;
010416;0000;;172,124;;
010417;0000;;135,862;;
010418;0000;;68,2217;;
010419;0000;;90,8856;;
010420;0000;;98,4619;;
010421;0000;;97,8009;;
010422;0000;;1;;
010423;0000;;;;
010424;0000;;;;
010425;0000;;57,1145;;
010426;0000;;41,4124;;
010427;0000;;61,8895;;
010428;0000;;;;
010429;0000;;;;
010430;0000;;;;
010501;0000;;;;
010502;0000;;;;
010503;0000;;;;
010504;0000;;135,389;;
010505;0000;;123,579;;
010506;0000;;70,1957;;
010507;0000;;29,5229;;
010508;0000;;5,19166;;
010509;0000;;;;
010510;0000;;80,3809;;
010511;0000;;102,933;;
010512;0000;;48,2313;;
010513;0000;;59,2182;;
010514;0000;;98,6002;;
010515;0000;;42,1893;;
010516;0000;;8,83646;;
010517;0000;;14,6719;;
010518;0000;;27,1614;;
010519;0000;;25,6108;;
010520;0000;;13,5245;;
010521;0000;;17,992;;
010522;0000;;18,8048;;
010523;0000;;38,0302;;
010524;0000;;14,1102;;
010525;0000;;11,2472;;
010526;0000;;16,3471;;
010527;0000;;8,41457;;
010528;0000;;21,1292;;
010529;0000;;26,8208;;
010530;0000;;19,3333;;
010531;0000;;47,3333;;
010601;0000;;13,0458;;
010602;0000;;45,0624;;
010603;0000;;16,0229;;
010604;0000;;24,2958;;
010605;0000;;16,5646;;
010606;0000;;16,575;;
010607;0000;;17,4241;;
010608;0000;;21,4395;;
010609;0000;;39,3978;;
010610;0000;;38,9937;;
010611;0000;;24,9771;;
010612;0000;;25,0291;;
010613;0000;;27,4;;
010614;0000;;28,2708;;
010615;0000;;33,7791;;
010616;0000;;34,075;;
010617;0000;;100,683;;
010618;0000;;159,371;;
010619;0000;;157,16;;
010620;0000;;107,475;;
010621;0000;;174,976;;
010622;0000;;83,2764;;
010623;0000;;73,6251;;
010624;0000;;92,5983;;
010625;0000;;106,431;;
010626;0000;;115,427;;
010627;0000;;34,7729;;
010628;0000;;19,6229;;
010629;0000;;23,3437;;
010630;0000;;54,0853;;
010701;0000;;59,2062;;
010702;0000;;8,65207;;
010703;0000;;18,8773;;
010704;0000;;97,8185;;
010705;0000;;119,071;;
010706;0000;;20,5146;;
010707;0000;;14,0604;;
010708;0000;;42,1833;;
010709;0000;;25,2583;;
010710;0000;;36,8104;;
010711;0000;;9,10416;;
010712;0000;;51,9687;;
010713;0000;;22,6646;;
010714;0000;;68,4645;;
010715;0000;;30,1729;;
010716;0000;;16,8333;;
010717;0000;;28,6687;;
010718;0000;;21,9604;;
010719;0000;;13,7875;;
010720;0000;;31,1916;;
010721;0000;;52,9291;;
010722;0000;;97,2346;;
010723;0000;;88,7395;;
010724;0000;;89,1207;;
010725;0000;;;;
010726;0000;;;;
010727;0000;;145,096;;
010728;0000;;35,0428;;
010729;0000;;22,0458;;
010730;0000;;12,8954;;
010731;0000;;8,13332;;
010801;0000;;19,6292;;
010802;0000;;34,2291;;
010803;0000;;60,7833;;
010804;0000;;68,7874;;
010805;0000;;23,613;;
010806;0000;;106,737;;
010807;0000;;111,871;;
010808;0000;;88,479;;
010809;0000;;71,4208;;
010810;0000;;62,3978;;
010811;0000;;17,4271;;
010812;0000;;14,1208;;
010813;0000;;32,1021;;
010814;0000;;74,627;;
010815;0000;;90,5499;;
010816;0000;;125,45;;
010817;0000;;44,7;;
010818;0000;;30,9791;;
010819;0000;;79,6311;;
010820;0000;;128,671;;
010821;0000;;126,835;;
010822;0000;;64,3955;;
010823;0000;;59,7187;;
010824;0000;;25,8478;;
010825;0000;;11,9691;;
010826;0000;;18,4614;;
010827;0000;;10,1208;;
010828;0000;;16,7021;;
010829;0000;;67,2083;;
010830;0000;;80,5521;;
010831;0000;;72,1978;;
010901;0000;;75,4395;;
010902;0000;;71,313;;
010903;0000;;93,4912;;
010904;0000;;77,313;;
010905;0000;;84,1541;;
010906;0000;;30,5396;;
010907;0000;;15,4312;;
010908;0000;;54,3291;;
010909;0000;;25,7562;;
010910;0000;;43,226;;
010911;0000;;33,6833;;
010912;0000;;45,6478;;
010913;0000;;37,3416;;
010914;0000;;52,575;;
010915;0000;;66,7062;;
010916;0000;;48,7916;;
010917;0000;;34,4291;;
010918;0000;;25,4104;;
010919;0000;;26,9875;;
010920;0000;;32,1874;;
010921;0000;;38,6874;;
010922;0000;;44,0145;;
010923;0000;;37,677;;
010924;0000;;20,5333;;
010925;0000;;27,5062;;
010926;0000;;32,1187;;
010927;0000;;13,0875;;
010928;0000;;24,75;;
010929;0000;;43,452;;
010930;0000;;21,6833;;
011001;0000;;18,5854;;
011002;0000;;25,6062;;
011003;0000;;28,5271;;
011004;0000;;24,9458;;
011005;0000;;30,2458;;
011006;0000;;40,5396;;
011007;0000;;26,6708;;
011008;0000;;28,9604;;
011009;0000;;10,2479;;
011010;0000;;25,2542;;
011011;0000;;29,1;;
011012;0000;;32,6874;;
011013;0000;;26,7833;;
011014;0000;;27,976;;
011015;0000;;40,6543;;
011016;0000;;29,002;;
011017;0000;;23,4937;;
011018;0000;;27,7021;;
011019;0000;;38,2291;;
011020;0000;;29,4187;;
011021;0000;;26,8416;;
011022;0000;;43,9295;;
011023;0000;;38,7812;;
011024;0000;;56,7583;;
011025;0000;;17,6604;;
011026;0000;;25,7848;;
011027;0000;;24,7262;;
011028;0000;;16,8291;;
011029;0000;;24,3604;;
011030;0000;;23,5854;;
011031;0000;;26,8646;;
011101;0000;;19,1771;;
011102;0000;;16,0687;;
011103;0000;;24,0522;;
011104;0000;;28,9354;;
011105;0000;;23,5625;;
011106;0000;;24,8646;;
011107;0000;;31,7396;;
011108;0000;;48,0541;;
011109;0000;;40,7104;;
011110;0000;;18,4625;;
011111;0000;;19,9229;;
011112;0000;;32,7363;;
011113;0000;;14,7913;;
011114;0000;;22,5146;;
011115;0000;;21,0477;;
011116;0000;;29,8396;;
011117;0000;;33,0187;;
011118;0000;;15,8604;;
011119;0000;;26,4104;;
011120;0000;;16,4587;;
011121;0000;;22,2391;;
011122;0000;;17,8347;;
011123;0000;;26,3646;;
011124;0000;;28,9826;;
011125;0000;;25,4717;;
011126;0000;;35,1375;;
011127;0000;;29,127;;
011128;0000;;36,9771;;
011129;0000;;40,8416;;
011130;0000;;46,5333;;
011201;0000;;35,3478;;
011202;0000;;31,6583;;
011203;0000;;38,3895;;
011204;0000;;33,7104;;
011205;0000;;31,9417;;
011206;0000;;27,525;;
011207;0000;;38,575;;
011208;0000;;34,6146;;
011209;0000;;33,7562;;
011210;0000;;37,7;;
011211;0000;;44,5847;;
011212;0000;;38,7791;;
011213;0000;;30,1958;;
011214;0000;;46,9874;;
011215;0000;;43,676;;
011216;0000;;36,4895;;
011217;0000;;59,1021;;
011218;0000;;34,3645;;
011219;0000;;31,9937;;
011220;0000;;33,4417;;
011221;0000;;39,6062;;
011222;0000;;49,2582;;
011223;0000;;25,2021;;
011224;0000;;45,4999;;
011225;0000;;37,0333;;
011226;0000;;27,4708;;
011227;0000;;46,0541;;
011228;0000;;40,6499;;
011229;0000;;42,35;;
011230;0000;;33,8708;;
011231;0000;;29,3666;;
020101;0000;;19,6312;;
020102;0000;;31,4333;;
020103;0000;;37,0437;;
020104;0000;;61,1347;;
020105;0000;;44,1083;;
020106;0000;;28,9375;;
020107;0000;;66,8165;;
020108;0000;;23,6886;;
020109;0000;;29,8848;;
020110;0000;;38,9937;;
020111;0000;;36,4583;;
020112;0000;;20,4652;;
020113;0000;;34,4083;;
020114;0000;;39,7062;;
020115;0000;;42,0166;;
020116;0000;;48,5571;;
020117;0000;;50,7499;;
020118;0000;;29,5708;;
020119;0000;;25,2562;;
020120;0000;;36,7804;;
020121;0000;;43,8895;;
020122;0000;;39,025;;
020123;0000;;31,5687;;
020124;0000;;25,325;;
020125;0000;;25,3396;;
020126;0000;;30,0729;;
020127;0000;;22,2646;;
020128;0000;;36,2;;
020129;0000;;36,1062;;
020130;0000;;22,4875;;
020131;0000;;19,8354;;
020201;0000;;20,7062;;
020202;0000;;28,6104;;
020203;0000;;19,975;;
020204;0000;;42,15;;
020205;0000;;100,004;;
020206;0000;;54,6229;;
020207;0000;;40,4854;;
020208;0000;;27,1583;;
020209;0000;;23,4083;;
020210;0000;;22,4348;;
020211;0000;;34,5891;;
020212;0000;;40,3687;;
020213;0000;;45,852;;
020214;0000;;46,6083;;
020215;0000;;43,8847;;
020216;0000;;34,002;;
020217;0000;;25,3208;;
020218;0000;;56,9895;;
020219;0000;;54,3041;;
020220;0000;;56,8395;;
020221;0000;;48,1119;;
020222;0000;;51,9062;;
020223;0000;;50,1395;;
020224;0000;;53,7916;;
020225;0000;;54,7437;;
020226;0000;;14,1979;;
020227;0000;;19,5304;;
020228;0000;;30,0022;;
020301;0000;;22,6687;;
020302;0000;;31,6583;;
020303;0000;;28,1761;;
020304;0000;;31,1086;;
020305;0000;;34,6174;;
020306;0000;;22,5854;;
020307;0000;;28,6875;;
020308;0000;;30,8937;;
020309;0000;;27,7187;;
020310;0000;;25,6541;;
020311;0000;;34,2977;;
020312;0000;;54,202;;
020313;0000;;21,0312;;
020314;0000;;13,2229;;
020315;0000;;19,4429;;
020316;0000;;27,1229;;
020317;0000;;28,8749;;
020318;0000;;27,6999;;
020319;0000;;33,9869;;
020320;0000;;;;
020321;0000;;;;
020322;0000;;32,2173;;
020323;0000;;35,2635;;
020324;0000;;25,0597;;
020325;0000;;28,2666;;
020326;0000;;44,8043;;
020327;0000;;44,3854;;
020328;0000;;37,742;;
020329;0000;;20,2178;;
020330;0000;;20,8698;;
020331;0000;;23,5739;;
020401;0000;;31,0604;;
020402;0000;;52,6479;;
020403;0000;;51,0062;;
020404;0000;;50,1708;;
020405;0000;;98,0643;;
020406;0000;;19,8437;;
020407;0000;;33,1479;;
020408;0000;;45,7565;;
020409;0000;;34,3916;;
020410;0000;;44,9812;;
020411;0000;;30,6333;;
020412;0000;;65,1603;;
020413;0000;;65,6591;;
020414;0000;;64,277;;
020415;0000;;43,6564;;
020416;0000;;28,65;;
020417;0000;;38,4854;;
020418;0000;;54,626;;
020419;0000;;40,6104;;
020420;0000;;35,9625;;
020421;0000;;59,6312;;
020422;0000;;42,1729;;
020423;0000;;27,225;;
020424;0000;;16,3041;;
020425;0000;;40,0666;;
020426;0000;;62,1282;;
020427;0000;;60,2022;;
020428;0000;;23,2;;
020429;0000;;49,6727;;
020430;0000;;56,4658;;
020501;0000;;25,5229;;
020502;0000;;17,1729;;
020503;0000;;22,4916;;
020504;0000;;88,0332;;
020505;0000;;32,2666;;
020506;0000;;31,3437;;
020507;0000;;45,177;;
020508;0000;;37,0374;;
020509;0000;;52,5999;;
020510;0000;;32,8624;;
020511;0000;;64,6812;;
020512;0000;;39,0604;;
020513;0000;;34,2958;;
020514;0000;;10,7375;;
020515;0000;;21,7312;;
020516;0000;;73,6124;;
020517;0000;;88,2958;;
020518;0000;;43,7271;;
020519;0000;;56,6187;;
020520;0000;;77,3749;;
020521;0000;;60,0687;;
020522;0000;;9,12291;;
020523;0000;;22,4583;;
020524;0000;;19,6646;;
020525;0000;;12,4152;;
020526;0000;;14,5021;;
020527;0000;;23,1416;;
020528;0000;;94,6603;;
020529;0000;;168,508;;
020530;0000;;20,7416;;
020531;0000;;15,7312;;
020601;0000;;25,1521;;
020602;0000;;17,5375;;
020603;0000;;16,2562;;
020604;0000;;16,025;;
020605;0000;;17,15;;
020606;0000;;14,0375;;
020607;0000;;19,3916;;
020608;0000;;8,72499;;
020609;0000;;27,245;;
020610;0000;;;;
020611;0000;;;;
020612;0000;;147,708;;
020613;0000;;218,302;;
020614;0000;;146,793;;
020615;0000;;81,2354;;
020616;0000;;104,695;;
020617;0000;;50,4208;;
020618;0000;;25,5568;;
020619;0000;;27,1895;;
020620;0000;;51,3062;;
020621;0000;;109,002;;
020622;0000;;101,937;;
020623;0000;;116,064;;
020624;0000;;60,2395;;
020625;0000;;23,4625;;
020626;0000;;22,9333;;
020627;0000;;26,3604;;
020628;0000;;33,4562;;
020629;0000;;113,906;;
020630;0000;;52,0041;;
020701;0000;;113,029;;
020702;0000;;102,512;;
020703;0000;;65,4603;;
020704;0000;;65,2853;;
020705;0000;;57,0479;;
020706;0000;;55,3541;;
020707;0000;;98,1853;;
020708;0000;;70,9021;;
020709;0000;;49,7954;;
020710;0000;;90,0707;;
020711;0000;;59,777;;
020712;0000;;50,2374;;
020713;0000;;36,8666;;
020714;0000;;84,4978;;
020715;0000;;65,3583;;
020716;0000;;65,6478;;
020717;0000;;92,1207;;
020718;0000;;41,7604;;
020719;0000;;7,575;;
020720;0000;;13,9937;;
020721;0000;;13,2;;
020722;0000;;11,6625;;
020723;0000;;15,8708;;
020724;0000;;16,3437;;
020725;0000;;26,5812;;
020726;0000;;26,3083;;
020727;0000;;48,0458;;
020728;0000;;104,902;;
020729;0000;;19,725;;
020730;0000;;78,177;;
020731;0000;;107,024;;
020801;0000;;31,7312;;
020802;0000;;59,1874;;
020803;0000;;40,3065;;
020804;0000;;66,1853;;
020805;0000;;7,79582;;
020806;0000;;14,2304;;
020807;0000;;14,8354;;
020808;0000;;29,5;;
020809;0000;;48,8333;;
020810;0000;;18,6958;;
020811;0000;;34,5613;;
020812;0000;;40,7145;;
020813;0000;;65,8186;;
020814;0000;;38,7478;;
020815;0000;;52,7187;;
020816;0000;;43,9937;;
020817;0000;;24,1125;;
020818;0000;;25,9458;;
020819;0000;;44,1543;;
020820;0000;;42,8708;;
020821;0000;;35,1895;;
020822;0000;;13,2229;;
020823;0000;;12,3125;;
020824;0000;;18,7937;;
020825;0000;;33,1152;;
020826;0000;;23,3916;;
020827;0000;;10,1;;
020828;0000;;31,3916;;
020829;0000;;63,9782;;
020830;0000;;60,4891;;
020831;0000;;50,627;;
020901;0000;;37,5437;;
020902;0000;;32,5604;;
020903;0000;;49,1353;;
020904;0000;;24,213;;
020905;0000;;30,3386;;
020906;0000;;62,8136;;
020907;0000;;78,5187;;
020908;0000;;46,2565;;
020909;0000;;50,4999;;
020910;0000;;12,0667;;
020911;0000;;42,4064;;
020912;0000;;41,5434;;
020913;0000;;54,352;;
020914;0000;;19,2833;;
020915;0000;;14,7521;;
020916;0000;;18,3541;;
020917;0000;;20,1348;;
020918;0000;;30,1604;;
020919;0000;;16,0195;;
020920;0000;;28,5479;;
020921;0000;;24,663;;
020922;0000;;23,5083;;
020923;0000;;33,4363;;
020924;0000;;35,3354;;
020925;0000;;35,0912;;
020926;0000;;32,3895;;
020927;0000;;48,9625;;
020928;0000;;41,0312;;
020929;0000;;26,1187;;
020930;0000;;19,1;;
021001;0000;;18,2312;;
021002;0000;;36,4749;;
021003;0000;;18,3583;;
021004;0000;;26,4239;;
021005;0000;;16,2812;;
021006;0000;;15,4208;;
021007;0000;;30,3291;;
021008;0000;;18,8229;;
021009;0000;;39,7045;;
021010;0000;;29,9291;;
021011;0000;;6,92499;;
021012;0000;;16,9458;;
021013;0000;;24,9958;;
021014;0000;;31,7272;;
021015;0000;;31,9227;;
021016;0000;;32,5347;;
021017;0000;;27,7896;;
021018;0000;;31,0729;;
021019;0000;;34,2272;;
021020;0000;;19,7166;;
021021;0000;;;;
021022;0000;;;;
021023;0000;;13,4979;;
021024;0000;;12,7854;;
021025;0000;;14,1208;;
021026;0000;;17,4565;;
021027;0000;;21,1273;;
021028;0000;;22,4886;;
021029;0000;;18,9521;;
021030;0000;;20,0645;;
021031;0000;;19,9562;;
021101;0000;;10,9521;;
021102;0000;;15,9717;;
021103;0000;;13,4396;;
021104;0000;;15,5545;;
021105;0000;;24,5333;;
021106;0000;;18,1021;;
021107;0000;;14,0021;;
021108;0000;;21,0833;;
021109;0000;;16,4875;;
021110;0000;;12,4375;;
021111;0000;;15,4562;;
021112;0000;;14,275;;
021113;0000;;11,6587;;
021114;0000;;17,6479;;
021115;0000;;17,425;;
021116;0000;;9,93748;;
021117;0000;;15,1792;;
021118;0000;;11,0646;;
021119;0000;;14,6229;;
021120;0000;;24,0437;;
021121;0000;;26,5045;;
021122;0000;;20,2458;;
021123;0000;;16,3792;;
021124;0000;;10,5854;;
021125;0000;;8,34166;;
021126;0000;;22,5937;;
021127;0000;;26,2613;;
021128;0000;;23,4896;;
021129;0000;;28,3282;;
021130;0000;;25,2041;;
021201;0000;;26,7826;;
021202;0000;;29,5791;;
021203;0000;;28,0458;;
021204;0000;;25,9916;;
021205;0000;;30,55;;
021206;0000;;27,5937;;
021207;0000;;32,8124;;
021208;0000;;25,7125;;
021209;0000;;27,4;;
021210;0000;;31,1104;;
021211;0000;;30,4958;;
021212;0000;;28,7854;;
021213;0000;;23,7437;;
021214;0000;;18,625;;
021215;0000;;17,252;;
021216;0000;;26,7896;;
021217;0000;;30,9146;;
021218;0000;;27,6042;;
021219;0000;;23,7041;;
021220;0000;;21,6146;;
021221;0000;;17,3687;;
021222;0000;;17,4886;;
021223;0000;;17,0916;;
021224;0000;;14,425;;
021225;0000;;9,0354;;
021226;0000;;13,8354;;
021227;0000;;20,025;;
021228;0000;;18,7312;;
021229;0000;;17,2187;;
021230;0000;;21,525;;
021231;0000;;21,4793;;
030101;0000;;22,9556;;
030102;0000;;28,2654;;
030103;0000;;31,3133;;
030104;0000;;36,9886;;
030105;0000;;22,6279;;
030106;0000;;38,7725;;
030107;0000;;35,6239;;
030108;0000;;26,8445;;
030109;0000;;33,7341;;
030110;0000;;35,9998;;
030111;0000;;31,8083;;
030112;0000;;19,9375;;
030113;0000;;34,8585;;
030114;0000;;34,0472;;
030115;0000;;39,2081;;
030116;0000;;15,6658;;
030117;0000;;27,6745;;
030118;0000;;31,1231;;
030119;0000;;20,625;;
030120;0000;;19,525;;
030121;0000;;16,4908;;
030122;0000;;28,7506;;
030123;0000;;27,3969;;
030124;0000;;30,0898;;
030125;0000;;16,3694;;
030126;0000;;20,6548;;
030127;0000;;18,6633;;
030128;0000;;21,1337;;
030129;0000;;25,4352;;
030130;0000;;24,9071;;
030131;0000;;45,3841;;
030201;0000;;34,8814;;
030202;0000;;28,1554;;
030203;0000;;36,0272;;
030204;0000;;30,3325;;
030205;0000;;35,2206;;
030206;0000;;30,4585;;
030207;0000;;38,2479;;
030208;0000;;31,9068;;
030209;0000;;22,3116;;
030210;0000;;35,9388;;
030211;0000;;34,9845;;
030212;0000;;38,2799;;
030213;0000;;44,8914;;
030214;0000;;34,9685;;
030215;0000;;40,7274;;
030216;0000;;33,4495;;
030217;0000;;33,8616;;
030218;0000;;19,0443;;
030219;0000;;35,4222;;
030220;0000;;36,866;;
030221;0000;;41,8448;;
030222;0000;;33,9315;;
030223;0000;;27,0026;;
030224;0000;;29,5912;;
030225;0000;;35,6965;;
030226;0000;;27,8336;;
030227;0000;;45,0378;;
030228;0000;;33,33;;
030301;0000;;36,1991;;
030302;0000;;27,6696;;
030303;0000;;35,5093;;
030304;0000;;50,396;;
030305;0000;;38,6443;;
030306;0000;;44,1581;;
030307;0000;;42,4874;;
030308;0000;;35,1129;;
030309;0000;;20,6456;;
030310;0000;;27,9926;;
030311;0000;;42,602;;
030312;0000;;47,1074;;
030313;0000;;37,4251;;
030314;0000;;37,1639;;
030315;0000;;33,7906;;
030316;0000;;38,4774;;
030317;0000;;;;
030318;0000;;;;
030319;0000;;5,48166;;
030320;0000;;12,98;;
030321;0000;;16,4587;;
030322;0000;;21,7914;;
030323;0000;;27,0004;;
030324;0000;;17,4258;;
030325;0000;;26,7231;;
030326;0000;;12,8425;;
030327;0000;;10,686;;
030328;0000;;12,5347;;
030329;0000;;22,2;;
030330;0000;;21,8775;;
030331;0000;;27,3515;;
030401;0000;;66,0807;;
030402;0000;;;;
030403;0000;;24,5657;;
030404;0000;;27,0066;;
030405;0000;;30,7302;;
030406;0000;;;;
030407;0000;;28,3044;;
030408;0000;;15,2291;;
030409;0000;;;;
030410;0000;;41,2881;;
030411;0000;;37,9067;;
030412;0000;;22,5795;;
030413;0000;;21,3651;;
030414;0000;;26,5244;;
030415;0000;;23,3415;;
030416;0000;;48,3817;;
030417;0000;;22,6404;;
030418;0000;;19,2708;;
030419;0000;;21,1481;;
030420;0000;;14,3298;;
030421;0000;;17,8964;;
030422;0000;;32,3532;;
030423;0000;;37,5999;;
030424;0000;;60,6369;;
030425;0000;;50,3561;;
030426;0000;;58,5712;;
030427;0000;;37,1675;;
030428;0000;;147,66;;
030429;0000;;50,1702;;
030430;0000;;75,5967;;
030501;0000;;103,825;;
030502;0000;;56,6315;;
030503;0000;;75,7211;;
030504;0000;;72,6333;;
030505;0000;;85,41;;
030506;0000;;20,8015;;
030507;0000;;96,1945;;
030508;0000;;108,288;;
030509;0000;;54,0146;;
030510;0000;;91,1277;;
030511;0000;;99,3245;;
030512;0000;;25,9979;;
030513;0000;;41,8994;;
030514;0000;;149,981;;
030515;0000;;115,967;;
030516;0000;;101,751;;
030517;0000;;70,3523;;
030518;0000;;130,839;;
030519;0000;;99,1923;;
030520;0000;;40,0829;;
030521;0000;;43,0635;;
030522;0000;;51,6652;;
030523;0000;;66,5399;;
030524;0000;;115,017;;
030525;0000;;43,4683;;
030526;0000;;160,469;;
030527;0000;;146,788;;
030528;0000;;44,9818;;
030529;0000;;76,6735;;
030530;0000;;76,9116;;
030531;0000;;47,3577;;
030601;0000;;94,7305;;
030602;0000;;119,718;;
030603;0000;;170,124;;
030604;0000;;14,8669;;
030605;0000;;59,8857;;
030606;0000;;130,463;;
030607;0000;;138,734;;
030608;0000;;87,2806;;
030609;0000;;64,4409;;
030610;0000;;47,7271;;
030611;0000;;11,9877;;
030612;0000;;31,8955;;
030613;0000;;15,3405;;
030614;0000;;15,8988;;
030615;0000;;13,6393;;
030616;0000;;40,4044;;
030617;0000;;18,9944;;
030618;0000;;12,5227;;
030619;0000;;12,2793;;
030620;0000;;50,038;;
030621;0000;;33,4617;;
030622;0000;;34,2476;;
030623;0000;;44,1059;;
030624;0000;;73,6783;;
030625;0000;;50,2047;;
030626;0000;;23,9289;;
030627;0000;;37,1342;;
030628;0000;;78,3033;;
030629;0000;;35,0652;;
030630;0000;;36,0732;;
030701;0000;;44,0663;;
030702;0000;;22,9076;;
030703;0000;;95,0488;;
030704;0000;;97,4287;;
030705;0000;;91,797;;
030706;0000;;30,2445;;
030707;0000;;16,0575;;
030708;0000;;78,8271;;
030709;0000;;176,273;;
030710;0000;;138,861;;
030711;0000;;181,393;;
030712;0000;;290,163;;
030713;0000;;40,3307;;
030714;0000;;36,8193;;
030715;0000;;60,2932;;
030716;0000;;132,118;;
030717;0000;;48,691;;
030718;0000;;21,5688;;
030719;0000;;8,2206;;
030720;0000;;55,2158;;
030721;0000;;61,1081;;
030722;0000;;77,1772;;
030723;0000;;39,2641;;
030724;0000;;83,0393;;
030725;0000;;104,06;;
030726;0000;;148,931;;
030727;0000;;119,147;;
030728;0000;;118,38;;
030729;0000;;168,867;;
030730;0000;;145,563;;
030731;0000;;20,6672;;
030801;0000;;32,4021;;
030802;0000;;81,5626;;
030803;0000;;45,9171;;
030804;0000;;59,7224;;
030805;0000;;53,7968;;
030806;0000;;49,5756;;
030807;0000;;45,6174;;
030808;0000;;76,8804;;
030809;0000;;73,2347;;
030810;0000;;24,7064;;
030811;0000;;35,2733;;
030812;0000;;31,5952;;
030813;0000;;97,1001;;
030814;0000;;91,8911;;
030815;0000;;104,534;;
030816;0000;;92,9315;;
030817;0000;;22,2291;;
030818;0000;;20,4026;;
030819;0000;;29,415;;
030820;0000;;25,2067;;
030821;0000;;63,0231;;
030822;0000;;160,338;;
030823;0000;;46,2618;;
030824;0000;;34,8264;;
030825;0000;;30,9535;;
030826;0000;;33,025;;
030827;0000;;71,2914;;
030828;0000;;68,9722;;
030829;0000;;80,2426;;
030830;0000;;33,9143;;
030831;0000;;30,0125;;
030901;0000;;33,7218;;
030902;0000;;55,0228;;
030903;0000;;34,5377;;
030904;0000;;16,225;;
030905;0000;;14,2312;;
030906;0000;;30,4127;;
030907;0000;;41,6716;;
030908;0000;;50,0293;;
030909;0000;;71,5022;;
030910;0000;;50,593;;
030911;0000;;10,7708;;
030912;0000;;41,7816;;
030913;0000;;32,4545;;
030914;0000;;24,7683;;
030915;0000;;68,0234;;
030916;0000;;42,515;;
030917;0000;;17,3846;;
030918;0000;;19,6533;;
030919;0000;;28,4258;;
030920;0000;;35,1037;;
030921;0000;;32,8235;;
030922;0000;;17,4625;;
030923;0000;;32,3193;;
030924;0000;;30,1537;;
030925;0000;;41,7358;;
030926;0000;;21,1177;;
030927;0000;;47,6964;;
030928;0000;;44,6003;;
030929;0000;;47,8339;;
030930;0000;;30,3187;;
031001;0000;;29,3127;;
031002;0000;;32,851;;
031003;0000;;52,9764;;
031004;0000;;37,5054;;
031005;0000;;29,661;;
031006;0000;;23,6545;;
031007;0000;;11,1696;;
031008;0000;;15,2281;;
031009;0000;;23,8837;;
031010;0000;;33,3231;;
031011;0000;;34,4849;;
031012;0000;;18,8339;;
031013;0000;;37,5764;;
031014;0000;;36,4168;;
031015;0000;;38,2685;;
031016;0000;;28,6893;;
031017;0000;;24,4177;;
031018;0000;;14,2243;;
031019;0000;;14,6964;;
031020;0000;;18,6496;;
031021;0000;;17,2746;;
031022;0000;;18,6266;;
031023;0000;;22,7608;;
031024;0000;;25,7445;;
031025;0000;;20,4485;;
031026;0000;;26,9247;;
031027;0000;;36,9393;;
031028;0000;;33,6393;;
031029;0000;;17,1508;;
031030;0000;;34,0495;;
031031;0000;;41,2476;;
031101;0000;;31,7395;;
031102;0000;;43,8647;;
031103;0000;;29,221;;
031104;0000;;29,7573;;
031105;0000;;31,2757;;
031106;0000;;21,2873;;
031107;0000;;18,7318;;
031108;0000;;33,0549;;
031109;0000;;25,5337;;
031110;0000;;33,8708;;
031111;0000;;26,4802;;
031112;0000;;23,2787;;
031113;0000;;14,6231;;
031114;0000;;19,0781;;
031115;0000;;21,3217;;
031116;0000;;8,4929;;
031117;0000;;17,7512;;
031118;0000;;26,455;;
031119;0000;;18,6358;;
031120;0000;;22,5889;;
031121;0000;;22,9969;;
031122;0000;;12,2339;;
031123;0000;;13,5071;;
031124;0000;;;;
031125;0000;;;;
031126;0000;;14,7675;;
031127;0000;;26,2923;;
031128;0000;;28,4052;;
031129;0000;;23,1916;;
031130;0000;;25,9027;;
031201;0000;;22,0504;;
031202;0000;;34,4024;;
031203;0000;;29,2416;;
031204;0000;;13,8485;;
031205;0000;;14,921;;
031206;0000;;13,2114;;
031207;0000;;14,4421;;
031208;0000;;17,875;;
031209;0000;;31,4691;;
031210;0000;;15,84;;
031211;0000;;18,8375;;
031212;0000;;19,4723;;
031213;0000;;21,0787;;
031214;0000;;17,27;;
031215;0000;;19,4035;;
031216;0000;;31,2835;;
031217;0000;;24,4704;;
031218;0000;;34,226;;
031219;0000;;24,8073;;
031220;0000;;30,9879;;
031221;0000;;24,2297;;
031222;0000;;27,8529;;
031223;0000;;30,3852;;
031224;0000;;30,3164;;
031225;0000;;22,4308;;
031226;0000;;11,6531;;
031227;0000;;16,571;;
031228;0000;;20,1987;;
031229;0000;;24,7545;;
031230;0000;;30,7656;;
031231;0000;;41,9673;;
040101;0000;;;;
040102;0000;;;;
040103;0000;;;;
040104;0000;;;;
040105;0000;;;;
040106;0000;;;;
040107;0000;;;;
040108;0000;;;;
040109;0000;;;;
040110;0000;;;;
040111;0000;;;;
040112;0000;;;;
040113;0000;;;;
040114;0000;;;;
040115;0000;;;;
040116;0000;;;;
040117;0000;;;;
040118;0000;;;;
040119;0000;;;;
040120;0000;;;;
040121;0000;;;;
040122;0000;;;;
040123;0000;;;;
040124;0000;;;;
040125;0000;;;;
040126;0000;;;;
040127;0000;;;;
040128;0000;;;;
040129;0000;;;;
040130;0000;;;;
040131;0000;;;;
040201;0000;;;;
040202;0000;;;;
040203;0000;;;;
040204;0000;;;;
040205;0000;;;;
040206;0000;;;;
040207;0000;;;;
040208;0000;;;;
040209;0000;;;;
040210;0000;;;;
040211;0000;;;;
040212;0000;;;;
040213;0000;;;;
040214;0000;;;;
040215;0000;;;;
040216;0000;;;;
040217;0000;;;;
040218;0000;;;;
040219;0000;;;;
040220;0000;;;;
040221;0000;;;;
040222;0000;;;;
040223;0000;;;;
040224;0000;;;;
040225;0000;;;;
040226;0000;;;;
040227;0000;;;;
040228;0000;;;;
040229;0000;;;;
040301;0000;;;;
040302;0000;;;;
040303;0000;;;;
040304;0000;;;;
040305;0000;;;;
040306;0000;;;;
040307;0000;;;;
040308;0000;;;;
040309;0000;;;;
040310;0000;;;;
040311;0000;;;;
040312;0000;;;;
040313;0000;;;;
040314;0000;;;;
040315;0000;;;;
040316;0000;;;;
040317;0000;;;;
040318;0000;;;;
040319;0000;;;;
040320;0000;;;;
040321;0000;;;;
040322;0000;;;;
040323;0000;;;;
040324;0000;;;;
040325;0000;;;;
040326;0000;;;;
040327;0000;;;;
040328;0000;;;;
040329;0000;;;;
040330;0000;;;;
040331;0000;;;;
040401;0000;;;;
040402;0000;;;;
040403;0000;;;;
040404;0000;;;;
040405;0000;;;;
040406;0000;;;;
040407;0000;;;;
040408;0000;;20,2958;;
040409;0000;;25,3666;;
040410;0000;;40,3708;;
040411;0000;;46,2708;;
040412;0000;;6,81249;;
040413;0000;;16,4916;;
040414;0000;;48,5666;;
040415;0000;;70,4541;;
040416;0000;;28,7791;;
040417;0000;;43,3666;;
040418;0000;;45,3916;;
040419;0000;;95,0291;;
040420;0000;;42,5249;;
040421;0000;;34,1458;;
040422;0000;;116,446;;
040423;0000;;196,825;;
040424;0000;;92,2457;;
040425;0000;;91,0999;;
040426;0000;;56,9874;;
040427;0000;;55,0333;;
040428;0000;;78,8564;;
040429;0000;;78,3958;;
040430;0000;;142,546;;
040501;0000;;60,2083;;
040502;0000;;53,1458;;
040503;0000;;196,133;;
040504;0000;;152,121;;
040505;0000;;127,171;;
040506;0000;;108,35;;
040507;0000;;45,1541;;
040508;0000;;45,9166;;
040509;0000;;86,0916;;
040510;0000;;76,254;;
040511;0000;;132,883;;
040512;0000;;205,075;;
040513;0000;;201,292;;
040514;0000;;185,779;;
040515;0000;;;;
040516;0000;;;;
040517;0000;;;;
040518;0000;;;;
040519;0000;;;;
040520;0000;;;;
040521;0000;;146,417;;
040522;0000;;;;
040523;0000;;;;
040524;0000;;;;
040525;0000;;80,879;;
040526;0000;;251,529;;
040527;0000;;235,104;;
040528;0000;;99,8124;;
040529;0000;;115,858;;
040530;0000;;210,741;;
040531;0000;;83,5541;;
040601;0000;;119,15;;
040602;0000;;144,787;;
040603;0000;;103,03;;
040604;0000;;47,4318;;
040605;0000;;47,4166;;
040606;0000;;85,604;;
040607;0000;;92,1375;;
040608;0000;;36,3954;;
040609;0000;;;;
040610;0000;;143,062;;
040611;0000;;201,075;;
040612;0000;;127,271;;
040613;0000;;46,7249;;
040614;0000;;44,975;;
040615;0000;;54,6791;;
040616;0000;;103,179;;
040617;0000;;45,1083;;
040618;0000;;36,0041;;
040619;0000;;24,0875;;
040620;0000;;17,6292;;
040621;0000;;8,27081;;
040622;0000;;18,625;;
040623;0000;;33,5208;;
040624;0000;;16,7666;;
040625;0000;;38,4791;;
040626;0000;;35,1666;;
040627;0000;;10,125;;
040628;0000;;9,26248;;
040629;0000;;64,3958;;
040630;0000;;27,3583;;
040701;0000;;35,9457;;
040702;0000;;14,525;;
040703;0000;;31,6333;;
040704;0000;;17,25;;
040705;0000;;22,5541;;
040706;0000;;30,255;;
040707;0000;;88,2915;;
040708;0000;;62,5499;;
040709;0000;;88,0166;;
040710;0000;;154,016;;
040711;0000;;50,3207;;
040712;0000;;10,125;;
040713;0000;;29,1833;;
040714;0000;;37,4666;;
040715;0000;;95,9291;;
040716;0000;;168,35;;
040717;0000;;137,717;;
040718;0000;;36,1208;;
040719;0000;;45,9708;;
040720;0000;;91,7749;;
040721;0000;;9,30832;;
040722;0000;;19,4041;;
040723;0000;;39,0958;;
040724;0000;;56,6916;;
040725;0000;;17,3583;;
040726;0000;;48,4625;;
040727;0000;;73,5665;;
040728;0000;;67,2708;;
040729;0000;;82,1124;;
040730;0000;;129,326;;
040731;0000;;56,3166;;
040801;0000;;38,3916;;
040802;0000;;12,7417;;
040803;0000;;18,2375;;
040804;0000;;13,8833;;
040805;0000;;61,5791;;
040806;0000;;123,462;;
040807;0000;;130,275;;
040808;0000;;121,221;;
040809;0000;;146,467;;
040810;0000;;119,937;;
040811;0000;;78,7333;;
040812;0000;;33,8318;;
040813;0000;;29,6917;;
040814;0000;;56,1374;;
040815;0000;;54,1041;;
040816;0000;;90,7999;;
040817;0000;;84,9415;;
040818;0000;;139,7;;
040819;0000;;123,175;;
040820;0000;;109,679;;
040821;0000;;86,5999;;
040822;0000;;83,9332;;
040823;0000;;57,2374;;
040824;0000;;49,8166;;
040825;0000;;138,671;;
040826;0000;;85,1665;;
040827;0000;;32,5739;;
040828;0000;;20,625;;
040829;0000;;22,8125;;
040830;0000;;22,7583;;
040831;0000;;38,3499;;
040901;0000;;82,1541;;
040902;0000;;93,2041;;
040903;0000;;52,2291;;
040904;0000;;13,5625;;
040905;0000;;12,7041;;
040906;0000;;23,1625;;
040907;0000;;61,2125;;
040908;0000;;91,4957;;
040909;0000;;104,478;;
040910;0000;;80,2582;;
040911;0000;;69,6124;;
040912;0000;;59,8041;;
040913;0000;;29,25;;
040914;0000;;64,4791;;
040915;0000;;37,9374;;
040916;0000;;84,5166;;
040917;0000;;42,6583;;
040918;0000;;17,6583;;
040919;0000;;27,7583;;
040920;0000;;74,3124;;
040921;0000;;45,0541;;
040922;0000;;38,4208;;
040923;0000;;48,4333;;
040924;0000;;20,8;;
040925;0000;;33,9041;;
040926;0000;;43,5375;;
040927;0000;;23,7041;;
040928;0000;;23,7458;;
040929;0000;;18,8416;;
040930;0000;;44,6391;;
041001;0000;;22,6292;;
041002;0000;;18,4875;;
041003;0000;;10,6375;;
041004;0000;;18,5083;;
041005;0000;;34,4166;;
041006;0000;;29,0333;;
041007;0000;;30,7375;;
041008;0000;;18,125;;
041009;0000;;14,3208;;
041010;0000;;11,8625;;
041011;0000;;16,4875;;
041012;0000;;25,8458;;
041013;0000;;42,1041;;
041014;0000;;40,6958;;
041015;0000;;20,9541;;
041016;0000;;16,1304;;
041017;0000;;20,625;;
041018;0000;;20,5166;;
041019;0000;;30,5708;;
041020;0000;;18,8125;;
041021;0000;;19,3875;;
041022;0000;;28,4833;;
041023;0000;;20,5625;;
041024;0000;;12,5458;;
041025;0000;;13,9375;;
041026;0000;;23,325;;
041027;0000;;29,8083;;
041028;0000;;42,7916;;
041029;0000;;30,6625;;
041030;0000;;38,0624;;
041031;0000;;22,825;;
041101;0000;;14,6167;;
041102;0000;;17,5208;;
041103;0000;;23,6666;;
041104;0000;;17,5125;;
041105;0000;;24,2625;;
041106;0000;;21,0708;;
041107;0000;;18,0583;;
041108;0000;;30,5125;;
041109;0000;;19,625;;
041110;0000;;21,2458;;
041111;0000;;17,7458;;
041112;0000;;16,3375;;
041113;0000;;10,4375;;
041114;0000;;16,2666;;
041115;0000;;23,8625;;
041116;0000;;21,6416;;
041117;0000;;16,9125;;
041118;0000;;22,375;;
041119;0000;;21,9958;;
041120;0000;;16,1292;;
041121;0000;;13,5458;;
041122;0000;;19,1791;;
041123;0000;;26,3625;;
041124;0000;;23,0391;;
041125;0000;;25,9166;;
041126;0000;;19,2458;;
041127;0000;;24,8041;;
041128;0000;;15,4292;;
041129;0000;;23,1292;;
041130;0000;;26,7666;;
041201;0000;;9,77081;;
041202;0000;;13,0083;;
041203;0000;;9,77081;;
041204;0000;;15,3167;;
041205;0000;;;;
041206;0000;;;;
041207;0000;;12,9875;;
041208;0000;;17,1875;;
041209;0000;;21,2708;;
041210;0000;;24,1667;;
041211;0000;;20,8208;;
041212;0000;;23,05;;
041213;0000;;19,4916;;
041214;0000;;18,725;;
041215;0000;;17,0916;;
041216;0000;;21,325;;
041217;0000;;15,9541;;
041218;0000;;10,4625;;
041219;0000;;14,7791;;
041220;0000;;14,5833;;
041221;0000;;17,325;;
041222;0000;;26,825;;
041223;0000;;21,6125;;
041224;0000;;13,8625;;
041225;0000;;15,2166;;
041226;0000;;17,0208;;
041227;0000;;21,4708;;
041228;0000;;19,825;;
041229;0000;;16,0583;;
041230;0000;;19,5083;;
041231;0000;;29,4041;;
050101;0000;;13,3125;;
050102;0000;;15,3458;;
050103;0000;;14,3083;;
050104;0000;;22,7542;;
050105;0000;;18,6666;;
050106;0000;;22,1917;;
050107;0000;;19,075;;
050108;0000;;19,9333;;
050109;0000;;16,8875;;
050110;0000;;21,2416;;
050111;0000;;24,8291;;
050112;0000;;26,3291;;
050113;0000;;23,05;;
050114;0000;;17,8682;;
050115;0000;;17,2291;;
050116;0000;;15,7666;;
050117;0000;;26,4625;;
050118;0000;;29,6708;;
050119;0000;;27,8416;;
050120;0000;;34,5958;;
050121;0000;;30,3125;;
050122;0000;;15,15;;
050123;0000;;15,2041;;
050124;0000;;16,5875;;
050125;0000;;20,8583;;
050126;0000;;23,8347;;
050127;0000;;17,425;;
050128;0000;;20,0708;;
050129;0000;;11;;
050130;0000;;13,0042;;
050131;0000;;20,3541;;
050201;0000;;29,2375;;
050202;0000;;33,9416;;
050203;0000;;33,5708;;
050204;0000;;24,1227;;
050205;0000;;17,7542;;
050206;0000;;13,8583;;
050207;0000;;11,3083;;
050208;0000;;18,3125;;
050209;0000;;26,9833;;
050210;0000;;46,6318;;
050211;0000;;22,625;;
050212;0000;;19,7833;;
050213;0000;;18,4;;
050214;0000;;31,5708;;
050215;0000;;21,0083;;
050216;0000;;12,375;;
050217;0000;;18,8375;;
050218;0000;;24,3125;;
050219;0000;;21,2958;;
050220;0000;;19,175;;
050221;0000;;19,875;;
050222;0000;;22,0875;;
050223;0000;;34,4458;;
050224;0000;;36,7916;;
050225;0000;;34,5875;;
050226;0000;;24,2166;;
050227;0000;;18,8041;;
050228;0000;;47,2999;;
050301;0000;;39,9125;;
050302;0000;;35,2374;;
050303;0000;;27,2666;;
050304;0000;;15,725;;
050305;0000;;19,1083;;
050306;0000;;19,3375;;
050307;0000;;15,5333;;
050308;0000;;18,3291;;
050309;0000;;16,0916;;
050310;0000;;20,85;;
050311;0000;;25,7;;
050312;0000;;37,4478;;
050313;0000;;46,3666;;
050314;0000;;34,7291;;
050315;0000;;10,8542;;
050316;0000;;18,5375;;
050317;0000;;19,1541;;
050318;0000;;24,1708;;
050319;0000;;21,7625;;
050320;0000;;13,9375;;
050321;0000;;27,1958;;
050322;0000;;31,3541;;
050323;0000;;30,0583;;
050324;0000;;20,8958;;
050325;0000;;16,0208;;
050326;0000;;18,7083;;
050327;0000;;23,4875;;
050328;0000;;20,275;;
050329;0000;;29,3375;;
050330;0000;;53,475;;
050331;0000;;53,5333;;
050401;0000;;42,7041;;
050402;0000;;45,1541;;
050403;0000;;36,0958;;
050404;0000;;33,2916;;
050405;0000;;30,9791;;
050406;0000;;27,5333;;
050407;0000;;32,2958;;
050408;0000;;59,5041;;
050409;0000;;;19,4125;
050410;0000;;;0;
050411;0000;;;0;
050412;0000;;;0;
050413;0000;;;4,55652;
050414;0000;;45,335;;
050415;0000;;70,0458;;
050416;0000;;31,8333;;
050417;0000;;49,2666;;
050418;0000;;35,1916;;
050419;0000;;72,95;;
050420;0000;;103,687;;
050421;0000;;120,3;;
050422;0000;;100,508;;
050423;0000;;51,0082;;
050424;0000;;100,208;;
050425;0000;;156,783;;
050426;0000;;158,008;;
050427;0000;;121,975;;
050428;0000;;95,2499;;
050429;0000;;111,608;;
050430;0000;;104,992;;
050501;0000;;38,2999;;
050502;0000;;53,8124;;
050503;0000;;36,0916;;
050504;0000;;47,3583;;
050505;0000;;78,6375;;
050506;0000;;;120,861;
050507;0000;;87,0957;;
050508;0000;;34,5166;;
050509;0000;;18,5916;;
050510;0000;;26,9083;;
050511;0000;;25,9125;;
050512;0000;;59,9083;;
050513;0000;;51,4958;;
050514;0000;;69,4999;;
050515;0000;;43,1;;
050516;0000;;18,5042;;
050517;0000;;23,125;;
050518;0000;;30,25;;
050519;0000;;55,8249;;
050520;0000;;70,0999;;
050521;0000;;61,0374;;
050522;0000;;19,7174;;
050523;0000;;;;
050524;0000;;;;
050525;0000;;55,8458;;
050526;0000;;39,8749;;
050527;0000;;10,8833;;
050528;0000;;16,2208;;
050529;0000;;58,7083;;
050530;0000;;90,4874;;
050531;0000;;54,8208;;
050601;0000;;33,6124;;
050602;0000;;40,9041;;
050603;0000;;33,3666;;
050604;0000;;29,7291;;
050605;0000;;54,6791;;
050606;0000;;33,2999;;
050607;0000;;82,4749;;
050608;0000;;78,1458;;
050609;0000;;65,8954;;
050610;0000;;27,1625;;
050611;0000;;17,1708;;
050612;0000;;66,3374;;
050613;0000;;117,833;;
050614;0000;;267,329;;
050615;0000;;254,566;;
050616;0000;;143,391;;
050617;0000;;75,8082;;
050618;0000;;100,629;;
050619;0000;;86,5624;;
050620;0000;;128,65;;
050621;0000;;84,8124;;
050622;0000;;139,225;;
050623;0000;;83,0129;;
050624;0000;;37,6124;;
050625;0000;;33,6833;;
050626;0000;;10,7458;;
050627;0000;;29,7542;;
050628;0000;;70,5291;;
050629;0000;;129,725;;
050630;0000;;16,4625;;
050701;0000;;14,2125;;
050702;0000;;13,35;;
050703;0000;;43,15;;
050704;0000;;122,946;;
050705;0000;;143,675;;
050706;0000;;95,5249;;
050707;0000;;27,7227;;
050708;0000;;89,7207;;
050709;0000;;122,704;;
050710;0000;;97,3457;;
050711;0000;;197,566;;
050712;0000;;43,0166;;
050713;0000;;53,7833;;
050714;0000;;120,817;;
050715;0000;;187,15;;
050716;0000;;70,4957;;
050717;0000;;90,0665;;
050718;0000;;217,108;;
050719;0000;;97,204;;
050720;0000;;49,8958;;
050721;0000;;62,1083;;
050722;0000;;144,125;;
050723;0000;;147,633;;
050724;0000;;161,467;;
050725;0000;;216,116;;
050726;0000;;178,362;;
050727;0000;;84,504;;
050728;0000;;60,6916;;
050729;0000;;13,4458;;
050730;0000;;22,7041;;
050731;0000;;38,4749;;
050801;0000;;16,0416;;
050802;0000;;30,4565;;
050803;0000;;26,0087;;
050804;0000;;59,9583;;
050805;0000;;46,5708;;
050806;0000;;47,8541;;
050807;0000;;137,616;;
050808;0000;;142,421;;
050809;0000;;130,396;;
050810;0000;;102,883;;
050811;0000;;39,1624;;
050812;0000;;29,6541;;
050813;0000;;54,3666;;
050814;0000;;149,467;;
050815;0000;;93,8333;;
050816;0000;;18,2608;;
050817;0000;;66,7083;;
050818;0000;;123,192;;
050819;0000;;134,847;;
050820;0000;;37,3541;;
050821;0000;;24,1875;;
050822;0000;;36,7958;;
050823;0000;;97,479;;
050824;0000;;92,4707;;
050825;0000;;31,5291;;
050826;0000;;14;;
050827;0000;;32,9958;;
050828;0000;;43,4208;;
050829;0000;;43,1708;;
050830;0000;;133,717;;
050831;0000;;113,062;;
050901;0000;;74,0208;;
050902;0000;;63,4249;;
050903;0000;;26,8916;;
050904;0000;;56,5374;;
050905;0000;;29,4375;;
050906;0000;;25,0042;;
050907;0000;;30,1125;;
050908;0000;;51,1958;;
050909;0000;;82,7582;;
050910;0000;;58,1333;;
050911;0000;;147,329;;
050912;0000;;57,5666;;
050913;0000;;49,7681;;
050914;0000;;66,9541;;
050915;0000;;97,3124;;
050916;0000;;43,5869;;
050917;0000;;27,2875;;
050918;0000;;33,8041;;
050919;0000;;43,8958;;
050920;0000;;33,1333;;
050921;0000;;48,9874;;
050922;0000;;50,4625;;
050923;0000;;24,2458;;
050924;0000;;44,2666;;
050925;0000;;48,9374;;
050926;0000;;24,4708;;
050927;0000;;22,6041;;
050928;0000;;34,4625;;
050929;0000;;66,2958;;
050930;0000;;53,1291;;
051001;0000;;64,45;;
051002;0000;;25,5125;;
051003;0000;;17,2375;;
051004;0000;;26,7913;;
051005;0000;;28,525;;
051006;0000;;27,6208;;
051007;0000;;30,3458;;
051008;0000;;40,7086;;
051009;0000;;13,3583;;
051010;0000;;18,0083;;
051011;0000;;13,8042;;
051012;0000;;24,2416;;
051013;0000;;48,6083;;
051014;0000;;47,2666;;
051015;0000;;25,5125;;
051016;0000;;30,2666;;
051017;0000;;50,45;;
051018;0000;;16,4041;;
051019;0000;;20,4478;;
051020;0000;;18,4348;;
051021;0000;;21,3;;
051022;0000;;17,9541;;
051023;0000;;17,2083;;
051024;0000;;17,0409;;
051025;0000;;24,7166;;
051026;0000;;23,775;;
051027;0000;;27,775;;
051028;0000;;9,72499;;
051029;0000;;12,6917;;
051030;0000;;9,96666;;
051031;0000;;8,66249;;
051101;0000;;10,7417;;
051102;0000;;7,17082;;
051103;0000;;9,11665;;
051104;0000;;12,3916;;
051105;0000;;9,03477;;
051106;0000;;15,1708;;
051107;0000;;11,2875;;
051108;0000;;9,75217;;
051109;0000;;;8,90416;
051110;0000;;;8,22499;
051111;0000;;;9,70833;
051112;0000;;;9,13332;
051113;0000;;;6,1125;
051114;0000;;;5,60416;
051115;0000;;;6,89582;
051116;0000;;;6,37916;
051117;0000;;;2,7;
051118;0000;;;5,86666;
051119;0000;;;5,83333;
051120;0000;;;6,30416;
051121;0000;;;3,69583;
051122;0000;;;4,20833;
051123;0000;;;4,66249;
051124;0000;;;4,15416;
051125;0000;;;4,11666;
051126;0000;;;3,93333;
051127;0000;;;4,65833;
051128;0000;;;7,22916;
051129;0000;;;5,56249;
051130;0000;;;5,07499;
051201;0000;;;4,97916;
051202;0000;;;8,46249;
051203;0000;;13,9208;;
051204;0000;;8,97916;;
051205;0000;;11,0958;;
051206;0000;;16,125;;
051207;0000;;13,4917;;
051208;0000;;15,5125;;
051209;0000;;20,3083;;
051210;0000;;18,75;;
051211;0000;;17,1833;;
051212;0000;;17,9541;;
051213;0000;;22,2916;;
051214;0000;;21,6125;;
051215;0000;;20,9182;;
051216;0000;;33,3708;;
051217;0000;;26,5833;;
051218;0000;;13,3958;;
051219;0000;;14,3792;;
051220;0000;;20,575;;
051221;0000;;27,1541;;
051222;0000;;19,5916;;
051223;0000;;25,275;;
051224;0000;;27,3041;;
051225;0000;;25,9417;;
051226;0000;;35,2499;;
051227;0000;;31,0125;;
051228;0000;;24,5625;;
051229;0000;;21,4333;;
051230;0000;;20,7958;;
051231;0000;;22,1458;;
060101;0000;;16,3416;;
060102;0000;;20,475;;
060103;0000;;23,6454;;
060104;0000;;13,9458;;
060105;0000;;9,43748;;
060106;0000;;15,2792;;
060107;0000;;17,3666;;
060108;0000;;11,3625;;
060109;0000;;10,5375;;
060110;0000;;15,9583;;
060111;0000;;19,525;;
060112;0000;;13,6458;;
060113;0000;;18,9;;
060114;0000;;13,6;;
060115;0000;;11,1958;;
060116;0000;;17,05;;
060117;0000;;26,3041;;
060118;0000;;14,5;;
060119;0000;;15,9708;;
060120;0000;;18,6273;;
060121;0000;;33,9708;;
060122;0000;;20,3958;;
060123;0000;;22,5791;;
060124;0000;;22,95;;
060125;0000;;25;;
060126;0000;;32,1833;;
060127;0000;;33,6124;;
060128;0000;;32,0583;;
060129;0000;;14,2542;;
060130;0000;;30,575;;
060131;0000;;38,6333;;
060201;0000;;37,0166;;
060202;0000;;30,8125;;
060203;0000;;46,9333;;
060204;0000;;25,45;;
060205;0000;;14,6;;
060206;0000;;29,5625;;
060207;0000;;15,6136;;
060208;0000;;27,6458;;
060209;0000;;31,7916;;
060210;0000;;41,775;;
060211;0000;;27,4541;;
060212;0000;;25,4;;
060213;0000;;45,6791;;
060214;0000;;43,1124;;
060215;0000;;22,8958;;
060216;0000;;28,6416;;
060217;0000;;31,0208;;
060218;0000;;29,825;;
060219;0000;;21,7708;;
060220;0000;;25,2916;;
060221;0000;;23,9792;;
060222;0000;;8,65454;;
060223;0000;;9,38748;;
060224;0000;;15,0166;;
060225;0000;;13,2041;;
060226;0000;;12,0625;;
060227;0000;;15,9625;;
060228;0000;;11,825;;
060301;0000;;13,0708;;
060302;0000;;15,8667;;
060303;0000;;17,4208;;
060304;0000;;26,1666;;
060305;0000;;28,4541;;
060306;0000;;9,86249;;
060307;0000;;18,2095;;
060308;0000;;8,79166;;
060309;0000;;13,2087;;
060310;0000;;21,3875;;
060311;0000;;26,113;;
060312;0000;;42,4583;;
060313;0000;;15,6083;;
060314;0000;;17,8291;;
060315;0000;;19,9041;;
060316;0000;;27,6208;;
060317;0000;;26,1333;;
060318;0000;;38,6166;;
060319;0000;;9,21249;;
060320;0000;;19,3125;;
060321;0000;;22,3542;;
060322;0000;;48,3666;;
060323;0000;;37,8375;;
060324;0000;;39,9041;;
060325;0000;;61,2541;;
060326;0000;;32,9583;;
060327;0000;;43,1874;;
060328;0000;;29,7791;;
060329;0000;;38,525;;
060330;0000;;48,009;;
060331;0000;;42,4874;;
060401;0000;;49,4625;;
060402;0000;;50,1208;;
060403;0000;;47,825;;
060404;0000;;49,0708;;
060405;0000;;69,9916;;
060406;0000;;69,1582;;
060407;0000;;56,9749;;
060408;0000;;67,7791;;
060409;0000;;29,0083;;
060410;0000;;28,8916;;
060411;0000;;32,6375;;
060412;0000;;21,9291;;
060413;0000;;38,9681;;
060414;0000;;53,7499;;
060415;0000;;97,4249;;
060416;0000;;99,3248;;
060417;0000;;136,342;;
060418;0000;;43,0666;;
060419;0000;;13,7174;;
060420;0000;;45,4;;
060421;0000;;45,6249;;
060422;0000;;20,1208;;
060423;0000;;78,3165;;
060424;0000;;108,675;;
060425;0000;;24,35;;
060426;0000;;33,7916;;
060427;0000;;60,0041;;
060428;0000;;42,9291;;
060429;0000;;112,362;;
060430;0000;;71,2124;;
060501;0000;;93,1707;;
060502;0000;;116,312;;
060503;0000;;37,2458;;
060504;0000;;41,2166;;
060505;0000;;86,45;;
060506;0000;;111,1;;
060507;0000;;131,021;;
060508;0000;;;;
060509;0000;;;;
060510;0000;;68,6249;;
060511;0000;;164,641;;
060512;0000;;133,6;;
060513;0000;;58,325;;
060514;0000;;66,7916;;
060515;0000;;30,6083;;
060516;0000;;37,2;;
060517;0000;;33,2083;;
060518;0000;;111,846;;
060519;0000;;197,961;;
060520;0000;;221,287;;
060521;0000;;111,474;;
060522;0000;;;147,627;
060523;0000;;134,217;;
060524;0000;;19,4708;;
060525;0000;;15,1125;;
060526;0000;;58,0333;;
060527;0000;;176,812;;
060528;0000;;117,208;;
060529;0000;;120,942;;
060530;0000;;108,462;;
060531;0000;;29,0458;;
060601;0000;;43,2416;;
060602;0000;;90,1832;;
060603;0000;;75,479;;
060604;0000;;35,1625;;
060605;0000;;22,6583;;
060606;0000;;17,3916;;
060607;0000;;18,9125;;
060608;0000;;82,6333;;
060609;0000;;221,512;;
060610;0000;;133,858;;
060611;0000;;13,2292;;
060612;0000;;33,3749;;
060613;0000;;86,7083;;
060614;0000;;119,727;;
060615;0000;;68,9999;;
060616;0000;;32,8624;;
060617;0000;;28,8167;;
060618;0000;;29,7125;;
060619;0000;;26,8625;;
060620;0000;;42,9916;;
060621;0000;;68,8457;;
060622;0000;;76,0833;;
060623;0000;;71,1958;;
060624;0000;;24,6541;;
060625;0000;;81,0332;;
060626;0000;;44,7625;;
060627;0000;;137,279;;
060628;0000;;72,6874;;
060629;0000;;82,8291;;
060630;0000;;59,1208;;
060701;0000;;14,5292;;
060702;0000;;57,4208;;
060703;0000;;159,65;;
060704;0000;;152,062;;
060705;0000;;121,337;;
060706;0000;;20,9833;;
060707;0000;;22,7375;;
060708;0000;;42,1249;;
060709;0000;;29,6583;;
060710;0000;;7,77083;;
060711;0000;;42,2166;;
060712;0000;;51,4291;;
060713;0000;;100,071;;
060714;0000;;143,25;;
060715;0000;;113,412;;
060716;0000;;36,6833;;
060717;0000;;52,8499;;
060718;0000;;85,2625;;
060719;0000;;64,2291;;
060720;0000;;25,65;;
060721;0000;;27,5208;;
060722;0000;;45,2041;;
060723;0000;;28,5;;
060724;0000;;7,2375;;
060725;0000;;26,3958;;
060726;0000;;38,5333;;
060727;0000;;50,6874;;
060728;0000;;120,108;;
060729;0000;;229,571;;
060730;0000;;181,696;;
060731;0000;;316,159;;
060801;0000;;202,016;;
060802;0000;;92,2291;;
060803;0000;;71,9666;;
060804;0000;;61,1;;
060805;0000;;102,046;;
060806;0000;;39,7208;;
060807;0000;;24,4541;;
060808;0000;;19,7125;;
060809;0000;;37,2374;;
060810;0000;;23,6416;;
060811;0000;;27,4958;;
060812;0000;;54,8833;;
060813;0000;;22,05;;
060814;0000;;73,379;;
060815;0000;;139,825;;
060816;0000;;80,5874;;
060817;0000;;94,0208;;
060818;0000;;158,116;;
060819;0000;;98,9082;;
060820;0000;;66,4916;;
060821;0000;;95,3457;;
060822;0000;;65,4541;;
060823;0000;;79,3624;;
060824;0000;;160,671;;
060825;0000;;43,1249;;
060826;0000;;92,7166;;
060827;0000;;85,5458;;
060828;0000;;107,121;;
060829;0000;;73,7457;;
060830;0000;;22,6875;;
060831;0000;;42,325;;
060901;0000;;82,7665;;
060902;0000;;114,837;;
060903;0000;;101,854;;
060904;0000;;132,379;;
060905;0000;;160,562;;
060906;0000;;124,704;;
060907;0000;;45,8749;;
060908;0000;;37,575;;
060909;0000;;22,2166;;
060910;0000;;25,8416;;
060911;0000;;48,5583;;
060912;0000;;83,9666;;
060913;0000;;72,2666;;
060914;0000;;57,7291;;
060915;0000;;93,0833;;
060916;0000;;72,1791;;
060917;0000;;87,0332;;
060918;0000;;75,6791;;
060919;0000;;53,9916;;
060920;0000;;48,65;;
060921;0000;;23,6041;;
060922;0000;;26,9333;;
060923;0000;;46,7958;;
060924;0000;;94,4041;;
060925;0000;;73,575;;
060926;0000;;35,3624;;
060927;0000;;71,9332;;
060928;0000;;37,575;;
060929;0000;;27,7458;;
060930;0000;;44,6208;;
061001;0000;;34,0125;;
061002;0000;;82,6499;;
061003;0000;;70,504;;
061004;0000;;37,9541;;
061005;0000;;53,0416;;
061006;0000;;26,1333;;
061007;0000;;39,6;;
061008;0000;;24,1041;;
061009;0000;;48,0875;;
061010;0000;;12,6833;;
061011;0000;;19,4833;;
061012;0000;;31,85;;
061013;0000;;21,0958;;
061014;0000;;17,5083;;
061015;0000;;25,7542;;
061016;0000;;27,5166;;
061017;0000;;44,6041;;
061018;0000;;18,6041;;
061019;0000;;36,8041;;
061020;0000;;22,3916;;
061021;0000;;38,1375;;
061022;0000;;28,5708;;
061023;0000;;24,3583;;
061024;0000;;9,43748;;
061025;0000;;26,3458;;
061026;0000;;26,7291;;
061027;0000;;11,0958;;
061028;0000;;23,3125;;
061029;0000;;21,4916;;
061030;0000;;18,6208;;
061031;0000;;24,9208;;
061101;0000;;15,6416;;
061102;0000;;15,4583;;
061103;0000;;27,8708;;
061104;0000;;19,25;;
061105;0000;;13,675;;
061106;0000;;19,4792;;
061107;0000;;24,3416;;
061108;0000;;30,3666;;
061109;0000;;26,9875;;
061110;0000;;45,3291;;
061111;0000;;32,5791;;
061112;0000;;67,5665;;
061113;0000;;25,0708;;
061114;0000;;12,6;;
061115;0000;;18,2208;;
061116;0000;;31,5833;;
061117;0000;;24,7958;;
061118;0000;;23,9458;;
061119;0000;;16,4208;;
061120;0000;;15,2666;;
061121;0000;;24,675;;
061122;0000;;21,6083;;
061123;0000;;14,8125;;
061124;0000;;21,0708;;
061125;0000;;24,9041;;
061126;0000;;24,6625;;
061127;0000;;30,2583;;
061128;0000;;15,7792;;
061129;0000;;18,3666;;
061130;0000;;14,1208;;
061201;0000;;20,0833;;
061202;0000;;15,7791;;
061203;0000;;14,3916;;
061204;0000;;18,0417;;
061205;0000;;19,2875;;
061206;0000;;20,1833;;
061207;0000;;23,8833;;
061208;0000;;17,5083;;
061209;0000;;16,4208;;
061210;0000;;14,5333;;
061211;0000;;16,2542;;
061212;0000;;27,1917;;
061213;0000;;16,1625;;
061214;0000;;19,3458;;
061215;0000;;166,275;;
061216;0000;;33,4333;;
061217;0000;;11,0208;;
061218;0000;;8,23332;;
061219;0000;;11,2208;;
061220;0000;;17,5;;
061221;0000;;12,5166;;
061222;0000;;16,2;;
061223;0000;;8,27083;;
061224;0000;;10,6917;;
061225;0000;;13,0458;;
061226;0000;;14,175;;
061227;0000;;20,1541;;
061228;0000;;28,2875;;
061229;0000;;19,95;;
061230;0000;;10,6458;;
061231;0000;;9,78749;;
070101;0000;;14,8;;
070102;0000;;18,4333;;
070103;0000;;16,2666;;
070104;0000;;19,2875;;
070105;0000;;18,6375;;
070106;0000;;25,2291;;
070107;0000;;27,6625;;
070108;0000;;17,0458;;
070109;0000;;13,8;;
070110;0000;;20,7375;;
070111;0000;;26,6958;;
070112;0000;;35,5708;;
070113;0000;;35,1249;;
070114;0000;;25,0042;;
070115;0000;;26,475;;
070116;0000;;26,2375;;
070117;0000;;20,2833;;
070118;0000;;16,6;;
070119;0000;;21,7791;;
070120;0000;;28,1833;;
070121;0000;;26,8167;;
070122;0000;;44,7083;;
070123;0000;;12,3125;;
070124;0000;;16,3913;;
070125;0000;;16,2542;;
070126;0000;;16,4833;;
070127;0000;;22,9791;;
070128;0000;;14,4333;;
070129;0000;;18,3792;;
070130;0000;;20,6708;;
070131;0000;;28,0541;;
070201;0000;;27,5166;;
070202;0000;;25,95;;
070203;0000;;19,2833;;
070204;0000;;11,2375;;
070205;0000;;14,2458;;
070206;0000;;24,3208;;
070207;0000;;25,2833;;
070208;0000;;25,8666;;
070209;0000;;28,8583;;
070210;0000;;44,3564;;
070211;0000;;50,5958;;
070212;0000;;32,5791;;
070213;0000;;24,6791;;
070214;0000;;22,575;;
070215;0000;;7,01499;;
070216;0000;;16,725;;
070217;0000;;14,325;;
070218;0000;;8,72083;;
070219;0000;;16,5375;;
070220;0000;;19,2125;;
070221;0000;;15,8;;
070222;0000;;9,26248;;
070223;0000;;17,1125;;
070224;0000;;16,3375;;
070225;0000;;12,3083;;
070226;0000;;17,3583;;
070227;0000;;23,65;;
070228;0000;;19,3416;;
070301;0000;;19,9833;;
070302;0000;;22,3333;;
070303;0000;;25,1917;;
070304;0000;;15,4041;;
070305;0000;;23,4304;;
070306;0000;;14,6042;;
070307;0000;;17,2625;;
070308;0000;;16,1083;;
070309;0000;;17,1;;
070310;0000;;18,4791;;
070311;0000;;14,9458;;
070312;0000;;8,94998;;
070313;0000;;53,1625;;
070314;0000;;32,4916;;
070315;0000;;21,5083;;
070316;0000;;17,2292;;
070317;0000;;16,375;;
070318;0000;;11,8875;;
070319;0000;;16,2041;;
070320;0000;;34,8958;;
070321;0000;;18,7333;;
070322;0000;;16,3608;;
070323;0000;;20,0125;;
070324;0000;;15,075;;
070325;0000;;11,0087;;
070326;0000;;22,2666;;
070327;0000;;38,7416;;
070328;0000;;62,2416;;
070329;0000;;40,6166;;
070330;0000;;29,3416;;
070331;0000;;46,4999;;
070401;0000;;58,0869;;
070402;0000;;42,9374;;
070403;0000;;31,325;;
070404;0000;;44,6375;;
070405;0000;;20,9458;;
070406;0000;;15,6875;;
070407;0000;;21,2416;;
070408;0000;;33,3083;;
070409;0000;;33,9333;;
070410;0000;;36,9458;;
070411;0000;;28,0833;;
070412;0000;;38,5958;;
070413;0000;;20,9208;;
070414;0000;;31,5391;;
070415;0000;;33,2625;;
070416;0000;;18,8958;;
070417;0000;;22,4333;;
070418;0000;;22,9875;;
070419;0000;;42,0291;;
070420;0000;;40,3375;;
070421;0000;;55,6041;;
070422;0000;;44,1416;;
070423;0000;;70,4957;;
070424;0000;;51,6583;;
070425;0000;;96,879;;
070426;0000;;68,2207;;
070427;0000;;182,121;;
070428;0000;;132,875;;
070429;0000;;88,9124;;
070430;0000;;35,3041;;
070501;0000;;16,8208;;
070502;0000;;34,2958;;
070503;0000;;55,7541;;
070504;0000;;31,2375;;
070505;0000;;80,2708;;
070506;0000;;192,275;;
070507;0000;;133,875;;
070508;0000;;104,008;;
070509;0000;;88,5458;;
070510;0000;;55,8416;;
070511;0000;;76,1791;;
070512;0000;;133,346;;
070513;0000;;115,908;;
070514;0000;;81,9833;;
070515;0000;;64,8541;;
070516;0000;;77,3457;;
070517;0000;;68,2999;;
070518;0000;;36,3083;;
070519;0000;;30,8826;;
070520;0000;;32,6249;;
070521;0000;;44,5041;;
070522;0000;;127,625;;
070523;0000;;204,542;;
070524;0000;;131,517;;
070525;0000;;120,254;;
070526;0000;;216,725;;
070527;0000;;230,429;;
070528;0000;;271,82;;
070529;0000;;127,975;;
070530;0000;;39,7;;
070531;0000;;27,6458;;
070601;0000;;35,5956;;
070602;0000;;87,7791;;
070603;0000;;177,92;;
070604;0000;;57,3541;;
070605;0000;;53,8916;;
070606;0000;;66,7791;;
070607;0000;;49,9333;;
070608;0000;;31,8792;;
070609;0000;;32,5958;;
070610;0000;;53,7958;;
070611;0000;;31,6583;;
070612;0000;;39,6333;;
070613;0000;;60,4291;;
070614;0000;;80,4415;;
070615;0000;;148,8;;
070616;0000;;127,175;;
070617;0000;;100,817;;
070618;0000;;118,233;;
070619;0000;;35,4958;;
070620;0000;;18,425;;
070621;0000;;14,1875;;
070622;0000;;31,2416;;
070623;0000;;;14,3625;
070624;0000;;;0;
070625;0000;;;0;
070626;0000;;;39,2166;
070627;0000;;131,025;;
070628;0000;;213,15;;
070629;0000;;344,712;;
070630;0000;;113,005;;
070701;0000;;;0;
070702;0000;;;0,629166;
070703;0000;;65,7086;;
070704;0000;;87,754;;
070705;0000;;51,7499;;
070706;0000;;83,5374;;
070707;0000;;92,5457;;
070708;0000;;129,017;;
070709;0000;;201,204;;
070710;0000;;152,55;;
070711;0000;;252,612;;
070712;0000;;51,9333;;
070713;0000;;40,6583;;
070714;0000;;48,4958;;
070715;0000;;70,9041;;
070716;0000;;69,5374;;
070717;0000;;28,3875;;
070718;0000;;44,1458;;
070719;0000;;30,2833;;
070720;0000;;38,1083;;
070721;0000;;35,15;;
070722;0000;;25,725;;
070723;0000;;24,9417;;
070724;0000;;;133,787;
070725;0000;;29,0952;;
070726;0000;;50,9958;;
070727;0000;;79,1124;;
070728;0000;;121,146;;
070729;0000;;141,775;;
070730;0000;;61,6708;;
070731;0000;;;138,871;
070801;0000;;185,617;;
070802;0000;;31,7952;;
070803;0000;;154,05;;
070804;0000;;105,692;;
070805;0000;;83,0472;;
070806;0000;;70,2916;;
070807;0000;;60,5875;;
070808;0000;;162,283;;
070809;0000;;257,554;;
070810;0000;;100,933;;
070811;0000;;186,687;;
070812;0000;;30,9958;;
070813;0000;;47,8207;;
070814;0000;;33,8583;;
070815;0000;;46,3124;;
070816;0000;;143,237;;
070817;0000;;145,483;;
070818;0000;;182,816;;
070819;0000;;134,329;;
070820;0000;;173,979;;
070821;0000;;73,1957;;
070822;0000;;72,7124;;
070823;0000;;73,479;;
070824;0000;;100,125;;
070825;0000;;102,521;;
070826;0000;;63,0541;;
070827;0000;;63,1791;;
070828;0000;;121,137;;
070829;0000;;76,2999;;
070830;0000;;54,1912;;
070831;0000;;69,8666;;
070901;0000;;45,4083;;
070902;0000;;25,4041;;
070903;0000;;17,9958;;
070904;0000;;18,3916;;
070905;0000;;31,9208;;
070906;0000;;71,1166;;
070907;0000;;69,4624;;
070908;0000;;29,3708;;
070909;0000;;28,2;;
070910;0000;;31,825;;
070911;0000;;48,5458;;
070912;0000;;70,0999;;
070913;0000;;106,062;;
070914;0000;;52,8434;;
070915;0000;;89,7249;;
070916;0000;;56,7041;;
070917;0000;;63,8833;;
070918;0000;;41,5791;;
070919;0000;;48,8666;;
070920;0000;;36,3583;;
070921;0000;;40,4833;;
070922;0000;;56,6291;;
070923;0000;;118,671;;
070924;0000;;77,8041;;
070925;0000;;56,7541;;
070926;0000;;40,35;;
070927;0000;;37,8458;;
070928;0000;;37,8375;;
070929;0000;;46,15;;
070930;0000;;37,9791;;
071001;0000;;43,2166;;
071002;0000;;48,2249;;
071003;0000;;33,275;;
071004;0000;;41,1249;;
071005;0000;;33,4208;;
071006;0000;;58,6916;;
071007;0000;;55,1208;;
071008;0000;;39,7;;
071009;0000;;36,1583;;
071010;0000;;29,35;;
071011;0000;;37,7999;;
071012;0000;;32,7958;;
071013;0000;;24,9541;;
071014;0000;;14,375;;
071015;0000;;18,2958;;
071016;0000;;23,7333;;
071017;0000;;20,4417;;
071018;0000;;33,1249;;
071019;0000;;27,2181;;
071020;0000;;20,4375;;
071021;0000;;18,8958;;
071022;0000;;19,7478;;
071023;0000;;40,4374;;
071024;0000;;48,6375;;
071025;0000;;15,0913;;
071026;0000;;23,5083;;
071027;0000;;37,825;;
071028;0000;;17,5958;;
071029;0000;;30;;
071030;0000;;29,9958;;
071031;0000;;17,75;;
071101;0000;;20,4417;;
071102;0000;;18,4833;;
071103;0000;;12,075;;
071104;0000;;18,6292;;
071105;0000;;15,3333;;
071106;0000;;25,2666;;
071107;0000;;23,975;;
071108;0000;;24,7375;;
071109;0000;;20,7625;;
071110;0000;;23,9333;;
071111;0000;;;0;
071112;0000;;;7,55833;
071113;0000;;21,1416;;
071114;0000;;26,85;;
071115;0000;;26,985;;
071116;0000;;33,0708;;
071117;0000;;15,2166;;
071118;0000;;14,9667;;
071119;0000;;20,3208;;
071120;0000;;23,95;;
071121;0000;;16,8625;;
071122;0000;;;;
071123;0000;;;;
071124;0000;;;;
071125;0000;;;;
071126;0000;;;;
071127;0000;;;;
071128;0000;;;;
071129;0000;;27,9666;;
071130;0000;;29,9521;;
071201;0000;;21,5458;;
071202;0000;;23,175;;
071203;0000;;24,9958;;
071204;0000;;20,0708;;
071205;0000;;23,2708;;
071206;0000;;12,3416;;
071207;0000;;7,77916;;
071208;0000;;15,6833;;
071209;0000;;22,0166;;
071210;0000;;24,5083;;
071211;0000;;16,7708;;
071212;0000;;17,8708;;
071213;0000;;20,0166;;
071214;0000;;27,0261;;
071215;0000;;25,2917;;
071216;0000;;20,9291;;
071217;0000;;19,825;;
071218;0000;;17,9541;;
071219;0000;;20,15;;
071220;0000;;18,5333;;
071221;0000;;26,8541;;
071222;0000;;34,3458;;
071223;0000;;24,9541;;
071224;0000;;37,2374;;
071225;0000;;39,4291;;
071226;0000;;30,3458;;
071227;0000;;11,7666;;
071228;0000;;17,8125;;
071229;0000;;12,3458;;
071230;0000;;;;
071231;0000;;14,8;;
080101;0000;;12,2375;;
080102;0000;;20,075;;
080103;0000;;20,9875;;
080104;0000;;26,8875;;
080105;0000;;28,5583;;
080106;0000;;22,1;;
080107;0000;;19,1791;;
080108;0000;;18,425;;
080109;0000;;21,2958;;
080110;0000;;13,1125;;
080111;0000;;17,675;;
080112;0000;;24,0458;;
080113;0000;;16,2625;;
080114;0000;;23,05;;
080115;0000;;15,9541;;
080116;0000;;23,9833;;
080117;0000;;24,7416;;
080118;0000;;23,5791;;
080119;0000;;22,6111;;
080120;0000;;18,0458;;
080121;0000;;20,4791;;
080122;0000;;26,3542;;
080123;0000;;39,7666;;
080124;0000;;31,5083;;
080125;0000;;25,2416;;
080126;0000;;24,875;;
080127;0000;;28,7708;;
080128;0000;;38,7916;;
080129;0000;;48,6458;;
080130;0000;;29,7041;;
080131;0000;;23,6666;;
080201;0000;;22,4666;;
080202;0000;;31,1375;;
080203;0000;;33,3434;;
080204;0000;;39,3333;;
080205;0000;;30,4333;;
080206;0000;;33,1249;;
080207;0000;;42,0958;;
080208;0000;;30,4772;;
080209;0000;;26,9791;;
080210;0000;;24,7166;;
080211;0000;;37,6375;;
080212;0000;;24,0875;;
080213;0000;;26,8458;;
080214;0000;;24,2875;;
080215;0000;;21,8416;;
080216;0000;;23,7666;;
080217;0000;;24,7833;;
080218;0000;;26,2952;;
080219;0000;;;;
080220;0000;;;;
080221;0000;;35,3124;;
080222;0000;;30,4708;;
080223;0000;;35,9541;;
080224;0000;;;;
080225;0000;;;;
080226;0000;;;;
080227;0000;;;;
080228;0000;;;;
080229;0000;;34,4208;;
080301;0000;;9,88332;;
080302;0000;;13,8083;;
080303;0000;;25,15;;
080304;0000;;25,6875;;
080305;0000;;24,9625;;
080306;0000;;27,5333;;
080307;0000;;61,1166;;
080308;0000;;33,3124;;
080309;0000;;13,4167;;
080310;0000;;30,3666;;
080311;0000;;29,7833;;
080312;0000;;27,7125;;
080313;0000;;41,1083;;
080314;0000;;48,8912;;
080315;0000;;40,6791;;
080316;0000;;21,4333;;
080317;0000;;21,7333;;
080318;0000;;24,3791;;
080319;0000;;26,6333;;
080320;0000;;26,1125;;
080321;0000;;15,5333;;
080322;0000;;27,8833;;
080323;0000;;26,8958;;
080324;0000;;31,7833;;
080325;0000;;30,7958;;
080326;0000;;11,9417;;
080327;0000;;17,6166;;
080328;0000;;34,0541;;
080329;0000;;41,4374;;
080330;0000;;27,7291;;
080331;0000;;30,2375;;
080401;0000;;19,2958;;
080402;0000;;24,3458;;
080403;0000;;29,9833;;
080404;0000;;35,1333;;
080405;0000;;53,1083;;
080406;0000;;24,7875;;
080407;0000;;24,5667;;
080408;0000;;36,9791;;
080409;0000;;41,9124;;
080410;0000;;30,75;;
080411;0000;;71,4916;;
080412;0000;;72,9541;;
080413;0000;;81,3082;;
080414;0000;;;;
080415;0000;;;;
080416;0000;;86,1707;;
080417;0000;;35,075;;
080418;0000;;37,5041;;
080419;0000;;47,9166;;
080420;0000;;26,9541;;
080421;0000;;56,519;;
080422;0000;;50,1375;;
080423;0000;;92,2041;;
080424;0000;;109,342;;
080425;0000;;117,55;;
080426;0000;;84,0791;;
080427;0000;;68,3041;;
080428;0000;;151,008;;
080429;0000;;176,375;;
080430;0000;;72,9208;;
080501;0000;;149,141;;
080502;0000;;195,166;;
080503;0000;;210,296;;
080504;0000;;105,483;;
080505;0000;;51,8875;;
080506;0000;;121,05;;
080507;0000;;203,883;;
080508;0000;;197,754;;
080509;0000;;135,437;;
080510;0000;;140,125;;
080511;0000;;144,9;;
080512;0000;;138,037;;
080513;0000;;143,437;;
080514;0000;;50,8916;;
080515;0000;;55,5707;;
080516;0000;;57,1416;;
080517;0000;;22,4541;;
080518;0000;;29,7542;;
080519;0000;;45,0125;;
080520;0000;;24,2625;;
080521;0000;;32,8875;;
080522;0000;;13,9583;;
080523;0000;;92,004;;
080524;0000;;180,225;;
080525;0000;;48,9791;;
080526;0000;;80,8958;;
080527;0000;;268,67;;
080528;0000;;284;;
080529;0000;;288,854;;
080530;0000;;393,087;;
080531;0000;;168,533;;
080601;0000;;198,487;;
080602;0000;;64,2708;;
080603;0000;;48,7166;;
080604;0000;;60,1874;;
080605;0000;;47,3541;;
080606;0000;;78,8374;;
080607;0000;;24,6708;;
080608;0000;;40,8083;;
080609;0000;;47,1416;;
080610;0000;;35,0874;;
080611;0000;;76,2916;;
080612;0000;;245,162;;
080613;0000;;181,008;;
080614;0000;;114,037;;
080615;0000;;260,72;;
080616;0000;;239,891;;
080617;0000;;90,1249;;
080618;0000;;74,854;;
080619;0000;;117,654;;
080620;0000;;232,361;;
080621;0000;;183,704;;
080622;0000;;52,5916;;
080623;0000;;177,571;;
080624;0000;;193,325;;
080625;0000;;171,508;;
080626;0000;;97,4457;;
080627;0000;;56,7166;;
080628;0000;;90,2749;;
080629;0000;;68,7904;;
080630;0000;;46,6166;;
080701;0000;;87,6791;;
080702;0000;;146,762;;
080703;0000;;94,2041;;
080704;0000;;26,3208;;
080705;0000;;30,0916;;
080706;0000;;91,1666;;
080707;0000;;50,2708;;
080708;0000;;88,3416;;
080709;0000;;203,1;;
080710;0000;;39,1249;;
080711;0000;;22,6791;;
080712;0000;;45,2166;;
080713;0000;;22,9708;;
080714;0000;;16,9625;;
080715;0000;;14,575;;
080716;0000;;14,0833;;
080717;0000;;51,325;;
080718;0000;;148,85;;
080719;0000;;258,513;;
080720;0000;;170,3;;
080721;0000;;65,2207;;
080722;0000;;55,4291;;
080723;0000;;74,0791;;
080724;0000;;95,6373;;
080725;0000;;69,6458;;
080726;0000;;88,6416;;
080727;0000;;55,7666;;
080728;0000;;87,0499;;
080729;0000;;318,558;;
080730;0000;;90,6124;;
080731;0000;;96,0291;;
080801;0000;;46,7291;;
080802;0000;;66,5748;;
080803;0000;;63,5208;;
080804;0000;;98,7915;;
080805;0000;;55,8583;;
080806;0000;;45,7958;;
080807;0000;;150,642;;
080808;0000;;222,216;;
080809;0000;;127,183;;
080810;0000;;42,8375;;
080811;0000;;89,254;;
080812;0000;;89,8457;;
080813;0000;;127,012;;
080814;0000;;47,5208;;
080815;0000;;27,8083;;
080816;0000;;109,929;;
080817;0000;;106,217;;
080818;0000;;84,6957;;
080819;0000;;179,212;;
080820;0000;;101,983;;
080821;0000;;154,967;;
080822;0000;;167,266;;
080823;0000;;108,837;;
080824;0000;;33,7291;;
080825;0000;;17,2;;
080826;0000;;34,9291;;
080827;0000;;36,4708;;
080828;0000;;37,5583;;
080829;0000;;36,8624;;
080830;0000;;33,1583;;
080831;0000;;29,8125;;
080901;0000;;43,7457;;
080902;0000;;106,592;;
080903;0000;;96,3958;;
080904;0000;;187,075;;
080905;0000;;161,491;;
080906;0000;;124,762;;
080907;0000;;94,8082;;
080908;0000;;196,358;;
080909;0000;;127,933;;
080910;0000;;47,2499;;
080911;0000;;129,25;;
080912;0000;;173,312;;
080913;0000;;160,771;;
080914;0000;;136,2;;
080915;0000;;129,441;;
080916;0000;;41,5833;;
080917;0000;;77,6749;;
080918;0000;;55,0458;;
080919;0000;;63,2291;;
080920;0000;;;;
080921;0000;;90,6998;;
080922;0000;;75,6791;;
080923;0000;;44,2958;;
080924;0000;;66,7124;;
080925;0000;;61,1749;;
080926;0000;;51,8375;;
080927;0000;;34,8416;;
080928;0000;;51,5166;;
080929;0000;;61,9333;;
080930;0000;;58,5624;;
081001;0000;;24,3;;
081002;0000;;40,4125;;
081003;0000;;72,5825;;
081004;0000;;83,3416;;
081005;0000;;69,0458;;
081006;0000;;67,9124;;
081007;0000;;52,1833;;
081008;0000;;34,6416;;
081009;0000;;25,4541;;
081010;0000;;40,1916;;
081011;0000;;51,6958;;
081012;0000;;148,033;;
081013;0000;;51,3833;;
081014;0000;;36,4916;;
081015;0000;;46,2333;;
081016;0000;;46,8624;;
081017;0000;;49,6292;;
081018;0000;;34,8791;;
081019;0000;;19,9583;;
081020;0000;;29,9583;;
081021;0000;;41,8458;;
081022;0000;;72,0916;;
081023;0000;;51,6666;;
081024;0000;;26,7375;;
081025;0000;;28,2;;
081026;0000;;35,0458;;
081027;0000;;42,1166;;
081028;0000;;24,275;;
081029;0000;;38,6541;;
081030;0000;;35,4916;;
081031;0000;;28,8167;;
081101;0000;;24,0125;;
081102;0000;;31,5541;;
081103;0000;;43,5666;;
081104;0000;;24,5416;;
081105;0000;;29,2708;;
081106;0000;;;;
081107;0000;;;;
081108;0000;;18,3083;;
081109;0000;;29,8333;;
081110;0000;;18,8291;;
081111;0000;;24,0125;;
081112;0000;;29,2083;;
081113;0000;;28,8833;;
081114;0000;;32,3958;;
081115;0000;;37,1416;;
081116;0000;;32,0166;;
081117;0000;;28,9375;;
081118;0000;;20,45;;
081119;0000;;22,4291;;
081120;0000;;23,8583;;
081121;0000;;36,313;;
081122;0000;;34,8291;;
081123;0000;;20,075;;
081124;0000;;31,0083;;
081125;0000;;26,4708;;
081126;0000;;21,5333;;
081127;0000;;76,0415;;
081128;0000;;23,6833;;
081129;0000;;21,4708;;
081130;0000;;29,1333;;
081201;0000;;49,7041;;
081202;0000;;32,6292;;
081203;0000;;16,675;;
081204;0000;;27,8166;;
081205;0000;;51,6041;;
081206;0000;;32,2958;;
081207;0000;;28,1666;;
081208;0000;;33,4125;;
081209;0000;;43,8167;;
081210;0000;;46,1833;;
081211;0000;;40,2789;;
081212;0000;;52,8333;;
081213;0000;;43,2874;;
081214;0000;;33,7791;;
081215;0000;;29,5166;;
081216;0000;;26,2208;;
081217;0000;;34,3875;;
081218;0000;;32,3875;;
081219;0000;;32,7333;;
081220;0000;;37,5416;;
081221;0000;;21,5;;
081222;0000;;24,3;;
081223;0000;;24,1958;;
081224;0000;;25,8833;;
081225;0000;;24,8458;;
081226;0000;;31,3375;;
081227;0000;;10,3916;;
081228;0000;;20,75;;
081229;0000;;30,925;;
081230;0000;;38,9374;;
081231;0000;;47,6249;;
090101;0000;;50,0999;;
090102;0000;;39,6583;;
090103;0000;;37,0291;;
090104;0000;;25,2625;;
090105;0000;;15,9625;;
090106;0000;;24,125;;
090107;0000;;30,4708;;
090108;0000;;33,8583;;
090109;0000;;30,3227;;
090110;0000;;32,2458;;
090111;0000;;32,5666;;
090112;0000;;34,4999;;
090113;0000;;17,5125;;
090114;0000;;19,3167;;
090115;0000;;32,45;;
090116;0000;;27,8;;
090117;0000;;30,3;;
090118;0000;;31,7875;;
090119;0000;;48,5166;;
090120;0000;;54,4666;;
090121;0000;;40,2;;
090122;0000;;37,5208;;
090123;0000;;32,6086;;
090124;0000;;24,5458;;
090125;0000;;21,4166;;
090126;0000;;23,5083;;
090127;0000;;27,2708;;
090128;0000;;42,7458;;
090129;0000;;30,7041;;
090130;0000;;33,5125;;
090131;0000;;40,6291;;
090201;0000;;32,975;;
090202;0000;;22,0916;;
090203;0000;;24,3041;;
090204;0000;;21,7916;;
090205;0000;;16,4333;;
090206;0000;;22,8875;;
090207;0000;;26,7916;;
090208;0000;;20,6083;;
090209;0000;;28,9;;
090210;0000;;18,2666;;
090211;0000;;33,3792;;
090212;0000;;31,475;;
090213;0000;;21,1958;;
090214;0000;;37,9999;;
090215;0000;;13,0166;;
090216;0000;;29,65;;
090217;0000;;32,0916;;
090218;0000;;26,6125;;
090219;0000;;16,7791;;
090220;0000;;18,4375;;
090221;0000;;16,9958;;
090222;0000;;25,0166;;
090223;0000;;26,2958;;
090224;0000;;32,5624;;
090225;0000;;38,7083;;
090226;0000;;28,2875;;
090227;0000;;45,3041;;
090228;0000;;26,6166;;
090301;0000;;19,0125;;
090302;0000;;18,2791;;
090303;0000;;31,8375;;
090304;0000;;39,1;;
090305;0000;;30,275;;
090306;0000;;48,0708;;
090307;0000;;60,5999;;
090308;0000;;35,1416;;
090309;0000;;59,1374;;
090310;0000;;40,0166;;
090311;0000;;21,7333;;
090312;0000;;24,7416;;
090313;0000;;47,9;;
090314;0000;;42,1291;;
090315;0000;;48,7291;;
090316;0000;;33,5333;;
090317;0000;;33,1083;;
090318;0000;;39,1874;;
090319;0000;;27,025;;
090320;0000;;64,5082;;
090321;0000;;64,5957;;
090322;0000;;43,5083;;
090323;0000;;36,7542;;
090324;0000;;49,7666;;
090325;0000;;32,4166;;
090326;0000;;34,2541;;
090327;0000;;77,3583;;
090328;0000;;39,8541;;
090329;0000;;29,2125;;
090330;0000;;36,8458;;
090331;0000;;66,2708;;
090401;0000;;85,6957;;
090402;0000;;20,1541;;
090403;0000;;36,5291;;
090404;0000;;37,9458;;
090405;0000;;36,8458;;
090406;0000;;49,0916;;
090407;0000;;;163,879;
090408;0000;;43,4125;;
090409;0000;;17,4541;;
090410;0000;;32,6124;;
090411;0000;;50,8791;;
090412;0000;;63,5666;;
090413;0000;;129,421;;
090414;0000;;78,0082;;
090415;0000;;62,1833;;
090416;0000;;;;
090417;0000;;85,1249;;
090418;0000;;58,8999;;
090419;0000;;58,1958;;
090420;0000;;91,9598;;
090421;0000;;;;
090422;0000;;;;
090423;0000;;;;
090424;0000;;137,962;;
090425;0000;;72,3041;;
090426;0000;;57,1333;;
090427;0000;;90,754;;
090428;0000;;68,5458;;
090429;0000;;116,061;;
090430;0000;;109,233;;
090501;0000;;126,45;;
090502;0000;;101,629;;
090503;0000;;59,8208;;
090504;0000;;72,6749;;
090505;0000;;57,8749;;
090506;0000;;96,8457;;
090507;0000;;76,0874;;
090508;0000;;99,5374;;
090509;0000;;50,9291;;
090510;0000;;39,0833;;
090511;0000;;55,1041;;
090512;0000;;168,572;;
090513;0000;;151,939;;
090514;0000;;170,246;;
090515;0000;;65,5123;;
090516;0000;;;;
090517;0000;;;;
090518;0000;;81,1207;;
090519;0000;;;85,775;
090520;0000;;27,0954;;
090521;0000;;21,2958;;
090522;0000;;17,7958;;
090523;0000;;60,1083;;
090524;0000;;46,9416;;
090525;0000;;78,3374;;
090526;0000;;96,4498;;
090527;0000;;199,941;;
090528;0000;;176,292;;
090529;0000;;250,366;;
090530;0000;;127,854;;
090531;0000;;126,854;;
090601;0000;;161,462;;
090602;0000;;173,761;;
090603;0000;;109,582;;
090604;0000;;124,129;;
090605;0000;;176,366;;
090606;0000;;144,187;;
090607;0000;;62,7833;;
090608;0000;;62,6166;;
090609;0000;;117,35;;
090610;0000;;184,621;;
090611;0000;;266,833;;
090612;0000;;196,146;;
090613;0000;;158,521;;
090614;0000;;84,3082;;
090615;0000;;35,8083;;
090616;0000;;19,1708;;
090617;0000;;40,9;;
090618;0000;;78,0541;;
090619;0000;;113,921;;
090620;0000;;54,8749;;
090621;0000;;92,3374;;
090622;0000;;106,025;;
090623;0000;;112,442;;
090624;0000;;114,008;;
090625;0000;;174,412;;
090626;0000;;159,108;;
090627;0000;;20,1333;;
090628;0000;;14,7417;;
090629;0000;;36,9916;;
090630;0000;;33,0541;;
090701;0000;;33,7125;;
090702;0000;;26,7041;;
090703;0000;;26,1083;;
090704;0000;;20,05;;
090705;0000;;51,4041;;
090706;0000;;29,7791;;
090707;0000;;198,304;;
090708;0000;;275,612;;
090709;0000;;37,9208;;
090710;0000;;212,316;;
090711;0000;;250,416;;
090712;0000;;125,921;;
090713;0000;;251,779;;
090714;0000;;217,574;;
090715;0000;;267,908;;
090716;0000;;140,083;;
090717;0000;;145,4;;
090718;0000;;51,1416;;
090719;0000;;30,7083;;
090720;0000;;127,821;;
090721;0000;;103,683;;
090722;0000;;233,075;;
090723;0000;;290,725;;
090724;0000;;263,6;;
090725;0000;;173,375;;
090726;0000;;230,182;;
090727;0000;;387,973;;
090728;0000;;320,457;;
090729;0000;;363,481;;
090730;0000;;166,271;;
090731;0000;;47,1916;;
090801;0000;;139,312;;
090802;0000;;138,271;;
090803;0000;;61,2374;;
090804;0000;;40,525;;
090805;0000;;44,0833;;
090806;0000;;107,733;;
090807;0000;;146,237;;
090808;0000;;213,8;;
090809;0000;;37,2333;;
090810;0000;;32,2583;;
090811;0000;;77,1041;;
090812;0000;;41,8416;;
090813;0000;;54,1583;;
090814;0000;;35,3458;;
090815;0000;;44,8541;;
090816;0000;;40,7416;;
090817;0000;;44,7458;;
090818;0000;;35,2458;;
090819;0000;;94,1998;;
090820;0000;;69,8582;;
090821;0000;;48,4041;;
090822;0000;;35,1458;;
090823;0000;;19,3792;;
090824;0000;;29,1166;;
090825;0000;;24,5375;;
090826;0000;;56,7124;;
090827;0000;;63,1523;;
090828;0000;;39,6791;;
090829;0000;;31,7833;;
090830;0000;;49,6749;;
090831;0000;;96,8582;;
090901;0000;;174,371;;
090902;0000;;160,204;;
090903;0000;;121,262;;
090904;0000;;73,5332;;
090905;0000;;18,9541;;
090906;0000;;51,5499;;
090907;0000;;91,0291;;
090908;0000;;116,596;;
090909;0000;;80,0541;;
090910;0000;;72,9707;;
090911;0000;;35,1;;
090912;0000;;35,3708;;
090913;0000;;48,4333;;
090914;0000;;32,525;;
090915;0000;;67,7374;;
090916;0000;;89,729;;
090917;0000;;38,5833;;
090918;0000;;28,2083;;
090919;0000;;30,7041;;
090920;0000;;27,6208;;
090921;0000;;37,075;;
090922;0000;;62,3791;;
090923;0000;;67,3082;;
090924;0000;;59,9041;;
090925;0000;;54,4291;;
090926;0000;;83,3041;;
090927;0000;;111,733;;
090928;0000;;27,0791;;
090929;0000;;43,3833;;
090930;0000;;48,1708;;
091001;0000;;46,5083;;
091002;0000;;61,2999;;
091003;0000;;75,6124;;
091004;0000;;41,0499;;
091005;0000;;38,5125;;
091006;0000;;129,004;;
091007;0000;;102,787;;
091008;0000;;86,1207;;
091009;0000;;32,65;;
091010;0000;;29,0083;;
091011;0000;;21,6541;;
091012;0000;;29,625;;
091013;0000;;42,2625;;
091014;0000;;78,0416;;
091015;0000;;51,0999;;
091016;0000;;50,9374;;
091017;0000;;33,5624;;
091018;0000;;34,975;;
091019;0000;;35,7666;;
091020;0000;;56,6541;;
091021;0000;;34,9174;;
091022;0000;;11,9958;;
091023;0000;;28,7833;;
091024;0000;;22,3083;;
091025;0000;;23,8;;
091026;0000;;49,1666;;
091027;0000;;31,1958;;
091028;0000;;15,8375;;
091029;0000;;9,74582;;
091030;0000;;19,2208;;
091031;0000;;26,6083;;
091101;0000;;21,8666;;
091102;0000;;34,5875;;
091103;0000;;28,8167;;
091104;0000;;26,5833;;
091105;0000;;26,1416;;
091106;0000;;28,5708;;
091107;0000;;72,6207;;
091108;0000;;46,3167;;
091109;0000;;26,0541;;
091110;0000;;100,719;;
091111;0000;;36,6333;;
091112;0000;;24,6166;;
091113;0000;;27,0625;;
091114;0000;;48,0707;;
091115;0000;;34,8124;;
091116;0000;;43,0291;;
091117;0000;;31,3416;;
091118;0000;;47,1333;;
091119;0000;;21,6416;;
091120;0000;;23,5958;;
091121;0000;;42,5791;;
091122;0000;;38,0583;;
091123;0000;;;;
091124;0000;;;;
091125;0000;;20,1208;;
091126;0000;;25,35;;
091127;0000;;24,8625;;
091128;0000;;34,5791;;
091129;0000;;21,5417;;
091130;0000;;31,1708;;
091201;0000;;34,1292;;
091202;0000;;15,7182;;
091203;0000;;21,0875;;
091204;0000;;35,1875;;
091205;0000;;28,2625;;
091206;0000;;28,1125;;
091207;0000;;56,8333;;
091208;0000;;19,7708;;
091209;0000;;14,2208;;
091210;0000;;24,515;;
091211;0000;;;;
091212;0000;;19,8125;;
091213;0000;;10,0458;;
091214;0000;;13,6333;;
091215;0000;;24,1292;;
091216;0000;;30,2041;;
091217;0000;;21,8541;;
091218;0000;;18,7916;;
091219;0000;;24,1208;;
091220;0000;;27,9125;;
091221;0000;;34,95;;
091222;0000;;32,2666;;
091223;0000;;32,7541;;
091224;0000;;17,3583;;
091225;0000;;26,6541;;
091226;0000;;22,4375;;
091227;0000;;25,9125;;
091228;0000;;18,9167;;
091229;0000;;11,6375;;
091230;0000;;18,0875;;
091231;0000;;13,5208;;
100101;0000;;17,3375;;
100102;0000;;19,5791;;
100103;0000;;19,3458;;
100104;0000;;18,0042;;
100105;0000;;15,0417;;
100106;0000;;22,7708;;
100107;0000;;20,3083;;
100108;0000;;25,1416;;
100109;0000;;32,525;;
100110;0000;;27,5958;;
100111;0000;;23,8416;;
100112;0000;;23,8375;;
100113;0000;;33,0291;;
100114;0000;;35,525;;
100115;0000;;32,8792;;
100116;0000;;34,4874;;
100117;0000;;20,2375;;
100118;0000;;22,9041;;
100119;0000;;26,0541;;
100120;0000;;28,8416;;
100121;0000;;21,6791;;
100122;0000;;30,9291;;
100123;0000;;35,4;;
100124;0000;;32,2291;;
100125;0000;;38,5082;;
100126;0000;;38,5791;;
100127;0000;;37,35;;
100128;0000;;29,3208;;
100129;0000;;29,3083;;
100130;0000;;24,9333;;
100131;0000;;29,9916;;
100201;0000;;19;;
100202;0000;;31,7041;;
100203;0000;;19,2542;;
100204;0000;;36,5875;;
100205;0000;;28,45;;
100206;0000;;29,075;;
100207;0000;;15,2375;;
100208;0000;;12,7958;;
100209;0000;;23,3375;;
100210;0000;;44,4749;;
100211;0000;;39,7541;;
100212;0000;;28,0791;;
100213;0000;;23,5875;;
100214;0000;;19,3875;;
100215;0000;;26,3;;
100216;0000;;38,6624;;
100217;0000;;20,8666;;
100218;0000;;18,7542;;
100219;0000;;24,0708;;
100220;0000;;22,3625;;
100221;0000;;22,75;;
100222;0000;;26,4708;;
100223;0000;;29,4542;;
100224;0000;;42,5958;;
100225;0000;;47,1958;;
100226;0000;;42,8666;;
100227;0000;;;;
100228;0000;;42,6041;;
100301;0000;;;;
100302;0000;;34,1083;;
100303;0000;;29,7625;;
100304;0000;;26,3708;;
100305;0000;;35,8041;;
100306;0000;;38,3041;;
100307;0000;;28,4333;;
100308;0000;;15,8208;;
100309;0000;;24,7083;;
100310;0000;;25,9416;;
100311;0000;;24,6208;;
100312;0000;;40,6458;;
100313;0000;;53,9833;;
100314;0000;;35,71;;
100315;0000;;36,4583;;
100316;0000;;50,2791;;
100317;0000;;30,3208;;
100318;0000;;37,3792;;
100319;0000;;35,9166;;
100320;0000;;22,8458;;
100321;0000;;14,9208;;
100322;0000;;13,5208;;
100323;0000;;21,1458;;
100324;0000;;41,1708;;
100325;0000;;35,8875;;
100326;0000;;33,7666;;
100327;0000;;29,4583;;
100328;0000;;24,6041;;
100329;0000;;25,3416;;
100330;0000;;27,7;;
100331;0000;;26,0666;;
100401;0000;;38,3792;;
100402;0000;;24;;
100403;0000;;25,4208;;
100404;0000;;37,4667;;
100405;0000;;63,7875;;
100406;0000;;48,4625;;
100407;0000;;96,9149;;
100408;0000;;120,258;;
100409;0000;;140,071;;
100410;0000;;98,4417;;
100411;0000;;49,2;;
100412;0000;;80,4041;;
100413;0000;;128,379;;
100414;0000;;103,537;;
100415;0000;;114,291;;
100416;0000;;88,4999;;
100417;0000;;66,729;;
100418;0000;;39,7416;;
100419;0000;;34,2166;;
100420;0000;;42,1833;;
100421;0000;;88,2916;;
100422;0000;;165,546;;
100423;0000;;89,6708;;
100424;0000;;178,854;;
100425;0000;;80,975;;
100426;0000;;102,321;;
100427;0000;;98,8124;;
100428;0000;;107,925;;
100429;0000;;126,012;;
100430;0000;;181,208;;
100501;0000;;;117,107;
100502;0000;;;53,4838;
100503;0000;;;78,4465;
100504;0000;;;;
100505;0000;;;;
100506;0000;;;;
100507;0000;;;;
100508;0000;;;;
100509;0000;;;;
100510;0000;;;;
100511;0000;;;;
100512;0000;;;;
100513;0000;;;;
100514;0000;;;;
100515;0000;;156,423;;
100516;0000;;222,096;;
100517;0000;;78,1609;;
100518;0000;;;;
100519;0000;;;;
100520;0000;;143,356;;
100521;0000;;124,479;;
100522;0000;;53,2333;;
100523;0000;;60,7916;;
100524;0000;;37,6124;;
100525;0000;;73,0665;;
100526;0000;;77,4791;;
100527;0000;;255,758;;
100528;0000;;183,342;;
100529;0000;;135,183;;
100530;0000;;289,558;;
100531;0000;;297,841;;
100601;0000;;102,717;;
100602;0000;;73,2791;;
100603;0000;;44,5624;;
100604;0000;;51,65;;
100605;0000;;159,737;;
100606;0000;;82,3583;;
100607;0000;;145,708;;
100608;0000;;209,208;;
100609;0000;;62,4374;;
100610;0000;;47,9041;;
100611;0000;;9,69167;;
100612;0000;;19,8125;;
100613;0000;;17,0167;;
100614;0000;;16,6292;;
100615;0000;;30,6087;;
100616;0000;;32,0625;;
100617;0000;;29,4458;;
100618;0000;;34,1166;;
100619;0000;;35,4042;;
100620;0000;;19,9542;;
100621;0000;;34,2208;;
100622;0000;;11,6583;;
100623;0000;;23,4708;;
100624;0000;;40,3541;;
100625;0000;;116,3;;
100626;0000;;121,529;;
100627;0000;;74,8291;;
100628;0000;;45,1833;;
100629;0000;;31,5111;;
100630;0000;;19,85;;
100701;0000;;30,6875;;
100702;0000;;56,2041;;
100703;0000;;63,85;;
100704;0000;;41,775;;
100705;0000;;49,9541;;
100706;0000;;26,1958;;
100707;0000;;20,5958;;
100708;0000;;69,1708;;
100709;0000;;147,537;;
100710;0000;;50,3749;;
100711;0000;;22,5333;;
100712;0000;;54,2999;;
100713;0000;;114,767;;
100714;0000;;82,5874;;
100715;0000;;28,875;;
100716;0000;;109,471;;
100717;0000;;145,967;;
100718;0000;;109,087;;
100719;0000;;32,0833;;
100720;0000;;55,9916;;
100721;0000;;57,6045;;
100722;0000;;28,3125;;
100723;0000;;8,78749;;
100724;0000;;33,925;;
100725;0000;;41,8416;;
100726;0000;;58,2875;;
100727;0000;;72,4474;;
100728;0000;;52,3167;;
100729;0000;;41,6125;;
100730;0000;;36,625;;
100731;0000;;46,8375;;
100801;0000;;140,967;;
100802;0000;;150,779;;
100803;0000;;26,1958;;
100804;0000;;75,7625;;
100805;0000;;86,3167;;
100806;0000;;;;
100807;0000;;;;
100808;0000;;301,333;;
100809;0000;;142,837;;
100810;0000;;217,8;;
100811;0000;;142,633;;
100812;0000;;130,429;;
100813;0000;;141,337;;
100814;0000;;167,612;;
100815;0000;;53,4833;;
100816;0000;;7,38749;;
100817;0000;;13,4292;;
100818;0000;;51,3749;;
100819;0000;;154,325;;
100820;0000;;94,0958;;
100821;0000;;49,3375;;
100822;0000;;48,5833;;
100823;0000;;45,5571;;
100824;0000;;19,6375;;
100825;0000;;19,4125;;
100826;0000;;30,9125;;
100827;0000;;18,3583;;
100828;0000;;100,592;;
100829;0000;;123,217;;
100830;0000;;58,7875;;
100831;0000;;76,25;;
100901;0000;;124,292;;
100902;0000;;127,292;;
100903;0000;;;;
100904;0000;;;;
100905;0000;;69,7708;;
100906;0000;;117,825;;
100907;0000;;76,2542;;
100908;0000;;85,8624;;
100909;0000;;107,042;;
100910;0000;;141,258;;
100911;0000;;125,183;;
100912;0000;;125,408;;
100913;0000;;110,979;;
100914;0000;;140,775;;
100915;0000;;226,508;;
100916;0000;;131,333;;
100917;0000;;200,962;;
100918;0000;;153,217;;
100919;0000;;96,9707;;
100920;0000;;106,783;;
100921;0000;;137,937;;
100922;0000;;168,212;;
100923;0000;;138,929;;
100924;0000;;123,379;;
100925;0000;;157,65;;
100926;0000;;89,1416;;
100927;0000;;65,7916;;
100928;0000;;78,2999;;
100929;0000;;129,579;;
100930;0000;;85,6708;;
101001;0000;;134,621;;
101002;0000;;125,579;;
101003;0000;;144,904;;
101004;0000;;134,979;;
101005;0000;;72,1624;;
101006;0000;;94,8833;;
101007;0000;;127,658;;
101008;0000;;113,379;;
101009;0000;;71,1458;;
101010;0000;;59,3166;;
101011;0000;;44,6833;;
101012;0000;;48,8666;;
101013;0000;;49,0458;;
101014;0000;;43,1541;;
101015;0000;;58,2499;;
101016;0000;;68,1499;;
101017;0000;;58,5083;;
101018;0000;;75,7708;;
101019;0000;;32,275;;
101020;0000;;20,5541;;
101021;0000;;37,6583;;
101022;0000;;58,0833;;
101023;0000;;53,9374;;
101024;0000;;83,2416;;
101025;0000;;59,0791;;
101026;0000;;56,8833;;
101027;0000;;33,6;;
101028;0000;;32,9999;;
101029;0000;;34,0708;;
101030;0000;;30,8792;;
101031;0000;;34,9374;;
101101;0000;;32,3749;;
101102;0000;;28,8916;;
101103;0000;;28,4458;;
101104;0000;;35,2458;;
101105;0000;;59,9749;;
101106;0000;;27,9375;;
101107;0000;;36,9;;
101108;0000;;46,8624;;
101109;0000;;42,6;;
101110;0000;;40,2333;;
101111;0000;;34,9999;;
101112;0000;;30,8958;;
101113;0000;;32,4958;;
101114;0000;;38,9708;;
101115;0000;;41,9666;;
101116;0000;;26,5291;;
101117;0000;;24,5916;;
101118;0000;;17,3;;
101119;0000;;28,3208;;
101120;0000;;31,6541;;
101121;0000;;26,7041;;
101122;0000;;33,4208;;
101123;0000;;33,6541;;
101124;0000;;28,9541;;
101125;0000;;38,5333;;
101126;0000;;36,3166;;
101127;0000;;38,8166;;
101128;0000;;40,4999;;
101129;0000;;36,15;;
101130;0000;;49,1874;;
101201;0000;;39,4958;;
101202;0000;;29,725;;
101203;0000;;42,3333;;
101204;0000;;36,3708;;
101205;0000;;27,0916;;
101206;0000;;28,85;;
101207;0000;;28,25;;
101208;0000;;36,9166;;
101209;0000;;29,5416;;
101210;0000;;62,9874;;
101211;0000;;52,9041;;
101212;0000;;58,3624;;
101213;0000;;28,6625;;
101214;0000;;37,0958;;
101215;0000;;36,9416;;
101216;0000;;20,5916;;
101217;0000;;22,675;;
101218;0000;;32,6458;;
101219;0000;;32,2708;;
101220;0000;;43,6083;;
101221;0000;;38,35;;
101222;0000;;40,4625;;
101223;0000;;35,4583;;
101224;0000;;41,7458;;
101225;0000;;28;;
101226;0000;;23,6;;
101227;0000;;39,2374;;
101228;0000;;50,3458;;
101229;0000;;49,5333;;
101230;0000;;65,9583;;
101231;0000;;49,5083;;
110101;0000;;26,0208;;
110102;0000;;47,5291;;
110103;0000;;32,2125;;
110104;0000;;26,1625;;
110105;0000;;26,7791;;
110106;0000;;41,8333;;
110107;0000;;52,8864;;
110108;0000;;28,275;;
110109;0000;;26,35;;
110110;0000;;45,9916;;
110111;0000;;32,025;;
110112;0000;;24,9917;;
110113;0000;;36,69;;
110114;0000;;27,0875;;
110115;0000;;38,0625;;
110116;0000;;30,325;;
110117;0000;;25,1458;;
110118;0000;;34,1208;;
110119;0000;;30,3;;
110120;0000;;21,7958;;
110121;0000;;23,4875;;
110122;0000;;20,4708;;
110123;0000;;23,525;;
110124;0000;;35,9958;;
110125;0000;;35,7;;
110126;0000;;;;
110127;0000;;26,0916;;
110128;0000;;39,8416;;
110129;0000;;41,5625;;
110130;0000;;38,3541;;
110131;0000;;32,4333;;
110201;0000;;44,7;;
110202;0000;;42,5583;;
110203;0000;;32,1458;;
110204;0000;;37,7833;;
110205;0000;;37,8833;;
110206;0000;;35,5792;;
110207;0000;;37,6;;
110208;0000;;47,8708;;
110209;0000;;47,3083;;
110210;0000;;38,4375;;
110211;0000;;43,6625;;
110212;0000;;34,9791;;
110213;0000;;26,4125;;
110214;0000;;42,0864;;
110215;0000;;40,1124;;
110216;0000;;40,6208;;
110217;0000;;33,525;;
110218;0000;;29,0375;;
110219;0000;;51,0291;;
110220;0000;;39,9541;;
110221;0000;;36,3958;;
110222;0000;;32,8958;;
110223;0000;;42,9666;;
110224;0000;;37,575;;
110225;0000;;45,0833;;
110226;0000;;41,15;;
110227;0000;;26,5083;;
110228;0000;;42,1083;;
110301;0000;;36,5166;;
110302;0000;;40,0583;;
110303;0000;;32,2916;;
110304;0000;;46,0291;;
110305;0000;;43,85;;
110306;0000;;34,7999;;
110307;0000;;35,2416;;
110308;0000;;47,3792;;
110309;0000;;43,5375;;
110310;0000;;44,1739;;
110311;0000;;38,3375;;
110312;0000;;34,2375;;
110313;0000;;36,6583;;
110314;0000;;36,0833;;
110315;0000;;35,5042;;
110316;0000;;46,6875;;
110317;0000;;40,9625;;
110318;0000;;48,175;;
110319;0000;;39,6739;;
110320;0000;;34,7809;;
110321;0000;;26,6667;;
110322;0000;;31,8833;;
110323;0000;;44,1833;;
110324;0000;;38,1333;;
110325;0000;;52,4333;;
110326;0000;;67,4874;;
110327;0000;;61,4958;;
110328;0000;;49,2833;;
110329;0000;;54,7545;;
110330;0000;;42,6041;;
110331;0000;;36,9125;;
110401;0000;;58,3167;;
110402;0000;;42,9208;;
110403;0000;;26,9833;;
110404;0000;;48,3708;;
110405;0000;;45,6708;;
110406;0000;;40,5625;;
110407;0000;;42,925;;
110408;0000;;85,1166;;
110409;0000;;106,332;;
110410;0000;;;;
110411;0000;;69,7916;;
110412;0000;;41,8333;;
110413;0000;;;;
110414;0000;;99,8041;;
110415;0000;;106,925;;
110416;0000;;90,3291;;
110417;0000;;115,175;;
110418;0000;;90,3666;;
110419;0000;;83,1957;;
110420;0000;;59,4208;;
110421;0000;;36,8458;;
110422;0000;;39,3167;;
110423;0000;;44,0208;;
110424;0000;;110,525;;
110425;0000;;49,025;;
110426;0000;;66,5791;;
110427;0000;;;69,9856;
110428;0000;;;;
110429;0000;;113,574;;
110430;0000;;134,204;;
110501;0000;;126,921;;
110502;0000;;121,796;;
110503;0000;;143,325;;
110504;0000;;83,6957;;
110505;0000;;71,6292;;
110506;0000;;148,39;;
110507;0000;;118,121;;
110508;0000;;88,9166;;
110509;0000;;139,092;;
110510;0000;;85,4833;;
110511;0000;;157,515;;
110512;0000;;;;
110513;0000;;189,787;;
110514;0000;;54,7125;;
110515;0000;;75,9791;;
110516;0000;;;14,2863;
110517;0000;;;58,1595;
110518;0000;;59,875;;
110519;0000;;49,0291;;
110520;0000;;87,3761;;
110521;0000;;69,4908;;
110522;0000;;151,345;;
110523;0000;;184,775;;
110524;0000;;56,5625;;
110525;0000;;204,017;;
110526;0000;;142,359;;
110527;0000;;84,9221;;
110528;0000;;54,5624;;
110529;0000;;39,425;;
110530;0000;;56,4458;;
110531;0000;;148,67;;
110601;0000;;188,15;;
110602;0000;;127,35;;
110603;0000;;179,704;;
110604;0000;;;;
110605;0000;;;;
110606;0000;;;;
110607;0000;;22,0454;;
110608;0000;;28,4348;;
110609;0000;;33,5083;;
110610;0000;;55,8227;;
110611;0000;;50,3292;;
110612;0000;;218,442;;
110613;0000;;429,131;;
110614;0000;;68,9608;;
110615;0000;;44,1958;;
110616;0000;;39,2521;;
110617;0000;;;;
110618;0000;;43,75;;
110619;0000;;51,9458;;
110620;0000;;160,271;;
110621;0000;;250,917;;
110622;0000;;160,867;;
110623;0000;;137,071;;
110624;0000;;123,258;;
110625;0000;;224,3;;
110626;0000;;169,15;;
110627;0000;;155,867;;
110628;0000;;74,0458;;
110629;0000;;60,5792;;
110630;0000;;58,1458;;
110701;0000;;182,196;;
110702;0000;;232,804;;
110703;0000;;198,092;;
110704;0000;;290,308;;
110705;0000;;154,396;;
110706;0000;;313,17;;
110707;0000;;314,392;;
110708;0000;;102,322;;
110709;0000;;56,3416;;
110710;0000;;73,2792;;
110711;0000;;72,8708;;
110712;0000;;56,8318;;
110713;0000;;40,8583;;
110714;0000;;32,1083;;
110715;0000;;33,1348;;
110716;0000;;44,0333;;
110717;0000;;140,617;;
110718;0000;;100,075;;
110719;0000;;124,733;;
110720;0000;;60,6791;;
110721;0000;;77,1708;;
110722;0000;;87,6375;;
110723;0000;;176,875;;
110724;0000;;36,9417;;
110725;0000;;49,9541;;
110726;0000;;54,6041;;
110727;0000;;37,4833;;
110728;0000;;66,4332;;
110729;0000;;132,558;;
110730;0000;;247,129;;
110731;0000;;163,387;;
110801;0000;;75,9833;;
110802;0000;;80,8248;;
110803;0000;;172,275;;
110804;0000;;34,0792;;
110805;0000;;33,3708;;
110806;0000;;98,7782;;
110807;0000;;121,629;;
110808;0000;;25,4917;;
110809;0000;;56,1541;;
110810;0000;;30,4227;;
110811;0000;;39,1478;;
110812;0000;;57,2667;;
110813;0000;;116,596;;
110814;0000;;148,612;;
110815;0000;;55,0708;;
110816;0000;;38,4999;;
110817;0000;;53,5875;;
110818;0000;;182,746;;
110819;0000;;241,391;;
110820;0000;;148,421;;
110821;0000;;212,883;;
110822;0000;;116,454;;
110823;0000;;85,8499;;
110824;0000;;108,225;;
110825;0000;;86,3042;;
110826;0000;;33,9083;;
110827;0000;;40,7667;;
110828;0000;;35,2958;;
110829;0000;;56,7667;;
110830;0000;;104,029;;
110831;0000;;123,682;;
110901;0000;;45,7125;;
110902;0000;;31,4792;;
110903;0000;;36,8541;;
110904;0000;;39,8458;;
110905;0000;;41,7999;;
110906;0000;;83,2916;;
110907;0000;;62,2625;;
110908;0000;;28,9291;;
110909;0000;;23,3333;;
110910;0000;;43,4333;;
110911;0000;;26,5375;;
110912;0000;;52,9874;;
110913;0000;;66,8958;;
110914;0000;;49,1434;;
110915;0000;;37,525;;
110916;0000;;70,575;;
110917;0000;;57,4208;;
110918;0000;;44,375;;
110919;0000;;41,7958;;
110920;0000;;27,1292;;
110921;0000;;31,0667;;
110922;0000;;35,3;;
110923;0000;;45,8913;;
110924;0000;;46,8652;;
110925;0000;;72,3541;;
110926;0000;;121,812;;
110927;0000;;73,3208;;
110928;0000;;36,0875;;
110929;0000;;46,8625;;
110930;0000;;43,9083;;
111001;0000;;54,9542;;
111002;0000;;64,1666;;
111003;0000;;62,2083;;
111004;0000;;63,2416;;
111005;0000;;49,8375;;
111006;0000;;38,5208;;
111007;0000;;40,9875;;
111008;0000;;40,6875;;
111009;0000;;56,5375;;
111010;0000;;48,3792;;
111011;0000;;53,1949;;
111012;0000;;52,6739;;
111013;0000;;78,5863;;
111014;0000;;39,6826;;
111015;0000;;54,3174;;
111016;0000;;58,85;;
111017;0000;;66,4181;;
111018;0000;;77,4545;;
111019;0000;;72,4249;;
111020;0000;;54,825;;
111021;0000;;50,7208;;
111022;0000;;78,3708;;
111023;0000;;54,3916;;
111024;0000;;45,3944;;
111025;0000;;54,5916;;
111026;0000;;98,4476;;
111027;0000;;71,3958;;
111028;0000;;36,29;;
111029;0000;;34,2792;;
111030;0000;;59,725;;
111031;0000;;72,0875;;
111101;0000;;28,2292;;
111102;0000;;31,1292;;
111103;0000;;29,3625;;
111104;0000;;28,2458;;
111105;0000;;24,9083;;
111106;0000;;21,6042;;
111107;0000;;29,3917;;
111108;0000;;21,2;;
111109;0000;;33,7583;;
111110;0000;;26,4174;;
111111;0000;;31,0583;;
111112;0000;;19,4916;;
111113;0000;;17,5791;;
111114;0000;;18,4666;;
111115;0000;;34,8416;;
111116;0000;;50,1708;;
111117;0000;;25,3416;;
111118;0000;;20,6833;;
111119;0000;;23,8125;;
111120;0000;;22,1;;
111121;0000;;31,9625;;
111122;0000;;25,6708;;
111123;0000;;20,8333;;
111124;0000;;18,675;;
111125;0000;;25,8792;;
111126;0000;;23,8;;
111127;0000;;19,7666;;
111128;0000;;18,4;;
111129;0000;;29,5583;;
111130;0000;;69,9082;;
111201;0000;;64,0125;;
111202;0000;;37,1791;;
111203;0000;;22,1041;;
111204;0000;;23,1;;
111205;0000;;20,9833;;
111206;0000;;36,1791;;
111207;0000;;26,9208;;
111208;0000;;31,2333;;
111209;0000;;27,8916;;
111210;0000;;19,65;;
111211;0000;;22,4625;;
111212;0000;;39,9417;;
111213;0000;;37,8292;;
111214;0000;;43,8917;;
111215;0000;;40,2083;;
111216;0000;;37,8541;;
111217;0000;;22,5208;;
111218;0000;;20,3292;;
111219;0000;;26,2625;;
111220;0000;;22,275;;
111221;0000;;22,513;;
111222;0000;;27,9125;;
111223;0000;;57,9625;;
111224;0000;;61,2125;;
111225;0000;;61,2416;;
111226;0000;;54,6625;;
111227;0000;;51;;
111228;0000;;35,25;;
111229;0000;;;;
111230;0000;;42,5;;
111231;0000;;26,2285;;
120101;0000;;20,9333;;
120102;0000;;29,9;;
120103;0000;;26,4292;;
120104;0000;;65,6208;;
120105;0000;;26,2714;;
120106;0000;;45,0913;;
120107;0000;;47,1125;;
120108;0000;;39,835;;
120109;0000;;16,3286;;
120110;0000;;15,8292;;
120111;0000;;20,7954;;
120112;0000;;40,9;;
120113;0000;;38,4363;;
120114;0000;;51,7227;;
120115;0000;;31,1524;;
120116;0000;;31,0667;;
120117;0000;;24,5048;;
120118;0000;;37,1208;;
120119;0000;;27,1522;;
120120;0000;;27,9826;;
120121;0000;;27,3238;;
120122;0000;;22,6545;;
120123;0000;;23,0316;;
120124;0000;;27,9;;
120125;0000;;38,3809;;
120126;0000;;34,0417;;
120127;0000;;24,7174;;
120128;0000;;25,0857;;
120129;0000;;23,887;;
120130;0000;;17,9381;;
120131;0000;;19,013;;
120201;0000;;17,3625;;
120202;0000;;35,9542;;
120203;0000;;23,7;;
120204;0000;;19,4428;;
120205;0000;;19,1913;;
120206;0000;;17,1619;;
120207;0000;;18,0565;;
120208;0000;;22,7708;;
120209;0000;;80,1428;;
120210;0000;;32,113;;
120211;0000;;16,8667;;
120212;0000;;16,9909;;
120213;0000;;33,5304;;
120214;0000;;49,5304;;
120215;0000;;38,0809;;
120216;0000;;54,1273;;
120217;0000;;45,6158;;
120218;0000;;9,69583;;
120219;0000;;12,3095;;
120220;0000;;21,1591;;
120221;0000;;22,5875;;
120222;0000;;38,0708;;
120223;0000;;30,325;;
120224;0000;;20,2667;;
120225;0000;;;0;
120226;0000;;11,1583;;
120227;0000;;13,3238;;
120228;0000;;17,355;;
120229;0000;;;;
120301;0000;;20,5333;;
120302;0000;;17,2208;;
120303;0000;;15,3917;;
120304;0000;;12,4909;;
120305;0000;;18,7791;;
120306;0000;;21,3667;;
120307;0000;;37,5125;;
120308;0000;;30,075;;
120309;0000;;25,825;;
120310;0000;;27,6417;;
120311;0000;;22,1458;;
120312;0000;;21,35;;
120313;0000;;15,2583;;
120314;0000;;26,5;;
120315;0000;;38,4708;;
120316;0000;;34,3583;;
120317;0000;;41,5791;;
120318;0000;;36,7416;;
120319;0000;;23,4125;;
120320;0000;;17,6375;;
120321;0000;;20,4261;;
120322;0000;;25,6583;;
120323;0000;;25,1625;;
120324;0000;;23,3625;;
120325;0000;;22,6125;;
120326;0000;;36,5042;;
120327;0000;;49,1292;;
120328;0000;;31,3041;;
120329;0000;;;30,2522;
120330;0000;;42,675;;
120331;0000;;18,9333;;
120401;0000;;26,0583;;
120402;0000;;36,6292;;
120403;0000;;;25,2104;
120404;0000;;26,2125;;
120405;0000;;30,3435;;
120406;0000;;18,2364;;
120407;0000;;25,2;;
120408;0000;;24,8208;;
120409;0000;;33,0217;;
120410;0000;;71,0217;;
120411;0000;;85,4652;;
120412;0000;;69,5608;;
120413;0000;;57,826;;
120414;0000;;77,0652;;
120415;0000;;68,113;;
120416;0000;;56,8417;;
120417;0000;;;;
120418;0000;;156,729;;
120419;0000;;74,8875;;
120420;0000;;113,358;;
120421;0000;;107,771;;
120422;0000;;110,433;;
120423;0000;;;;
120424;0000;;74,3458;;
120425;0000;;73,4625;;
120426;0000;;110,358;;
120427;0000;;113,463;;
120428;0000;;46,9417;;
120429;0000;;36,1833;;
120430;0000;;62,6833;;
120501;0000;;69,3792;;
120502;0000;;48,6087;;
120503;0000;;79,9417;;
120504;0000;;103,723;;
120505;0000;;56,0042;;
120506;0000;;30,7956;;
120507;0000;;48,4954;;
120508;0000;;96,2739;;
120509;0000;;78,9083;;
120510;0000;;42,3391;;
120511;0000;;46,6;;
120512;0000;;99,2583;;
120513;0000;;99,5;;
120514;0000;;113,354;;
120515;0000;;54,6917;;
120516;0000;;55,0583;;
120517;0000;;51,5174;;
120518;0000;;50,0087;;
120519;0000;;51,1136;;
120520;0000;;77,7478;;
120521;0000;;140,224;;
120522;0000;;215,8;;
120523;0000;;150,548;;
120524;0000;;178,109;;
120525;0000;;66,6761;;
120526;0000;;22,8208;;
120527;0000;;27,3261;;
120528;0000;;;29,1421;
120529;0000;;60,938;;
120530;0000;;96,0304;;
120531;0000;;223,23;;
120601;0000;;25,5444;;
120602;0000;;41,2636;;
120603;0000;;50,8143;;
120604;0000;;179,342;;
120605;0000;;125,8;;
120606;0000;;183,15;;
120607;0000;;128,436;;
120608;0000;;;219,706;
120609;0000;;;172,077;
120610;0000;;;;
120611;0000;;;;
120612;0000;;35,02;;
120613;0000;;55,55;;
120614;0000;;178,308;;
120615;0000;;;;
120616;0000;;55,3458;;
120617;0000;;34,6;;
120618;0000;;69,0042;;
120619;0000;;;;
120620;0000;;26,2263;;
120621;0000;;22,975;;
120622;0000;;;;
120623;0000;;21,0739;;
120624;0000;;120,491;;
120625;0000;;281,104;;
120626;0000;;;;
120627;0000;;98,6375;;
120628;0000;;90,0304;;
120629;0000;;;75,9799;
120630;0000;;101,454;;
120701;0000;;77,7826;;
120702;0000;;197,158;;
120703;0000;;69,7434;;
120704;0000;;83,2391;;
120705;0000;;92,7095;;
120706;0000;;54,2478;;
120707;0000;;57,1782;;
120708;0000;;126,313;;
120709;0000;;186,608;;
120710;0000;;241,135;;
120711;0000;;125,925;;
120712;0000;;124,952;;
120713;0000;;130,57;;
120714;0000;;186,15;;
120715;0000;;213,761;;
120716;0000;;353,758;;
120717;0000;;235,817;;
120718;0000;;157,183;;
120719;0000;;167,517;;
120720;0000;;65,2782;;
120721;0000;;222,446;;
120722;0000;;182,686;;
120723;0000;;226,782;;
120724;0000;;398,045;;
120725;0000;;234,208;;
120726;0000;;;;
120727;0000;;;;
120728;0000;;136,017;;
120729;0000;;201,465;;
120730;0000;;265,308;;
120731;0000;;114,804;;
120801;0000;;34,075;;
120802;0000;;26,0174;;
120803;0000;;93,0042;;
120804;0000;;202,075;;
120805;0000;;67,7695;;
120806;0000;;183,217;;
120807;0000;;;;
120808;0000;;;;
120809;0000;;79,0416;;
120810;0000;;194,775;;
120811;0000;;153,25;;
120812;0000;;60,3917;;
120813;0000;;52,4087;;
120814;0000;;25,6458;;
120815;0000;;25,7208;;
120816;0000;;34,5261;;
120817;0000;;52,775;;
120818;0000;;74,8208;;
120819;0000;;77,2174;;
120820;0000;;54,6043;;
120821;0000;;69,8826;;
120822;0000;;79,9083;;
120823;0000;;125,93;;
120824;0000;;168,291;;
120825;0000;;173,75;;
120826;0000;;246,696;;
120827;0000;;165,671;;
120828;0000;;175,65;;
120829;0000;;97,387;;
120830;0000;;150,283;;
120831;0000;;101,462;;
120901;0000;;132,721;;
120902;0000;;45,0869;;
120903;0000;;54,65;;
120904;0000;;79,6917;;
120905;0000;;84,426;;
120906;0000;;62,45;;
120907;0000;;49,9333;;
120908;0000;;116,673;;
120909;0000;;70,2333;;
120910;0000;;136,35;;
120911;0000;;64,3583;;
120912;0000;;79,4208;;
120913;0000;;;;
120914;0000;;;;
120915;0000;;;;
120916;0000;;;;
120917;0000;;;;
120918;0000;;;;
120919;0000;;;;
120920;0000;;;;
120921;0000;;;;
120922;0000;;;;
120923;0000;;;;
120924;0000;;;;
120925;0000;;;;
120926;0000;;;;
120927;0000;;50,1956;;
120928;0000;;34,0083;;
120929;0000;;32,7167;;
120930;0000;;36,3125;;
121001;0000;;60,1083;;
121002;0000;;47,5913;;
121003;0000;;51,8125;;
121004;0000;;43,6333;;
121005;0000;;52,3;;
121006;0000;;60,925;;
121007;0000;;44,6143;;
121008;0000;;61,2792;;
121009;0000;;40,821;;
121010;0000;;44,315;;
121011;0000;;41,9091;;
121012;0000;;57,8;;
121013;0000;;40,1791;;
121014;0000;;31,8083;;
121015;0000;;35,6791;;
121016;0000;;45,2695;;
121017;0000;;66;;
121018;0000;;47,1625;;
121019;0000;;41,8;;
121020;0000;;;;
121021;0000;;;;
121022;0000;;;;
121023;0000;;;;
121024;0000;;;;
121025;0000;;;;
121026;0000;;;;
121027;0000;;;;
121028;0000;;;;
121029;0000;;;;
121030;0000;;;;
121031;0000;;;;
121101;0000;;;;
121102;0000;;;;
121103;0000;;;;
121104;0000;;;;
121105;0000;;;;
121106;0000;;;;
121107;0000;;;;
121108;0000;;;;
121109;0000;;;;
121110;0000;;;;
121111;0000;;;;
121112;0000;;;;
121113;0000;;;;
121114;0000;;;;
121115;0000;;;;
121116;0000;;;;
121117;0000;;;;
121118;0000;;;;
121119;0000;;;;
121120;0000;;;;
121121;0000;;;;
121122;0000;;;;
121123;0000;;;;
121124;0000;;;;
121125;0000;;;;
121126;0000;;;;
121127;0000;;;;
121128;0000;;;;
121129;0000;;;;
121130;0000;;;;
121201;0000;;;;
121202;0000;;;;
121203;0000;;;;
121204;0000;;;;
121205;0000;;;;
121206;0000;;;;
121207;0000;;;;
121208;0000;;;;
121209;0000;;;;
121210;0000;;;;
121211;0000;;;;
121212;0000;;;;
121213;0000;;;;
121214;0000;;;;
121215;0000;;;;
121216;0000;;;;
121217;0000;;;;
121218;0000;;;;
121219;0000;;;;
121220;0000;;;;
121221;0000;;;;
121222;0000;;;;
121223;0000;;;;
121224;0000;;;;
121225;0000;;;;
121226;0000;;;;
121227;0000;;;;
121228;0000;;;;
121229;0000;;;;
121230;0000;;;;
121231;0000;;;;
130101;0000;;;;
130102;0000;;;;
130103;0000;;;;
130104;0000;;;;
130105;0000;;;;
130106;0000;;;;
130107;0000;;;;
130108;0000;;;;
130109;0000;;;;
130110;0000;;;;
130111;0000;;;;
130112;0000;;;;
130113;0000;;;;
130114;0000;;;;
130115;0000;;;;
130116;0000;;;;
130117;0000;;;;
130118;0000;;;;
130119;0000;;;;
130120;0000;;;;
130121;0000;;;;
130122;0000;;;;
130123;0000;;;;
130124;0000;;;;
130125;0000;;;;
130126;0000;;;;
130127;0000;;;;
130128;0000;;;;
130129;0000;;;;
130130;0000;;;;
130131;0000;;;;
130201;0000;;;;
130202;0000;;;;
130203;0000;;;;
130204;0000;;;;
130205;0000;;;;
130206;0000;;;;
130207;0000;;;;
130208;0000;;;;
130209;0000;;;;
130210;0000;;;;
130211;0000;;;;
130212;0000;;;;
130213;0000;;;;
130214;0000;;;;
130215;0000;;;;
130216;0000;;;;
130217;0000;;;;
130218;0000;;;;
130219;0000;;;;
130220;0000;;;;
130221;0000;;;;
130222;0000;;;;
130223;0000;;;;
130224;0000;;;;
130225;0000;;;;
130226;0000;;;;
130227;0000;;;;
130228;0000;;;;
130301;0000;32,1666;;;
130302;0000;25,9583;;;
130303;0000;14,9167;;;
130304;0000;30,7083;;;
130305;0000;28,7917;;;
130306;0000;27,5417;;;
130307;0000;31,2917;;;
130308;0000;26,8333;;;
130309;0000;28,5;;;
130310;0000;20,5417;;;
130311;0000;21,0833;;;
130312;0000;25,375;;;
130313;0000;26,5417;;;
130314;0000;23,0833;;;
130315;0000;35,4166;;;
130316;0000;25,0833;;;
130317;0000;49,2916;;;
130318;0000;27,5;;;
130319;0000;37,5;;;
130320;0000;47,2083;;;
130321;0000;28,0833;;;
130322;0000;36,5416;;;
130323;0000;29,2917;;;
130324;0000;24,3333;;;
130325;0000;28,75;;;
130326;0000;29,125;;;
130327;0000;26,4167;;;
130328;0000;32,4583;;;
130329;0000;43,4166;;;
130330;0000;32,7083;;;
130331;0000;45,25;;;
130401;0000;39,25;;;
130402;0000;32,5416;;;
130403;0000;33,5833;;;
130404;0000;34,25;;;
130405;0000;21,6667;;;
130406;0000;46,5416;;;
130407;0000;43,2916;;;
130408;0000;56,625;;;
130409;0000;38,8333;;;
130410;0000;;;;
130411;0000;;;;
130412;0000;66,8333;;;
130413;0000;100,792;;;
130414;0000;119,542;;;
130415;0000;46,625;;;
130416;0000;72,75;;;
130417;0000;;;;
130418;0000;58,7826;;;
130419;0000;48,4166;;;
130420;0000;35,4166;;;
130421;0000;28,9167;;;
130422;0000;35,125;;;
130423;0000;23,3333;;;
130424;0000;52,4583;;;
130425;0000;87,75;;;
130426;0000;104,417;;;
130427;0000;99,5;;;
130428;0000;89,1666;;;
130429;0000;;;253,4;
130430;0000;;;;
130501;0000;89,9583;;;
130502;0000;70;;;
130503;0000;24,4167;;;
130504;0000;96,4583;;;
130505;0000;82,5416;;;
130506;0000;142,5;;;
130507;0000;117,833;;;
130508;0000;92,375;;;
130509;0000;68,913;;;
130510;0000;32,9166;;;
130511;0000;42,4583;;;
130512;0000;63,2083;;;
130513;0000;51,0833;;;
130514;0000;101,708;;;
130515;0000;190,25;;;
130516;0000;233,045;;;
130517;0000;185,333;;;
130518;0000;130,833;;;
130519;0000;163,292;;;
130520;0000;102,348;;;
130521;0000;97,25;;;
130522;0000;122,292;;;
130523;0000;75,5833;;;
130524;0000;48,4166;;;
130525;0000;26,9167;;;
130526;0000;22,7083;;;
130527;0000;20,0417;;;
130528;0000;18,375;;;
130529;0000;54,1739;;;
130530;0000;38,7083;;;
130531;0000;22,7083;;;
130601;0000;42,7916;;;
130602;0000;37,125;;;
130603;0000;79,0416;;;
130604;0000;50,7826;;;
130605;0000;147,174;;;
130606;0000;179,333;;;
130607;0000;107,167;;;
130608;0000;172,304;;;
130609;0000;;;321,75;
130610;0000;;;224,773;
130611;0000;216,542;;;
130612;0000;108,833;;;
130613;0000;75,5416;;;
130614;0000;87,3333;;;
130615;0000;33,0869;;;
130616;0000;148,083;;;
130617;0000;47,375;;;
130618;0000;102,375;;;
130619;0000;290,125;;;
130620;0000;137,25;;;
130621;0000;30,125;;;
130622;0000;148,792;;;
130623;0000;178,375;;;
130624;0000;;;175,042;
130625;0000;185,792;;;
130626;0000;28,5;;;
130627;0000;;;;
130628;0000;;;;
130629;0000;;;113;
130630;0000;39,4782;;;
130701;0000;31,0454;;;
130702;0000;;;;
130703;0000;;;;
130704;0000;74,9091;;;
130705;0000;104,875;;;
130706;0000;96,625;;;
130707;0000;232,5;;;
130708;0000;119,417;;;
130709;0000;25,3043;;;
130710;0000;34,5714;;;
130711;0000;37,4166;;;
130712;0000;64,625;;;
130713;0000;60;;;
130714;0000;54,375;;;
130715;0000;69,4347;;;
130716;0000;60,875;;;
130717;0000;76,0454;;;
130718;0000;155,833;;;
130719;0000;56,0416;;;
130720;0000;103,652;;;
130721;0000;323,25;;;
130722;0000;179,625;;;
130723;0000;127,333;;;
130724;0000;122,375;;;
130725;0000;40,0416;;;
130726;0000;76;;;
130727;0000;54,826;;;
130728;0000;79,4583;;;
130729;0000;38,6956;;;
130730;0000;36,375;;;
130731;0000;101,565;;;
130801;0000;121,375;;;
130802;0000;55,7083;;;
130803;0000;22,6667;;;
130804;0000;14;;;
130805;0000;33,625;;;
130806;0000;35,9583;;;
130807;0000;40,6666;;;
130808;0000;104,5;;;
130809;0000;130,917;;;
130810;0000;40,9583;;;
130811;0000;21,5;;;
130812;0000;141,667;;;
130813;0000;193,333;;;
130814;0000;120,583;;;
130815;0000;63,9583;;;
130816;0000;89,4583;;;
130817;0000;121,667;;;
130818;0000;56,5416;;;
130819;0000;91,8571;;;
130820;0000;82,4347;;;
130821;0000;64,5833;;;
130822;0000;132,708;;;
130823;0000;58,2083;;;
130824;0000;64,25;;;
130825;0000;166,208;;;
130826;0000;74;;;
130827;0000;54,9583;;;
130828;0000;40,4166;;;
130829;0000;21,5417;;;
130830;0000;44;;;
130831;0000;39,7916;;;
130901;0000;45,7916;;;
130902;0000;63,375;;;
130903;0000;80,5;;;
130904;0000;54,3;;;
130905;0000;;;;
130906;0000;26,375;;;
130907;0000;13,9583;;;
130908;0000;18,0833;;;
130909;0000;13,5833;;;
130910;0000;23,3333;;;
130911;0000;30,7917;;;
130912;0000;72,125;;;
130913;0000;120,333;;;
130914;0000;68,625;;;
130915;0000;41,9166;;;
130916;0000;60,3333;;;
130917;0000;53,5;;;
130918;0000;96,4583;;;
130919;0000;43,5416;;;
130920;0000;33,1666;;;
130921;0000;72,0416;;;
130922;0000;56,375;;;
130923;0000;59,0416;;;
130924;0000;59,2916;;;
130925;0000;52,7916;;;
130926;0000;27,7917;;;
130927;0000;101,833;;;
130928;0000;121,833;;;
130929;0000;94,1666;;;
130930;0000;48,5;;;
131001;0000;40,5416;;;
131002;0000;46,125;;;
131003;0000;40,0833;;;
131004;0000;39,2083;;;
131005;0000;33,5833;;;
131006;0000;27,7917;;;
131007;0000;32,9583;;;
131008;0000;38,1666;;;
131009;0000;36,1666;;;
131010;0000;36,25;;;
131011;0000;22,0417;;;
131012;0000;20,9167;;;
131013;0000;22,625;;;
131014;0000;33,9166;;;
131015;0000;18,5;;;
131016;0000;22,2917;;;
131017;0000;29,125;;;
131018;0000;38,5833;;;
131019;0000;24,5;;;
131020;0000;13,625;;;
131021;0000;22,8333;;;
131022;0000;32,2916;;;
131023;0000;32,75;;;
131024;0000;31,7917;;;
131025;0000;24,375;;;
131026;0000;21,2917;;;
131027;0000;23,3333;;;
131028;0000;31,875;;;
131029;0000;29,25;;;
131030;0000;32,5416;;;
131031;0000;29,9167;;;
131101;0000;17,1667;;;
131102;0000;19,875;;;
131103;0000;14,875;;;
131104;0000;20,1667;;;
131105;0000;26,4583;;;
131106;0000;27,25;;;
131107;0000;12,5417;;;
131108;0000;19,625;;;
131109;0000;13,375;;;
131110;0000;14,2917;;;
131111;0000;15,3333;;;
131112;0000;19;;;
131113;0000;22,4583;;;
131114;0000;12,5417;;;
131115;0000;16,9583;;;
131116;0000;18;;;
131117;0000;21,375;;;
131118;0000;23,0833;;;
131119;0000;25,9583;;;
131120;0000;26,2083;;;
131121;0000;31,7917;;;
131122;0000;25,4583;;;
131123;0000;25,4583;;;
131124;0000;;;69,75;
131125;0000;13,25;;;
131126;0000;25,4167;;;
131127;0000;16,4167;;;
131128;0000;16,2083;;;
131129;0000;18;;;
131130;0000;21,2917;;;
131201;0000;15,3333;;;
131202;0000;22,5217;;;
131203;0000;33,875;;;
131204;0000;23,125;;;
131205;0000;22;;;
131206;0000;27,5;;;
131207;0000;27,9167;;;
131208;0000;34,875;;;
131209;0000;19,9583;;;
131210;0000;28,625;;;
131211;0000;27,5;;;
131212;0000;36,4166;;;
131213;0000;31,1667;;;
131214;0000;37,2916;;;
131215;0000;24,0417;;;
131216;0000;30,5417;;;
131217;0000;31,4583;;;
131218;0000;29,5417;;;
131219;0000;34,5;;;
131220;0000;23,2083;;;
131221;0000;36,5416;;;
131222;0000;33,25;;;
131223;0000;41,875;;;
131224;0000;32,5833;;;
131225;0000;26,3333;;;
131226;0000;27,9583;;;
131227;0000;30,9583;;;
131228;0000;29;;;
131229;0000;17,6956;;;
131230;0000;23,75;;;
131231;0000;28,1667;;;
140101;0000;17,3333;;;
140102;0000;12,9167;;;
140103;0000;17,8333;;;
140104;0000;16,5417;;;
140105;0000;15,0833;;;
140106;0000;17,375;;;
140107;0000;21,0833;;;
140108;0000;31,0417;;;
140109;0000;28,25;;;
140110;0000;18,5833;;;
140111;0000;21,875;;;
140112;0000;24,9167;;;
140113;0000;21,875;;;
140114;0000;23,375;;;
140115;0000;40,125;;;
140116;0000;47,1666;;;
140117;0000;39,875;;;
140118;0000;30,125;;;
140119;0000;26,875;;;
140120;0000;25,25;;;
140121;0000;16;;;
140122;0000;20,375;;;
140123;0000;8,04166;;;
140124;0000;;;83,5833;
140125;0000;13,5909;;;
140126;0000;15,5;;;
140127;0000;17,0417;;;
140128;0000;19;;;
140129;0000;22,25;;;
140130;0000;17,375;;;
140131;0000;13,875;;;
140201;0000;15,6667;;;
140202;0000;13,4167;;;
140203;0000;10,8333;;;
140204;0000;14,2083;;;
140205;0000;10,2083;;;
140206;0000;17,2917;;;
140207;0000;14,2083;;;
140208;0000;13,2083;;;
140209;0000;12,5417;;;
140210;0000;16,1667;;;
140211;0000;15,5;;;
140212;0000;23,5417;;;
140213;0000;43,0416;;;
140214;0000;55,9166;;;
140215;0000;40,5833;;;
140216;0000;30,25;;;
140217;0000;24,3333;;;
140218;0000;19,4167;;;
140219;0000;29,5;;;
140220;0000;30,9167;;;
140221;0000;27,5833;;;
140222;0000;27,25;;;
140223;0000;21,125;;;
140224;0000;39,25;;;
140225;0000;46,2916;;;
140226;0000;31,375;;;
140227;0000;26,9583;;;
140228;0000;35,375;;;
140301;0000;29,4167;;;
140302;0000;32,0833;;;
140303;0000;21,4167;;;
140304;0000;27,5417;;;
140305;0000;23,875;;;
140306;0000;33,0416;;;
140307;0000;29,9583;;;
140308;0000;37;;;
140309;0000;17,9167;;;
140310;0000;29,9583;;;
140311;0000;11,7083;;;
140312;0000;10,375;;;
140313;0000;15,625;;;
140314;0000;20,6667;;;
140315;0000;14;;;
140316;0000;13,1667;;;
140317;0000;14,7083;;;
140318;0000;20,9583;;;
140319;0000;24,4583;;;
140320;0000;24,1667;;;
140321;0000;39,7916;;;
140322;0000;33,75;;;
140323;0000;22,7917;;;
140324;0000;25;;;
140325;0000;42,9583;;;
140326;0000;60,5416;;;
140327;0000;43,0833;;;
140328;0000;35,8333;;;
140329;0000;16,9167;;;
140330;0000;11,8333;;;
140331;0000;25,7917;;;
140401;0000;;;36,3333;
140402;0000;;;43,4583;
140403;0000;;;32;
140404;0000;;;38,5833;
140405;0000;;;35,375;
140406;0000;;;21,0833;
140407;0000;;;55,2916;
140408;0000;33,8333;;;
140409;0000;38,1666;;;
140410;0000;45,9583;;;
140411;0000;43,8333;;;
140412;0000;;;19,9167;
140413;0000;;;0;
140414;0000;;;55,5416;
140415;0000;24,875;;;
140416;0000;49,6666;;;
140417;0000;62,2727;;;
140418;0000;73,8333;;;
140419;0000;82,875;;;
140420;0000;82,4583;;;
140421;0000;28,95;;;
140422;0000;24,2;;;
140423;0000;32,0416;;;
140424;0000;72,625;;;
140425;0000;119,458;;;
140426;0000;53,9583;;;
140427;0000;91,2916;;;
140428;0000;97,0833;;;
140429;0000;122,917;;;
140430;0000;40,375;;;
140501;0000;64,9583;;;
140502;0000;41,2916;;;
140503;0000;16,125;;;
140504;0000;65,25;;;
140505;0000;78,3478;;;
140506;0000;31,5;;;
140507;0000;23,25;;;
140508;0000;21,7917;;;
140509;0000;46,7916;;;
140510;0000;63,7083;;;
140511;0000;83,5416;;;
140512;0000;54,2083;;;
140513;0000;57,5;;;
140514;0000;52,625;;;
140515;0000;34,6666;;;
140516;0000;114,583;;;
140517;0000;212,667;;;
140518;0000;24,0417;;;
140519;0000;40,2083;;;
140520;0000;32,2916;;;
140521;0000;63,3333;;;
140522;0000;113,792;;;
140523;0000;149,333;;;
140524;0000;155,167;;;
140525;0000;76,4583;;;
140526;0000;61,7916;;;
140527;0000;113,917;;;
140528;0000;30,8333;;;
140529;0000;41,7083;;;
140530;0000;30,9167;;;
140531;0000;21,4583;;;
140601;0000;14,2917;;;
140602;0000;13,5;;;
140603;0000;36,0416;;;
140604;0000;30,875;;;
140605;0000;38,0416;;;
140606;0000;24,4545;;;
140607;0000;21,2083;;;
140608;0000;28,0833;;;
140609;0000;48,3043;;;
140610;0000;14,7083;;;
140611;0000;77,8333;;;
140612;0000;87,0416;;;
140613;0000;31,7083;;;
140614;0000;21,625;;;
140615;0000;82,25;;;
140616;0000;140,292;;;
140617;0000;191,542;;;
140618;0000;137,25;;;
140619;0000;123,583;;;
140620;0000;83,1666;;;
140621;0000;20,8333;;;
140622;0000;21,5417;;;
140623;0000;89,7916;;;
140624;0000;196;;;
140625;0000;236,167;;;
140626;0000;81,875;;;
140627;0000;159,625;;;
140628;0000;135,417;;;
140629;0000;42,2083;;;
140630;0000;50,9583;;;
140701;0000;44,5;;;
140702;0000;44,1666;;;
140703;0000;44,1666;;;
140704;0000;63,7916;;;
140705;0000;86,2916;;;
140706;0000;60,0416;;;
140707;0000;80,5652;;;
140708;0000;145,167;;;
140709;0000;261,875;;;
140710;0000;162,25;;;
140711;0000;78,5416;;;
140712;0000;51;;;
140713;0000;54,9583;;;
140714;0000;22,125;;;
140715;0000;39,6956;;;
140716;0000;37,1666;;;
140717;0000;117,333;;;
140718;0000;173,333;;;
140719;0000;173,583;;;
140720;0000;93,9583;;;
140721;0000;53,9583;;;
140722;0000;;;;
140723;0000;164,917;;;
140724;0000;63,4583;;;
140725;0000;45,6666;;;
140726;0000;56,0416;;;
140727;0000;11,9583;;;
140728;0000;29,0833;;;
140729;0000;43,0833;;;
140730;0000;53,0833;;;
140731;0000;21,2083;;;
140801;0000;18,5;;;
140802;0000;22,625;;;
140803;0000;59,0416;;;
140804;0000;109,583;;;
140805;0000;30,1739;;;
140806;0000;47,875;;;
140807;0000;84,125;;;
140808;0000;61,5;;;
140809;0000;79,5833;;;
140810;0000;107,5;;;
140811;0000;51,625;;;
140812;0000;124,136;;;
140813;0000;180,25;;;
140814;0000;175,792;;;
140815;0000;89,125;;;
140816;0000;81,625;;;
140817;0000;74,5833;;;
140818;0000;100,167;;;
140819;0000;59,9565;;;
140820;0000;74,1666;;;
140821;0000;96,4583;;;
140822;0000;65,3333;;;
140823;0000;22,7083;;;
140824;0000;45,5833;;;
140825;0000;68,625;;;
140826;0000;93,75;;;
140827;0000;78,2916;;;
140828;0000;59,4583;;;
140829;0000;;;368,75;
140830;0000;38,625;;;
140831;0000;40,875;;;
140901;0000;13,6956;;;
140902;0000;21,4167;;;
140903;0000;53,2083;;;
140904;0000;88,875;;;
140905;0000;18,375;;;
140906;0000;21;;;
140907;0000;16,875;;;
140908;0000;26,6667;;;
140909;0000;40,4166;;;
140910;0000;122,13;;;
140911;0000;114,083;;;
140912;0000;45,0416;;;
140913;0000;67,5;;;
140914;0000;60;;;
140915;0000;60,9166;;;
140916;0000;37,7083;;;
140917;0000;48,75;;;
140918;0000;24,4167;;;
140919;0000;34,8333;;;
140920;0000;27,0417;;;
140921;0000;18;;;
140922;0000;23,625;;;
140923;0000;34,8695;;;
140924;0000;22,0952;;;
140925;0000;38,2083;;;
140926;0000;38,5833;;;
140927;0000;22;;;
140928;0000;14,5;;;
140929;0000;33,1666;;;
140930;0000;34,5416;;;
141001;0000;60,3333;;;
141002;0000;46,5;;;
141003;0000;37,5;;;
141004;0000;31,375;;;
141005;0000;50,6666;;;
141006;0000;54,1304;;;
141007;0000;26,2727;;;
141008;0000;42;;;
141009;0000;48,5833;;;
141010;0000;71,842;;;
141011;0000;;;;
141012;0000;;;;
141013;0000;;;;
141014;0000;;;487,761;
141015;0000;41,9166;;;
141016;0000;27,4167;;;
141017;0000;30,7083;;;
141018;0000;37,7083;;;
141019;0000;27,9167;;;
141020;0000;18,4583;;;
141021;0000;21,2917;;;
141022;0000;19,1667;;;
141023;0000;;;438,062;
141024;0000;39,125;;;
141025;0000;35,9583;;;
141026;0000;22,2083;;;
141027;0000;34,1666;;;
141028;0000;20,2174;;;
141029;0000;16,7083;;;
141030;0000;31,25;;;
141031;0000;37,0833;;;
141101;0000;26,8708;;;
141102;0000;28,5437;;;
141103;0000;40,0163;;;
141104;0000;43,1887;;;
141105;0000;23,5841;;;
141106;0000;19,4079;;;
141107;0000;23,9836;;;
141108;0000;27,5221;;;
141109;0000;16,6008;;;
141110;0000;19,8979;;;
141111;0000;29,1626;;;
141112;0000;35,0449;;;
141113;0000;29,5662;;;
141114;0000;27,9912;;;
141115;0000;25,685;;;
141116;0000;28,18;;;
141117;0000;24,3365;;;
141118;0000;26,2536;;;
141119;0000;31,0562;;;
141120;0000;26,446;;;
141121;0000;30,1408;;;
141122;0000;29,6258;;;
141123;0000;23,7182;;;
141124;0000;19,2044;;;
141125;0000;20,0896;;;
141126;0000;22,3475;;;
141127;0000;27,767;;;
141128;0000;31,19;;;
141129;0000;21,4073;;;
141130;0000;21,4626;;;
141201;0000;24,3991;;;
141202;0000;32,0049;;;
141203;0000;32,9587;;;
141204;0000;34,4117;;;
141205;0000;24,8176;;;
141206;0000;26,9808;;;
141207;0000;21,3065;;;
141208;0000;22,0666;;;
141209;0000;35,0791;;;
141210;0000;34,3316;;;
141211;0000;32,22;;;
141212;0000;32,6049;;;
141213;0000;;;44,727;
141214;0000;;;;
141215;0000;;;;
141216;0000;;;;
141217;0000;;;;
141218;0000;;;;
141219;0000;;;;
141220;0000;;;;
141221;0000;;;;
141222;0000;;;;
141223;0000;25,6127;;;
141224;0000;23,83;;;
141225;0000;20,1704;;;
141226;0000;25,4533;;;
141227;0000;18,9778;;;
141228;0000;20,573;;;
141229;0000;23,8763;;;
141230;0000;18,1818;;;
141231;0000;45,3766;;;
150101;0000;25,0833;;;
150102;0000;16,6522;;;
150103;0000;17,75;;;
150104;0000;16,9583;;;
150105;0000;19,2917;;;
150106;0000;26,4167;;;
150107;0000;33,4583;;;
150108;0000;31,625;;;
150109;0000;25,125;;;
150110;0000;24,4167;;;
150111;0000;27,7917;;;
150112;0000;29,5833;;;
150113;0000;22,3333;;;
150114;0000;26,4583;;;
150115;0000;38,1666;;;
150116;0000;29,9565;;;
150117;0000;20,25;;;
150118;0000;13,8333;;;
150119;0000;23,9583;;;
150120;0000;37,8695;;;
150121;0000;27,6667;;;
150122;0000;28,3182;;;
150123;0000;31,375;;;
150124;0000;22,375;;;
150125;0000;19,6522;;;
150126;0000;29,0869;;;
150127;0000;34,7083;;;
150128;0000;32,875;;;
150129;0000;38,2916;;;
150130;0000;28,1667;;;
150131;0000;22,875;;;
150201;0000;26,2727;;;
150202;0000;37,625;;;
150203;0000;38,4166;;;
150204;0000;35,7391;;;
150205;0000;34,8182;;;
150206;0000;25,7727;;;
150207;0000;30,6667;;;
150208;0000;21,8636;;;
150209;0000;23,2917;;;
150210;0000;31,9583;;;
150211;0000;31,3333;;;
150212;0000;33,5416;;;
150213;0000;37,75;;;
150214;0000;35,0833;;;
150215;0000;25,3333;;;
150216;0000;32,9583;;;
150217;0000;39,8333;;;
150218;0000;45,3333;;;
150219;0000;31,0454;;;
150220;0000;37,3333;;;
150221;0000;38,0869;;;
150222;0000;27,7826;;;
150223;0000;41,9;;;
150224;0000;36,1364;;;
150225;0000;66,1666;;;
150226;0000;58,6522;;;
150227;0000;51,5217;;;
150228;0000;41,5416;;;
150301;0000;35,9583;;;
150302;0000;34,7916;;;
150303;0000;34,25;;;
150304;0000;43,8333;;;
150305;0000;36,5416;;;
150306;0000;24,0417;;;
150307;0000;27,8333;;;
150308;0000;19,5417;;;
150309;0000;41,6086;;;
150310;0000;45,125;;;
150311;0000;34,4166;;;
150312;0000;38,4583;;;
150313;0000;37,2916;;;
150314;0000;32,375;;;
150315;0000;28,4583;;;
150316;0000;37,5;;;
150317;0000;28,2083;;;
150318;0000;43,7083;;;
150319;0000;43,4166;;;
150320;0000;37,2083;;;
150321;0000;47,6666;;;
150322;0000;46,625;;;
150323;0000;50,625;;;
150324;0000;62,3043;;;
150325;0000;55,5416;;;
150326;0000;47,25;;;
150327;0000;51,25;;;
150328;0000;35,8333;;;
150329;0000;20,2917;;;
150330;0000;30,0833;;;
150331;0000;38,125;;;
150401;0000;32,3333;;;
150402;0000;14,5833;;;
150403;0000;21,25;;;
150404;0000;16,2917;;;
150405;0000;17,5833;;;
150406;0000;35,875;;;
150407;0000;27,3333;;;
150408;0000;24,3333;;;
150409;0000;24,25;;;
150410;0000;32,5416;;;
150411;0000;40;;;
150412;0000;44,25;;;
150413;0000;21,6522;;;
150414;0000;36,2083;;;
150415;0000;75,4166;;;
150416;0000;41,125;;;
150417;0000;51,9166;;;
150418;0000;53,75;;;
150419;0000;47,4166;;;
150420;0000;37,2916;;;
150421;0000;80,75;;;
150422;0000;128,208;;;
150423;0000;107,833;;;
150424;0000;162,208;;;
150425;0000;38,9166;;;
150426;0000;87,5;;;
150427;0000;346,75;;;
150428;0000;246,454;;;
150429;0000;36,5833;;;
150430;0000;75,5;;;
150501;0000;59,3333;;;
150502;0000;79,9583;;;
150503;0000;56,7083;;;
150504;0000;64,8635;;;
150505;0000;132,208;;;
150506;0000;156,75;;;
150507;0000;177,042;;;
150508;0000;45,0833;;;
150509;0000;28,375;;;
150510;0000;97,75;;;
150511;0000;67;;;
150512;0000;63,9091;;;
150513;0000;93,2916;;;
150514;0000;96,2083;;;
150515;0000;34,2775;;;
150516;0000;20,8116;;;
150517;0000;31,002;;;
150518;0000;55,8383;;;
150519;0000;45,7999;;;
150520;0000;23,4608;;;
150521;0000;35,6775;;;
150522;0000;24,8071;;;
150523;0000;98,4229;;;
150524;0000;103,804;;;
150525;0000;195,352;;;
150526;0000;108,719;;;
150527;0000;154,643;;;
150528;0000;60,2949;;;
150529;0000;52,7758;;;
150530;0000;32,6021;;;
150531;0000;24,1225;;;
150601;0000;21,2046;;;
150602;0000;17,4138;;;
150603;0000;60,8428;;;
150604;0000;25,2831;;;
150605;0000;25,2229;;;
150606;0000;25,5541;;;
150607;0000;45,7366;;;
150608;0000;43,2543;;;
150609;0000;40,5516;;;
150610;0000;51,1891;;;
150611;0000;90,4016;;;
150612;0000;53,4982;;;
150613;0000;26,3383;;;
150614;0000;39,9979;;;
150615;0000;63,2712;;;
150616;0000;34,1845;;;
150617;0000;156,183;;;
150618;0000;143,462;;;
150619;0000;106,673;;;
150620;0000;158,001;;;
150621;0000;105,621;;;
150622;0000;169,85;;;
150623;0000;162,75;;;
150624;0000;57,6466;;;
150625;0000;33,9941;;;
150626;0000;97,8036;;;
150627;0000;86,4182;;;
150628;0000;209,727;;;
150629;0000;98,1349;;;
150630;0000;70,7333;;;
150701;0000;84,3124;;;
150702;0000;145,647;;;
150703;0000;102,647;;;
150704;0000;91,9349;;;
150705;0000;27,4417;;;
150706;0000;45,3604;;;
150707;0000;28,8516;;;
150708;0000;36,902;;;
150709;0000;58,0396;;;
150710;0000;134,177;;;
150711;0000;59,1928;;;
150712;0000;57,2862;;;
150713;0000;58,9095;;;
150714;0000;43,8345;;;
150715;0000;24,3021;;;
150716;0000;34,3437;;;
150717;0000;36,5025;;;
150718;0000;41,927;;;
150719;0000;93,6699;;;
150720;0000;101,699;;;
150721;0000;91,6715;;;
150722;0000;81,5544;;;
150723;0000;105,396;;;
150724;0000;99,5386;;;
150725;0000;22,5408;;;
150726;0000;15,4216;;;
150727;0000;28,6879;;;
150728;0000;53,2491;;;
150729;0000;51,5779;;;
150730;0000;47,5645;;;
150731;0000;21,6865;;;
150801;0000;;;;
150802;0000;32,9039;;;
150803;0000;97,7961;;;
150804;0000;80,8086;;;
150805;0000;17,6933;;;
150806;0000;38,8716;;;
150807;0000;;;;
150808;0000;62,4177;;;
150809;0000;30,7691;;;
150810;0000;104,954;;;
150811;0000;137,912;;;
150812;0000;150,333;;;
150813;0000;129,987;;;
150814;0000;50,9691;;;
150815;0000;77,1345;;;
150816;0000;127,547;;;
150817;0000;46,1645;;;
150818;0000;47,3966;;;
150819;0000;74,2195;;;
150820;0000;59,5645;;;
150821;0000;28,52;;;
150822;0000;31,5024;;;
150823;0000;36,3512;;;
150824;0000;36,3516;;;
150825;0000;18,4867;;;
150826;0000;32,8953;;;
150827;0000;30,0396;;;
150828;0000;16,2267;;;
150829;0000;52,8458;;;
150830;0000;45,1233;;;
150831;0000;41,2825;;;
150901;0000;73,4728;;;
150902;0000;75,7407;;;
150903;0000;58,8307;;;
150904;0000;84,2319;;;
150905;0000;65,7366;;;
150906;0000;;;17,4062;
150907;0000;;;23,9079;
150908;0000;50,6957;;;
150909;0000;59,2275;;;
150910;0000;54,437;;;
150911;0000;75,4253;;;
150912;0000;60,3799;;;
150913;0000;82,0803;;;
150914;0000;79,5846;;;
150915;0000;60,5395;;;
150916;0000;94,1599;;;
150917;0000;99,5657;;;
150918;0000;74,8533;;;
150919;0000;75,1653;;;
150920;0000;66,6941;;;
150921;0000;62,9841;;;
150922;0000;83,8995;;;
150923;0000;39,5051;;;
150924;0000;17,2062;;;
150925;0000;35,2344;;;
150926;0000;36,0291;;;
150927;0000;14,7787;;;
150928;0000;31,3411;;;
150929;0000;41,7787;;;
150930;0000;57,9641;;;
151001;0000;20,5328;;;
151002;0000;24,95;;;
151003;0000;36,7728;;;
151004;0000;14,1983;;;
151005;0000;15,4999;;;
151006;0000;24,3112;;;
151007;0000;32,0826;;;
151008;0000;67,0349;;;
151009;0000;52,1428;;;
151010;0000;22,8708;;;
151011;0000;37,557;;;
151012;0000;34,0082;;;
151013;0000;26,4;;;
151014;0000;27,7574;;;
151015;0000;32,7641;;;
151016;0000;51,2933;;;
151017;0000;45,0396;;;
151018;0000;21,1654;;;
151019;0000;22,9354;;;
151020;0000;26,4129;;;
151021;0000;37,657;;;
151022;0000;35,8383;;;
151023;0000;49,7074;;;
151024;0000;29,5891;;;
151025;0000;18,0461;;;
151026;0000;25,3862;;;
151027;0000;26,4558;;;
151028;0000;24,5879;;;
151029;0000;28,2921;;;
151030;0000;28,44;;;
151031;0000;27,5343;;;
151101;0000;26,4179;;;
151102;0000;29,8045;;;
151103;0000;34,7628;;;
151104;0000;46,3266;;;
151105;0000;34,7208;;;
151106;0000;30,8966;;;
151107;0000;20,6971;;;
151108;0000;28,5179;;;
151109;0000;15,8352;;;
151110;0000;21,5136;;;
151111;0000;31,5887;;;
151112;0000;26,8833;;;
151113;0000;24,5891;;;
151114;0000;20,9666;;;
151115;0000;13,7094;;;
151116;0000;21,6636;;;
151117;0000;23,4633;;;
151118;0000;30,3291;;;
151119;0000;29,7591;;;
151120;0000;25,0687;;;
151121;0000;17,3817;;;
151122;0000;16,3425;;;
151123;0000;20,622;;;
151124;0000;22,165;;;
151125;0000;19,5508;;;
151126;0000;20,657;;;
151127;0000;16,7825;;;
151128;0000;26,1049;;;
151129;0000;19,885;;;
151130;0000;23,1387;;;
151201;0000;31,3233;;;
151202;0000;41,897;;;
151203;0000;29,8395;;;
151204;0000;22,9791;;;
151205;0000;30,4816;;;
151206;0000;16,5054;;;
151207;0000;27,0683;;;
151208;0000;27,4508;;;
151209;0000;28,1435;;;
151210;0000;20,259;;;
151211;0000;19,0233;;;
151212;0000;17,3619;;;
151213;0000;10,1101;;;
151214;0000;12,3056;;;
151215;0000;17,2556;;;
151216;0000;17,7069;;;
151217;0000;18,3021;;;
151218;0000;24,722;;;
151219;0000;21,5121;;;
151220;0000;18,4708;;;
151221;0000;19,3591;;;
151222;0000;10,8142;;;
151223;0000;15,8902;;;
151224;0000;17,0521;;;
151225;0000;17,35;;;
151226;0000;19,5404;;;
151227;0000;17,9304;;;
151228;0000;22,2539;;;
151229;0000;57,7762;;;
151230;0000;68,1461;;;
151231;0000;31,6591;;;
160101;0000;36,9304;;;
160102;0000;19,1754;;;
160103;0000;24,9229;;;
160104;0000;36,6799;;;
160105;0000;62,8029;;;
160106;0000;50,0041;;;
160107;0000;60,3307;;;
160108;0000;46,6995;;;
160109;0000;41,3624;;;
160110;0000;27,5929;;;
160111;0000;35,2751;;;
160112;0000;22,7904;;;
160113;0000;32,5678;;;
160114;0000;32,2778;;;
160115;0000;40,3903;;;
160116;0000;28,252;;;
160117;0000;27,5925;;;
160118;0000;37,297;;;
160119;0000;29,7983;;;
160120;0000;32,4615;;;
160121;0000;;;35,4806;
160122;0000;;;3,85587;
160123;0000;;;3,1685;
160124;0000;;;2,11962;
160125;0000;;;21,1095;
160126;0000;34,85;;;
160127;0000;14,8184;;;
160128;0000;14,4758;;;
160129;0000;18,5083;;;
160130;0000;25,955;;;
160131;0000;32,2783;;;
160201;0000;36,629;;;
160202;0000;24,0516;;;
160203;0000;26,3908;;;
160204;0000;22,9275;;;
160205;0000;33,7758;;;
160206;0000;32,9295;;;
160207;0000;28,1841;;;
160208;0000;26,7295;;;
160209;0000;34,8841;;;
160210;0000;39,8008;;;
160211;0000;45,3195;;;
160212;0000;22,5629;;;
160213;0000;15,7645;;;
160214;0000;16,2667;;;
160215;0000;22,3723;;;
160216;0000;24,1879;;;
160217;0000;29,4847;;;
160218;0000;13,9308;;;
160219;0000;20,6204;;;
160220;0000;20,1941;;;
160221;0000;19,9966;;;
160222;0000;18,0708;;;
160223;0000;29,0468;;;
160224;0000;27,1116;;;
160225;0000;19,3266;;;
160226;0000;23,6087;;;
160227;0000;26,6816;;;
160228;0000;23,4604;;;
160229;0000;31,4133;;;
160301;0000;33,0795;;;
160302;0000;34,7025;;;
160303;0000;24,7169;;;
160304;0000;38,7516;;;
160305;0000;44,6978;;;
160306;0000;28,8958;;;
160307;0000;;;;
160308;0000;;;;
160309;0000;28,1218;;;
160310;0000;46,2541;;;
160311;0000;46,2491;;;
160312;0000;54,152;;;
160313;0000;35,7999;;;
160314;0000;34,2583;;;
160315;0000;43,9553;;;
160316;0000;;;;
160317;0000;;;;
160318;0000;28,312;;;
160319;0000;25,3751;;;
160320;0000;25,4129;;;
160321;0000;20,1232;;;
160322;0000;28,87;;;
160323;0000;25,2937;;;
160324;0000;48,0453;;;
160325;0000;66,2603;;;
160326;0000;53,7787;;;
160327;0000;44,5283;;;
160328;0000;63,266;;;
160329;0000;73,6366;;;
160330;0000;41,4153;;;
160331;0000;14,9008;;;
160401;0000;27,1287;;;
160402;0000;33,3849;;;
160403;0000;33,702;;;
160404;0000;43,0916;;;
160405;0000;54,3433;;;
160406;0000;41,1716;;;
160407;0000;34,045;;;
160408;0000;42,2183;;;
160409;0000;54,6303;;;
160410;0000;40,3729;;;
160411;0000;60,9482;;;
160412;0000;64,1934;;;
160413;0000;41,7056;;;
160414;0000;15,1489;;;
160415;0000;13,5021;;;
160416;0000;27,0916;;;
160417;0000;41,9904;;;
160418;0000;100,146;;;
160419;0000;38,0433;;;
160420;0000;20,3301;;;
160421;0000;77,3044;;;
160422;0000;33,6229;;;
160423;0000;21,4175;;;
160424;0000;61,6487;;;
160425;0000;88,9412;;;
160426;0000;89,3928;;;
160427;0000;96,5682;;;
160428;0000;139,378;;;
160429;0000;116,609;;;
160430;0000;124,351;;;
160501;0000;65,1707;;;
160502;0000;58,0283;;;
160503;0000;86,3816;;;
160504;0000;88,5876;;;
160505;0000;107,689;;;
160506;0000;107,644;;;
160507;0000;101,452;;;
160508;0000;68,4612;;;
160509;0000;103,59;;;
160510;0000;139,038;;;
160511;0000;50,3474;;;
160512;0000;51,0685;;;
160513;0000;94,8032;;;
160514;0000;59,2437;;;
160515;0000;55,4787;;;
160516;0000;113,62;;;
160517;0000;108,359;;;
160518;0000;73,5598;;;
160519;0000;86,2428;;;
160520;0000;132,761;;;
160521;0000;80,5815;;;
160522;0000;145,686;;;
160523;0000;156,862;;;
160524;0000;51,6391;;;
160525;0000;32,8991;;;
160526;0000;68,0066;;;
160527;0000;131,679;;;
160528;0000;77,4244;;;
160529;0000;60,0103;;;
160530;0000;65,8545;;;
160531;0000;66,1887;;;
160601;0000;61,5746;;;
160602;0000;110,829;;;
160603;0000;56,337;;;
160604;0000;43,8433;;;
160605;0000;68,63;;;
160606;0000;49,7183;;;
160607;0000;99,3258;;;
160608;0000;68,015;;;
160609;0000;85,8329;;;
160610;0000;179,848;;;
160611;0000;144,834;;;
160612;0000;184,456;;;
160613;0000;162,004;;;
160614;0000;84,7633;;;
160615;0000;117,578;;;
160616;0000;166,189;;;
160617;0000;163,452;;;
160618;0000;170,793;;;
160619;0000;122,887;;;
160620;0000;85,3883;;;
160621;0000;168,605;;;
160622;0000;84,6696;;;
160623;0000;102,218;;;
160624;0000;110,588;;;
160625;0000;64,9116;;;
160626;0000;141,479;;;
160627;0000;131,032;;;
160628;0000;132,104;;;
160629;0000;99,6863;;;
160630;0000;80,7975;;;
160701;0000;155,688;;;
160702;0000;143,201;;;
160703;0000;237,862;;;
160704;0000;233,185;;;
160705;0000;128,534;;;
160706;0000;44,7654;;;
160707;0000;88,4104;;;
160708;0000;53,5022;;;
160709;0000;59,2762;;;
160710;0000;23,1008;;;
160711;0000;31,5058;;;
160712;0000;80,85;;;
160713;0000;31,9908;;;
160714;0000;46,5221;;;
160715;0000;65,9637;;;
160716;0000;114,475;;;
160717;0000;47,9496;;;
160718;0000;90,3246;;;
160719;0000;85,5599;;;
160720;0000;51,6099;;;
160721;0000;58,7133;;;
160722;0000;40,3137;;;
160723;0000;42,37;;;
160724;0000;49,3995;;;
160725;0000;48,0444;;;
160726;0000;128,464;;;
160727;0000;116,068;;;
160728;0000;48,305;;;
160729;0000;51,7029;;;
160730;0000;44,9395;;;
160731;0000;31,6133;;;
160801;0000;85,775;;;
160802;0000;107,883;;;
160803;0000;44,1162;;;
160804;0000;50,6204;;;
160805;0000;38,2791;;;
160806;0000;22,6022;;;
160807;0000;32,7346;;;
160808;0000;129,942;;;
160809;0000;121,002;;;
160810;0000;70,73;;;
160811;0000;53,6823;;;
160812;0000;54,2462;;;
160813;0000;63,6642;;;
160814;0000;39,7752;;;
160815;0000;29,2787;;;
160816;0000;30,4859;;;
160817;0000;22,2383;;;
160818;0000;29,2729;;;
160819;0000;45,6;;;
160820;0000;92,8134;;;
160821;0000;89,7828;;;
160822;0000;89,4125;;;
160823;0000;42,2687;;;
160824;0000;30,9925;;;
160825;0000;25,7133;;;
160826;0000;79,7479;;;
160827;0000;97,0195;;;
160828;0000;73,0531;;;
160829;0000;41,217;;;
160830;0000;45,0117;;;
160831;0000;78,3995;;;
160901;0000;140,177;;;
160902;0000;65,5746;;;
160903;0000;29,9875;;;
160904;0000;39,4072;;;
160905;0000;104,921;;;
160906;0000;90,1345;;;
160907;0000;71,8636;;;
160908;0000;51,6537;;;
160909;0000;34,3041;;;
160910;0000;48,5233;;;
160911;0000;31,2208;;;
160912;0000;12,0196;;;
160913;0000;46,7679;;;
160914;0000;59,5792;;;
160915;0000;60,4754;;;
160916;0000;71,2979;;;
160917;0000;44,1971;;;
160918;0000;39,3546;;;
160919;0000;30,8425;;;
160920;0000;40,8633;;;
160921;0000;32,8369;;;
160922;0000;63,7471;;;
160923;0000;64,3909;;;
160924;0000;62,9896;;;
160925;0000;45,7722;;;
160926;0000;51,5195;;;
160927;0000;43,1087;;;
160928;0000;65,1642;;;
160929;0000;27,4971;;;
160930;0000;19,7687;;;
161001;0000;34,2783;;;
161002;0000;32,5168;;;
161003;0000;37,6175;;;
161004;0000;36,0042;;;
161005;0000;45,5162;;;
161006;0000;21,6517;;;
161007;0000;38,5266;;;
161008;0000;32,6071;;;
161009;0000;33,1101;;;
161010;0000;26,8465;;;
161011;0000;30,0038;;;
161012;0000;24,0475;;;
161013;0000;24,5554;;;
161014;0000;33,5104;;;
161015;0000;23,08;;;
161016;0000;24,3065;;;
161017;0000;25,875;;;
161018;0000;38,425;;;
161019;0000;30,7777;;;
161020;0000;28,135;;;
161021;0000;25,0029;;;
161022;0000;25,1583;;;
161023;0000;28,51;;;
161024;0000;17,5892;;;
161025;0000;20,7071;;;
161026;0000;23,0826;;;
161027;0000;27,7667;;;
161028;0000;24,4333;;;
161029;0000;20,2407;;;
161030;0000;16,1527;;;
161031;0000;24,9454;;;
161101;0000;29,845;;;
161102;0000;26,6329;;;
161103;0000;15,5214;;;
161104;0000;9,85187;;;
161105;0000;12,0433;;;
161106;0000;17,216;;;
161107;0000;26,7896;;;
161108;0000;24,6942;;;
161109;0000;23,475;;;
161110;0000;24,1696;;;
161111;0000;28,615;;;
161112;0000;24,1133;;;
161113;0000;15,3429;;;
161114;0000;9,71559;;;
161115;0000;21,2663;;;
161116;0000;25,5;;;
161117;0000;25,8592;;;
161118;0000;25,7;;;
161119;0000;23,4609;;;
161120;0000;24,8171;;;
161121;0000;43,1005;;;
161122;0000;44,0488;;;
161123;0000;30,3075;;;
161124;0000;40,2808;;;
161125;0000;46,3834;;;
161126;0000;14,6209;;;
161127;0000;13,3451;;;
161128;0000;19,2171;;;
161129;0000;28,3371;;;
161130;0000;27,6388;;;
161201;0000;20,437;;;
161202;0000;29,3672;;;
161203;0000;32,1275;;;
161204;0000;39,0223;;;
161205;0000;12,8513;;;
161206;0000;14,8175;;;
161207;0000;17,8404;;;
161208;0000;22,1617;;;
161209;0000;22,9513;;;
161210;0000;7,93826;;;
161211;0000;12,6769;;;
161212;0000;16,9732;;;
161213;0000;19,3908;;;
161214;0000;21,5058;;;
161215;0000;21,9311;;;
161216;0000;21,695;;;
161217;0000;16,1965;;;
161218;0000;19,7913;;;
161219;0000;21,1161;;;
161220;0000;28,8669;;;
161221;0000;14,9327;;;
161222;0000;16,2647;;;
161223;0000;17,9148;;;
161224;0000;17,3701;;;
161225;0000;8,65213;;;
161226;0000;13,3627;;;
161227;0000;19,6754;;;
161228;0000;20,4977;;;
161229;0000;19,5105;;;
161230;0000;17,2013;;;
161231;0000;17,198;;;
170101;0000;23,8784;;;
170102;0000;12,313;;;
170103;0000;15,9855;;;
170104;0000;19,2129;;;
170105;0000;19,7883;;;
170106;0000;21,7046;;;
170107;0000;14,1842;;;
170108;0000;8,30096;;;
170109;0000;11,6438;;;
170110;0000;17,8493;;;
170111;0000;17,7871;;;
170112;0000;18,0685;;;
170113;0000;16,5515;;;
170114;0000;18,9308;;;
170115;0000;15,9075;;;
170116;0000;18,6987;;;
170117;0000;19,0097;;;
170118;0000;22,7254;;;
170119;0000;20,3358;;;
170120;0000;20,876;;;
170121;0000;20,7251;;;
170122;0000;21,545;;;
170123;0000;23,9892;;;
170124;0000;18,8947;;;
170125;0000;21,9854;;;
170126;0000;25,7838;;;
170127;0000;19,1348;;;
170128;0000;17,8563;;;
170129;0000;18,4909;;;
170130;0000;23,3813;;;
170131;0000;25,9;;;
170201;0000;28,8746;;;
170202;0000;21,5908;;;
170203;0000;26,204;;;
170204;0000;11,9088;;;
170205;0000;14,7104;;;
170206;0000;19,2444;;;
170207;0000;21,4833;;;
170208;0000;20,2087;;;
170209;0000;27,2892;;;
170210;0000;23,3246;;;
170211;0000;18,7317;;;
170212;0000;18,4463;;;
170213;0000;37,0059;;;
170214;0000;30,1326;;;
170215;0000;20,7808;;;
170216;0000;23,8494;;;
170217;0000;19,0079;;;
170218;0000;9,90312;;;
170219;0000;9,79596;;;
170220;0000;12,4553;;;
170221;0000;8,63629;;;
170222;0000;10,287;;;
170223;0000;10,9462;;;
170224;0000;14,357;;;
170225;0000;17,47;;;
170226;0000;16,0154;;;
170227;0000;28,645;;;
170228;0000;26,0613;;;
170301;0000;;;;
170302;0000;18,2925;;;
170303;0000;19,4958;;;
170304;0000;16,512;;;
170305;0000;16,1997;;;
170306;0000;27,951;;;
170307;0000;32,3401;;;
170308;0000;20,1279;;;
170309;0000;11,8914;;;
170310;0000;15,5058;;;
170311;0000;17,1391;;;
170312;0000;15,9813;;;
170313;0000;16,4705;;;
170314;0000;15,7326;;;
170315;0000;26,6525;;;
170316;0000;30,9042;;;
170317;0000;42,7634;;;
170318;0000;16,1164;;;
170319;0000;18,1588;;;
170320;0000;24,7762;;;
170321;0000;32,2871;;;
170322;0000;40,6658;;;
170323;0000;39,3763;;;
170324;0000;69,72;;;
170325;0000;71,3691;;;
170326;0000;19,1135;;;
170327;0000;21,9652;;;
170328;0000;33,2596;;;
170329;0000;32,2662;;;
170330;0000;31,4221;;;
170331;0000;33,8159;;;
170401;0000;37,9991;;;
170402;0000;27,7604;;;
170403;0000;35,8492;;;
170404;0000;33,5796;;;
170405;0000;25,7631;;;
170406;0000;35,1546;;;
170407;0000;31,3498;;;
170408;0000;51,5175;;;
170409;0000;53,4704;;;
170410;0000;25,7213;;;
170411;0000;26,7477;;;
170412;0000;37,5529;;;
170413;0000;52,4442;;;
170414;0000;78,6996;;;
170415;0000;41,8209;;;
170416;0000;40,9204;;;
170417;0000;38,7371;;;
170418;0000;43,7946;;;
170419;0000;26,5844;;;
170420;0000;24,1682;;;
170421;0000;44,7725;;;
170422;0000;55,6446;;;
170423;0000;61,7454;;;
170424;0000;41,7662;;;
170425;0000;29,21;;;
170426;0000;40,8571;;;
170427;0000;27,7638;;;
170428;0000;22,6254;;;
170429;0000;51,52;;;
170430;0000;50,9476;;;
170501;0000;21;;;
170502;0000;47;;;
170503;0000;73;;;
170504;0000;43;;;
170505;0000;35;;;
170506;0000;24;;;
170507;0000;33;;;
170508;0000;76;;;
170509;0000;110;;;
170510;0000;74;;;
170511;0000;24;;;
170512;0000;23;;;
170513;0000;23;;;
170514;0000;29;;;
170515;0000;81;;;
170516;0000;28;;;
170517;0000;36;;;
170518;0000;56;;;
170519;0000;99;;;
170520;0000;43;;;
170521;0000;31;;;
170522;0000;84;;;
170523;0000;132;;;
170524;0000;96;;;
170525;0000;106;;;
170526;0000;202;;;
170527;0000;92;;;
170528;0000;54;;;
170529;0000;48;;;
170530;0000;50;;;
170531;0000;102;;;
170601;0000;120;;;
170602;0000;63;;;
170603;0000;32;;;
170604;0000;69;;;
170605;0000;140;;;
170606;0000;40;;;
170607;0000;31;;;
170608;0000;42;;;
170609;0000;35;;;
170610;0000;42;;;
170611;0000;155;;;
170612;0000;113;;;
170613;0000;68;;;
170614;0000;41;;;
170615;0000;13;;;
170616;0000;32;;;
170617;0000;44;;;
170618;0000;168;;;
170619;0000;184;;;
170620;0000;68;;;
170621;0000;17;;;
170622;0000;25;;;
170623;0000;67;;;
170624;0000;54;;;
170625;0000;11;;;
170626;0000;56;;;
170627;0000;91;;;
170628;0000;72;;;
170629;0000;36;;;
170630;0000;56;;;
170701;0000;58;;;
170702;0000;59;;;
170703;0000;24;;;
170704;0000;54;;;
170705;0000;32;;;
170706;0000;54;;;
170707;0000;40;;;
170708;0000;32;;;
170709;0000;113;;;
170710;0000;165;;;
170711;0000;141;;;
170712;0000;44;;;
170713;0000;20;;;
170714;0000;20;;;
170715;0000;71;;;
170716;0000;185;;;
170717;0000;205;;;
170718;0000;159;;;
170719;0000;110;;;
170720;0000;73;;;
170721;0000;59;;;
170722;0000;39;;;
170723;0000;53;;;
170724;0000;45;;;
170725;0000;97;;;
170726;0000;53;;;
170727;0000;39;;;
170728;0000;26;;;
170729;0000;68;;;
170730;0000;118;;;
170731;0000;103;;;
170801;0000;105;;;
170802;0000;180;;;
170803;0000;223;;;
170804;0000;125;;;
170805;0000;21;;;
170806;0000;38;;;
170807;0000;35;;;
170808;0000;15;;;
170809;0000;18;;;
170810;0000;13;;;
170811;0000;42;;;
170812;0000;26;;;
170813;0000;24;;;
170814;0000;19;;;
170815;0000;60;;;
170816;0000;70;;;
170817;0000;22;;;
170818;0000;19;;;
170819;0000;58;;;
170820;0000;93;;;
170821;0000;71;;;
170822;0000;23;;;
170823;0000;15;;;
170824;0000;21;;;
170825;0000;53;;;
170826;0000;37;;;
170827;0000;30;;;
170828;0000;73;;;
170829;0000;112;;;
170830;0000;98;;;
170831;0000;42;;;
170901;0000;24;;;
170902;0000;69;;;
170903;0000;52;;;
170904;0000;94;;;
170905;0000;62;;;
170906;0000;56;;;
170907;0000;61;;;
170908;0000;63;;;
170909;0000;58;;;
170910;0000;50;;;
170911;0000;44;;;
170912;0000;51;;;
170913;0000;23;;;
170914;0000;44;;;
170915;0000;72;;;
170916;0000;65;;;
170917;0000;49;;;
170918;0000;22;;;
170919;0000;21;;;
170920;0000;25;;;
170921;0000;58;;;
170922;0000;57;;;
170923;0000;38;;;
170924;0000;54;;;
170925;0000;58;;;
170926;0000;42;;;
170927;0000;42;;;
170928;0000;60;;;
170929;0000;29;;;
170930;0000;21;;;
171001;0000;16;;;
171002;0000;15;;;
171003;0000;14;;;
171004;0000;18;;;
171005;0000;15;;;
171006;0000;23;;;
171007;0000;22;;;
171008;0000;19;;;
171009;0000;25;;;
171010;0000;35;;;
171011;0000;28;;;
171012;0000;30;;;
171013;0000;20;;;
171014;0000;21;;;
171015;0000;21;;;
171016;0000;21;;;
171017;0000;23;;;
171018;0000;19;;;
171019;0000;35;;;
171020;0000;21;;;
171021;0000;35;;;
171022;0000;24;;;
171023;0000;32;;;
171024;0000;27;;;
171025;0000;28;;;
171026;0000;24;;;
171027;0000;18;;;
171028;0000;13;;;
171029;0000;;;;
171030;0000;18;;;
171031;0000;15;;;
171101;0000;19;;;
171102;0000;21;;;
171103;0000;28;;;
171104;0000;22;;;
171105;0000;14;;;
171106;0000;17;;;
171107;0000;20;;;
171108;0000;33;;;
171109;0000;29;;;
171110;0000;24;;;
171111;0000;25;;;
171112;0000;15;;;
171113;0000;15;;;
171114;0000;27;;;
171115;0000;17;;;
171116;0000;20;;;
171117;0000;22;;;
171118;0000;18;;;
171119;0000;15;;;
171120;0000;22;;;
171121;0000;24;;;
171122;0000;22;;;
171123;0000;28;;;
171124;0000;31;;;
171125;0000;25;;;
171126;0000;18;;;
171127;0000;39;;;
171128;0000;44;;;
171129;0000;26;;;
171130;0000;27;;;
171201;0000;33;;;
171202;0000;32;;;
171203;0000;26;;;
171204;0000;27;;;
171205;0000;27;;;
171206;0000;22;;;
171207;0000;76;;;
171208;0000;23;;;
171209;0000;18;;;
171210;0000;19;;;
171211;0000;45;;;
171212;0000;32;;;
171213;0000;12;;;
171214;0000;13;;;
171215;0000;11;;;
171216;0000;14;;;
171217;0000;18;;;
171218;0000;19;;;
171219;0000;22;;;
171220;0000;15;;;
171221;0000;20;;;
171222;0000;19;;;
171223;0000;17;;;
171224;0000;15;;;
171225;0000;9;;;
171226;0000;9;;;
171227;0000;19;;;
171228;0000;22;;;
171229;0000;18;;;
171230;0000;12;;;
171231;0000;14;;;
180101;0000;14;;;
180102;0000;10;;;
180103;0000;8;;;
180104;0000;14;;;
180105;0000;13;;;
180106;0000;16;;;
180107;0000;13;;;
180108;0000;15;;;
180109;0000;18;;;
180110;0000;25;;;
180111;0000;25;;;
180112;0000;22;;;
180113;0000;29;;;
180114;0000;23;;;
180115;0000;32;;;
180116;0000;26;;;
180117;0000;18;;;
180118;0000;25;;;
180119;0000;29;;;
180120;0000;20;;;
180121;0000;22;;;
180122;0000;28;;;
180123;0000;26;;;
180124;0000;32;;;
180125;0000;32;;;
180126;0000;25;;;
180127;0000;20;;;
180128;0000;22;;;
180129;0000;26;;;
180130;0000;20;;;
180131;0000;43;;;
180201;0000;64;;;
180202;0000;29;;;
180203;0000;20;;;
180204;0000;18;;;
180205;0000;28;;;
180206;0000;19;;;
180207;0000;23;;;
180208;0000;23;;;
180209;0000;26;;;
180210;0000;28;;;
180211;0000;23;;;
180212;0000;30;;;
180213;0000;29;;;
180214;0000;26;;;
180215;0000;23;;;
180216;0000;20;;;
180217;0000;18;;;
180218;0000;22;;;
180219;0000;21;;;
180220;0000;17;;;
180221;0000;22;;;
180222;0000;20;;;
180223;0000;16;;;
180224;0000;20;;;
180225;0000;16;;;
180226;0000;17;;;
180227;0000;28;;;
180228;0000;25;;;
180301;0000;27;;;
180302;0000;28;;;
180303;0000;25;;;
180304;0000;17;;;
180305;0000;25;;;
180306;0000;;50;;
180307;0000;32;;;
180308;0000;;45;;
180309;0000;22;;;
180310;0000;21;;;
180311;0000;18;;;
180312;0000;23;;;
180313;0000;28;;;
180314;0000;28;;;
180315;0000;39;;;
180316;0000;26;;;
180317;0000;21;;;
180318;0000;34;;;
180319;0000;33;;;
180320;0000;25;;;
180321;0000;27;;;
180322;0000;19;;;
180323;0000;24;;;
180324;0000;26;;;
180325;0000;29;;;
180326;0000;29;;;
180327;0000;27;;;
180328;0000;33;;;
180329;0000;19;;;
180330;0000;23;;;
180331;0000;22;;;
180401;0000;22;;;
180402;0000;35;;;
180403;0000;29;;;
180404;0000;33;;;
180405;0000;40;;;
180406;0000;53;;;
180407;0000;69;;;
180408;0000;53;;;
180409;0000;25;;;
180410;0000;18;;;
180411;0000;51;;;
180412;0000;33;;;
180413;0000;47;;;
180414;0000;70;;;
180415;0000;54;;;
180416;0000;54;;;
180417;0000;55;;;
180418;0000;68;;;
180419;0000;63;;;
180420;0000;40;;;
180421;0000;34;;;
180422;0000;42;;;
180423;0000;81;;;
180424;0000;64;;;
180425;0000;56;;;
180426;0000;38;;;
180427;0000;58;;;
180428;0000;80;;;
180429;0000;;;;
180430;0000;74;;;
180501;0000;29;;;
180502;0000;28;;;
180503;0000;46;;;
180504;0000;105;;;
180505;0000;72;;;
180506;0000;88;;;
180507;0000;77;;;
180508;0000;32;;;
180509;0000;42;;;
180510;0000;71;;;
180511;0000;98;;;
180512;0000;78;;;
180513;0000;20;;;
180514;0000;37;;;
180515;0000;86;;;
180516;0000;62;;;
180517;0000;33;;;
180518;0000;83;;;
180519;0000;74;;;
180520;0000;81;;;
180521;0000;157;;;
180522;0000;204;;;
180523;0000;225;;;
180524;0000;143;;;
180525;0000;87;;;
180526;0000;45;;;
180527;0000;46;;;
180528;0000;33;;;
180529;0000;75;;;
180530;0000;80;;;
180531;0000;111;;;
180601;0000;97;;;
180602;0000;168;;;
180603;0000;120;;;
180604;0000;109;;;
180605;0000;54;;;
180606;0000;134;;;
180607;0000;87;;;
180608;0000;67;;;
180609;0000;39;;;
180610;0000;44;;;
180611;0000;82;;;
180612;0000;122;;;
180613;0000;126;;;
180614;0000;66;;;
180615;0000;81;;;
180616;0000;201;;;
180617;0000;75;;;
180618;0000;102;;;
180619;0000;87;;;
180620;0000;53;;;
180621;0000;57;;;
180622;0000;53;;;
180623;0000;100;;;
180624;0000;106;;;
180625;0000;26;;;
180626;0000;27;;;
180627;0000;67;;;
180628;0000;82;;;
180629;0000;36;;;
180630;0000;34;;;
180701;0000;83;;;
180702;0000;81;;;
180703;0000;89;;;
180704;0000;11;;;
180705;0000;14;;;
180706;0000;28;;;
180707;0000;110;;;
180708;0000;115;;;
180709;0000;119;;;
180710;0000;84;;;
180711;0000;110;;;
180712;0000;53;;;
180713;0000;18;;;
180714;0000;34;;;
180715;0000;106;;;
180716;0000;74;;;
180717;0000;49;;;
180718;0000;78;;;
180719;0000;104;;;
180720;0000;75;;;
180721;0000;56;;;
180722;0000;93;;;
180723;0000;116;;;
180724;0000;126;;;
180725;0000;199;;;
180726;0000;139;;;
180727;0000;109;;;
180728;0000;86;;;
180729;0000;43;;;
180730;0000;83;;;
180731;0000;130;;;
180801;0000;174;;;
180802;0000;52;;;
180803;0000;49;;;
180804;0000;33;;;
180805;0000;18;;;
180806;0000;15;;;
180807;0000;66;;;
180808;0000;151;;;
180809;0000;168;;;
180810;0000;137;;;
180811;0000;73;;;
180812;0000;42;;;
180813;0000;63;;;
180814;0000;69;;;
180815;0000;103;;;
180816;0000;77;;;
180817;0000;29;;;
180818;0000;107;;;
180819;0000;119;;;
180820;0000;120;;;
180821;0000;66;;;
180822;0000;35;;;
180823;0000;32;;;
180824;0000;51;;;
180825;0000;62;;;
180826;0000;37;;;
180827;0000;68;;;
180828;0000;39;;;
180829;0000;32;;;
180830;0000;114;;;
180831;0000;72;;;
180901;0000;49;;;
180902;0000;42;;;
180903;0000;48;;;
180904;0000;56;;;
180905;0000;40;;;
180906;0000;75;;;
180907;0000;89;;;
180908;0000;85;;;
180909;0000;51;;;
180910;0000;59;;;
180911;0000;41;;;
180912;0000;35;;;
180913;0000;38;;;
180914;0000;39;;;
180915;0000;64;;;
180916;0000;31;;;
180917;0000;19;;;
180918;0000;20;;;
180919;0000;17;;;
180920;0000;12;;;
180921;0000;17;;;
180922;0000;16;;;
180923;0000;33;;;
180924;0000;45;;;
180925;0000;37;;;
180926;0000;57;;;
180927;0000;17;;;
180928;0000;16;;;
180929;0000;12;;;
180930;0000;19;;;
181001;0000;40;;;
181002;0000;29;;;
181003;0000;55;;;
181004;0000;38;;;
181005;0000;49;;;
181006;0000;32;;;
181007;0000;28;;;
181008;0000;17;;;
181009;0000;41;;;
181010;0000;41;;;
181011;0000;24;;;
181012;0000;52;;;
181013;0000;49;;;
181014;0000;27;;;
181015;0000;18;;;
181016;0000;17;;;
181017;0000;17;;;
181018;0000;20;;;
181019;0000;22;;;
181020;0000;24;;;
181021;0000;31;;;
181022;0000;36;;;
181023;0000;37;;;
181024;0000;29;;;
181025;0000;36;;;
181026;0000;24;;;
181027;0000;17;;;
181028;0000;16;;;
181029;0000;14;;;
181030;0000;20;;;
181031;0000;27;;;
181101;0000;24;;;
181102;0000;17;;;
181103;0000;18;;;
181104;0000;16;;;
181105;0000;30;;;
181106;0000;31;;;
181107;0000;31;;;
181108;0000;28;;;
181109;0000;20;;;
181110;0000;18;;;
181111;0000;22;;;
181112;0000;22;;;
181113;0000;22;;;
181114;0000;16;;;
181115;0000;19;;;
181116;0000;28;;;
181117;0000;19;;;
181118;0000;20;;;
181119;0000;22;;;
181120;0000;22;;;
181121;0000;23;;;
181122;0000;19;;;
181123;0000;23;;;
181124;0000;23;;;
181125;0000;21;;;
181126;0000;22;;;
181127;0000;22;;;
181128;0000;23;;;
181129;0000;19;;;
181130;0000;21;;;
181201;0000;29;;;
181202;0000;29;;;
181203;0000;33;;;
181204;0000;28;;;
181205;0000;27;;;
181206;0000;36;;;
181207;0000;45;;;
181208;0000;29;;;
181209;0000;21;;;
181210;0000;24;;;
181211;0000;15;;;
181212;0000;16;;;
181213;0000;16;;;
181214;0000;14;;;
181215;0000;21;;;
181216;0000;17;;;
181217;0000;25;;;
181218;0000;26;;;
181219;0000;22;;;
181220;0000;20;;;
181221;0000;23;;;
181222;0000;26;;;
181223;0000;22;;;
181224;0000;19;;;
181225;0000;17;;;
181226;0000;22;;;
181227;0000;25;;;
181228;0000;19;;;
181229;0000;24;;;
181230;0000;21;;;
181231;0000;21;;;
190101;0000;17;;;
190102;0000;18;;;
190103;0000;20;;;
190104;0000;23;;;
190105;0000;18;;;
190106;0000;16;;;
190107;0000;15;;;
190108;0000;13;;;
190109;0000;13;;;
190110;0000;17;;;
190111;0000;22;;;
190112;0000;;;4;
190113;0000;;;4;
190114;0000;;;6;
190115;0000;21;;;
190116;0000;16;;;
190117;0000;23;;;
190118;0000;30;;;
190119;0000;25;;;
190120;0000;9;;;
190121;0000;20;;;
190122;0000;19;;;
190123;0000;23;;;
190124;0000;30;;;
190125;0000;17;;;
190126;0000;22;;;
190127;0000;17;;;
190128;0000;20;;;
190129;0000;16;;;
190130;0000;21;;;
190131;0000;25;;;
190201;0000;31;;;
190202;0000;51;;;
190203;0000;43;;;
190204;0000;92;;;
190205;0000;26;;;
190206;0000;24;;;
190207;0000;26;;;
190208;0000;29;;;
190209;0000;25;;;
190210;0000;8;;;
190211;0000;24;;;
190212;0000;44;;;
190213;0000;47;;;
190214;0000;33;;;
190215;0000;;108;;
190216;0000;48;;;
190217;0000;27;;;
190218;0000;;65;;
190219;0000;;68;;
190220;0000;16;;;
190221;0000;;105;;
190222;0000;9;;;
190223;0000;14;;;
190224;0000;15;;;
190225;0000;21;;;
190226;0000;;35;;
190227;0000;;69;;
190228;0000;;80;;
190301;0000;;84;;
190302;0000;15;;;
190303;0000;17;;;
190304;0000;18;;;
190305;0000;;101;;
190306;0000;;38;;
190307;0000;17;;;
190308;0000;31;;;
190309;0000;32;;;
190310;0000;38;;;
190311;0000;36;;;
190312;0000;25;;;
190313;0000;;37;;
190314;0000;24;;;
190315;0000;27;;;
190316;0000;18;;;
190317;0000;17;;;
190318;0000;;49;;
190319;0000;;46;;
190320;0000;;66;;
190321;0000;;44;;
190322;0000;;40;;
190323;0000;21;;;
190324;0000;21;;;
190325;0000;;73;;
190326;0000;54;;;
190327;0000;53;;;
190328;0000;40;;;
190329;0000;35;;;
190330;0000;49;;;
190331;0000;27;;;
190401;0000;26;;;
190402;0000;31;;;
190403;0000;29;;;
190404;0000;25;;;
190405;0000;29;;;
190406;0000;25;;;
190407;0000;26;;;
190408;0000;17;;;
190409;0000;23;;;
190410;0000;19;;;
190411;0000;28;;;
190412;0000;24;;;
190413;0000;21;;;
190414;0000;45;;;
190415;0000;48;;;
190416;0000;59;;;
190417;0000;32;;;
190418;0000;32;;;
190419;0000;35;;;
190420;0000;58;;;
190421;0000;46;;;
190422;0000;35;;;
190423;0000;47;;;
190424;0000;99;;;
190425;0000;79;;;
190426;0000;52;;;
190427;0000;51;;;
190428;0000;31;;;
190429;0000;32;;;
190430;0000;65;;;
190501;0000;20;;;
190502;0000;20;;;
190503;0000;9;;;
190504;0000;28;;;
190505;0000;23;;;
190506;0000;17;;;
190507;0000;19;;;
190508;0000;28;;;
190509;0000;42;;;
190510;0000;61;;;
190511;0000;35;;;
190512;0000;49;;;
190513;0000;67;;;
190514;0000;115;;;
190515;0000;145;;;
190516;0000;90;;;
190517;0000;32;;;
190518;0000;55;;;
190519;0000;68;;;
190520;0000;76;;;
190521;0000;109;;;
190522;0000;94;;;
190523;0000;64;;;
190524;0000;118;;;
190525;0000;131;;;
190526;0000;102;;;
190527;0000;76;;;
190528;0000;100;;;
190529;0000;27;;;
190530;0000;11;;;
190531;0000;11;;;
190601;0000;17;;;
190602;0000;20;;;
190603;0000;55;;;
190604;0000;15;;;
190605;0000;19;;;
190606;0000;32;;;
190607;0000;43;;;
190608;0000;33;;;
190609;0000;20;;;
190610;0000;63;;;
190611;0000;91;;;
190612;0000;56;;;
190613;0000;27;;;
190614;0000;77;;;
190615;0000;94;;;
190616;0000;62;;;
190617;0000;99;;;
190618;0000;45;;;
190619;0000;129;;;
190620;0000;94;;;
190621;0000;39;;;
190622;0000;44;;;
190623;0000;21;;;
190624;0000;28;;;
190625;0000;19;;;
190626;0000;15;;;
190627;0000;41;;;
190628;0000;37;;;
190629;0000;37;;;
190630;0000;43;;;
190701;0000;70;;;
190702;0000;32;;;
190703;0000;34;;;
190704;0000;80;;;
190705;0000;121;;;
190706;0000;79;;;
190707;0000;21;;;
190708;0000;20;;;
190709;0000;15;;;
190710;0000;33;;;
190711;0000;33;;;
190712;0000;22;;;
190713;0000;29;;;
190714;0000;48;;;
190715;0000;142;;;
190716;0000;59;;;
190717;0000;32;;;
190718;0000;60;;;
190719;0000;32;;;
190720;0000;12;;;
190721;0000;18;;;
190722;0000;110;;;
190723;0000;131;;;
190724;0000;112;;;
190725;0000;45;;;
190726;0000;88;;;
190727;0000;116;;;
190728;0000;22;;;
190729;0000;14;;;
190730;0000;16;;;
190731;0000;21;;;
190801;0000;38;;;
190802;0000;98;;;
190803;0000;174;;;
190804;0000;100;;;
190805;0000;26;;;
190806;0000;54;;;
190807;0000;67;;;
190808;0000;45;;;
190809;0000;99;;;
190810;0000;36;;;
190811;0000;16;;;
190812;0000;92;;;
190813;0000;124;;;
190814;0000;93;;;
190815;0000;57;;;
190816;0000;27;;;
190817;0000;15;;;
190818;0000;36;;;
190819;0000;63;;;
190820;0000;66;;;
190821;0000;60;;;
190822;0000;106;;;
190823;0000;59;;;
190824;0000;39;;;
190825;0000;30;;;
190826;0000;;;;
190827;0000;25;;;
190828;0000;37;;;
190829;0000;30;;;
190830;0000;35;;;
190831;0000;43;;;
190901;0000;47;;;
190902;0000;43;;;
190903;0000;77;;;
190904;0000;108;;;
190905;0000;61;;;
190906;0000;36;;;
190907;0000;27;;;
190908;0000;15;;;
190909;0000;25;;;
190910;0000;39;;;
190911;0000;45;;;
190912;0000;43;;;
190913;0000;29;;;
190914;0000;17;;;
190915;0000;21;;;
190916;0000;40;;;
190917;0000;24;;;
190918;0000;18;;;
190919;0000;26;;;
190920;0000;26;;;
190921;0000;30;;;
190922;0000;31;;;
190923;0000;25;;;
190924;0000;26;;;
190925;0000;21;;;
190926;0000;41;;;
190927;0000;23;;;
190928;0000;22;;;
190929;0000;17;;;
190930;0000;18;;;
191001;0000;30;;;
191002;0000;33;;;
191003;0000;27;;;
191004;0000;30;;;
191005;0000;39;;;
191006;0000;17;;;
191007;0000;21;;;
191008;0000;30;;;
191009;0000;32;;;
191010;0000;27;;;
191011;0000;33;;;
191012;0000;29;;;
191013;0000;22;;;
191014;0000;60;;;
191015;0000;26;;;
191016;0000;41;;;
191017;0000;28;;;
191018;0000;37;;;
191019;0000;34;;;
191020;0000;24;;;
191021;0000;20;;;
191022;0000;24;;;
191023;0000;31;;;
191024;0000;18;;;
191025;0000;29;;;
191026;0000;12;;;
191027;0000;18;;;
191028;0000;16;;;
191029;0000;20;;;
191030;0000;22;;;
191031;0000;16;;;
191101;0000;14;;;
191102;0000;21;;;
191103;0000;12;;;
191104;0000;14;;;
191105;0000;22;;;
191106;0000;17;;;
191107;0000;24;;;
191108;0000;26;;;
191109;0000;22;;;
191110;0000;17;;;
191111;0000;18;;;
191112;0000;14;;;
191113;0000;14;;;
191114;0000;25;;;
191115;0000;15;;;
191116;0000;16;;;
191117;0000;12;;;
191118;0000;21;;;
191119;0000;24;;;
191120;0000;20;;;
191121;0000;23;;;
191122;0000;36;;;
191123;0000;28;;;
191124;0000;16;;;
191125;0000;17;;;
191126;0000;15;;;
191127;0000;15;;;
191128;0000;19;;;
191129;0000;18;;;
191130;0000;18;;;
191201;0000;13;;;
191202;0000;17;;;
191203;0000;26;;;
191204;0000;24;;;
191205;0000;21;;;
191206;0000;22;;;
191207;0000;21;;;
191208;0000;17;;;
191209;0000;17;;;
191210;0000;17;;;
191211;0000;18;;;
191212;0000;23;;;
191213;0000;19;;;
191214;0000;18;;;
191215;0000;16;;;
191216;0000;20;;;
191217;0000;20;;;
191218;0000;;;;
191219;0000;16;;;
191220;0000;21;;;
191221;0000;18;;;
191222;0000;16;;;
191223;0000;15;;;
191224;0000;11;;;
191225;0000;14;;;
191226;0000;16;;;
191227;0000;21;;;
191228;0000;12;;;
191229;0000;19;;;
191230;0000;21;;;
191231;0000;21;;;
200101;0000;22;;;
200102;0000;19;;;
200103;0000;14;;;
200104;0000;19;;;
200105;0000;13;;;
200106;0000;15;;;
200107;0000;20;;;
200108;0000;13;;;
200109;0000;12;;;
200110;0000;13;;;
200111;0000;12;;;
200112;0000;14;;;
200113;0000;12;;;
200114;0000;13;;;
200115;0000;23;;;
200116;0000;23;;;
200117;0000;24;;;
200118;0000;;;9;
200119;0000;;;4;
200120;0000;;;5;
200121;0000;;;24;
200122;0000;29;;;
200123;0000;17;;;
200124;0000;17;;;
200125;0000;17;;;
200126;0000;13;;;
200127;0000;22;;;
200128;0000;17;;;
200129;0000;25;;;
200130;0000;24;;;
200131;0000;11;;;
200201;0000;14;;;
200202;0000;20;;;
200203;0000;25;;;
200204;0000;8;;;
200205;0000;13;;;
200206;0000;13;;;
200207;0000;18;;;
200208;0000;22;;;
200209;0000;24;;;
200210;0000;21;;;
200211;0000;19;;;
200212;0000;13;;;
200213;0000;16;;;
200214;0000;;;;
200215;0000;;;;
200216;0000;10;;;
200217;0000;9;;;
200218;0000;18;;;
200219;0000;24;;;
200220;0000;43;;;
200221;0000;53;;;
200222;0000;55;;;
200223;0000;20;;;
200224;0000;15;;;
200225;0000;20;;;
200226;0000;36;;;
200227;0000;30;;;
200228;0000;26;;;
200229;0000;31;;;
200301;0000;29;;;
200302;0000;23;;;
200303;0000;31;;;
200304;0000;26;;;
200305;0000;21;;;
200306;0000;27;;;
200307;0000;15;;;
200308;0000;20;;;
200309;0000;24;;;
200310;0000;30;;;
200311;0000;19;;;
200312;0000;24;;;
200313;0000;11;;;
200314;0000;21;;;
200315;0000;17;;;
200316;0000;17;;;
200317;0000;14;;;
200318;0000;19;;;
200319;0000;22;;;
200320;0000;23;;;
200321;0000;20;;;
200322;0000;37;;;
200323;0000;47;;;
200324;0000;10;;;
200325;0000;13;;;
200326;0000;20;;;
200327;0000;13;;;
200328;0000;16;;;
200329;0000;18;;;
200330;0000;15;;;
200331;0000;19;;;
200401;0000;19;;;
200402;0000;22;;;
200403;0000;17;;;
200404;0000;16;;;
200405;0000;23;;;
200406;0000;28;;;
200407;0000;31;;;
200408;0000;46;;;
200409;0000;34;;;
200410;0000;23;;;
200411;0000;13;;;
200412;0000;35;;;
200413;0000;55;;;
200414;0000;68;;;
200415;0000;92;;;
200416;0000;61;;;
200417;0000;37;;;
200418;0000;13;;;
200419;0000;23;;;
200420;0000;39;;;
200421;0000;47;;;
200422;0000;79;;;
200423;0000;51;;;
200424;0000;12;;;
200425;0000;10;;;
200426;0000;14;;;
200427;0000;15;;;
200428;0000;51;;;
200429;0000;52;;;
200430;0000;67;;;
200501;0000;69;;;
200502;0000;35;;;
200503;0000;26;;;
200504;0000;38;;;
200505;0000;57;;;
200506;0000;50;;;
200507;0000;80;;;
200508;0000;50;;;
200509;0000;13;;;
200510;0000;31;;;
200511;0000;59;;;
200512;0000;69;;;
200513;0000;65;;;
200514;0000;49;;;
200515;0000;33;;;
200516;0000;23;;;
200517;0000;50;;;
200518;0000;31;;;
200519;0000;40;;;
200520;0000;71;;;
200521;0000;74;;;
200522;0000;90;;;
200523;0000;100;;;
200524;0000;47;;;
200525;0000;53;;;
200526;0000;49;;;
200527;0000;38;;;
200528;0000;49;;;
200529;0000;81;;;
200530;0000;143;;;
200531;0000;108;;;
200601;0000;109;;;
200602;0000;103;;;
200603;0000;114;;;
200604;0000;99;;;
200605;0000;77;;;
200606;0000;53;;;
200607;0000;42;;;
200608;0000;40;;;
200609;0000;24;;;
200610;0000;12;;;
200611;0000;16;;;
200612;0000;46;;;
200613;0000;67;;;
200614;0000;106;;;
200615;0000;33;;;
200616;0000;30;;;
200617;0000;40;;;
200618;0000;11;;;
200619;0000;22;;;
200620;0000;20;;;
200621;0000;32;;;
200622;0000;35;;;
200623;0000;32;;;
200624;0000;29;;;
200625;0000;52;;;
200626;0000;24;;;
200627;0000;37;;;
200628;0000;12;;;
200629;0000;43;;;
200630;0000;16;;;
200701;0000;40;;;
200702;0000;68;;;
200703;0000;33;;;
200704;0000;35;;;
200705;0000;70;;;
200706;0000;101;;;
200707;0000;34;;;
200708;0000;38;;;
200709;0000;14;;;
200710;0000;23;;;
200711;0000;16;;;
200712;0000;27;;;
200713;0000;83;;;
200714;0000;93;;;
200715;0000;140;;;
200716;0000;89;;;
200717;0000;15;;;
200718;0000;19;;;
200719;0000;18;;;
200720;0000;20;;;
200721;0000;19;;;
200722;0000;58;;;
200723;0000;60;;;
200724;0000;41;;;
200725;0000;16;;;
200726;0000;24;;;
200727;0000;91;;;
200728;0000;119;;;
200729;0000;120;;;
200730;0000;60;;;
200731;0000;43;;;
200801;0000;38;;;
200802;0000;78;;;
200803;0000;;;68;
200804;0000;43;;;
200805;0000;27;;;
200806;0000;71;;;
200807;0000;106;;;
200808;0000;81;;;
200809;0000;32;;;
200810;0000;53;;;
200811;0000;64;;;
200812;0000;60;;;
200813;0000;20;;;
200814;0000;31;;;
200815;0000;38;;;
200816;0000;38;;;
200817;0000;31;;;
200818;0000;61;;;
200819;0000;65;;;
200820;0000;50;;;
200821;0000;77;;;
200822;0000;110;;;
200823;0000;28;;;
200824;0000;19;;;
200825;0000;10;;;
200826;0000;12;;;
200827;0000;20;;;
200828;0000;39;;;
200829;0000;101;;;
200830;0000;69;;;
200831;0000;63;;;
200901;0000;77;;;
200902;0000;50;;;
200903;0000;54;;;
200904;0000;114;;;
200905;0000;95;;;
200906;0000;61;;;
200907;0000;48;;;
200908;0000;27;;;
200909;0000;28;;;
200910;0000;44;;;
200911;0000;42;;;
200912;0000;45;;;
200913;0000;57;;;
200914;0000;43;;;
200915;0000;25;;;
200916;0000;26;;;
200917;0000;35;;;
200918;0000;57;;;
200919;0000;45;;;
200920;0000;31;;;
200921;0000;21;;;
200922;0000;29;;;
200923;0000;41;;;
200924;0000;;;;
200925;0000;54;;;
200926;0000;;;;
200927;0000;26;;;
200928;0000;25;;;
200929;0000;31;;;
200930;0000;27;;;
201001;0000;38;;;
201002;0000;31;;;
201003;0000;46;;;
201004;0000;33;;;
201005;0000;46;;;
201006;0000;45;;;
201007;0000;40;;;
201008;0000;29;;;
201009;0000;21;;;
201010;0000;16;;;
201011;0000;19;;;
201012;0000;18;;;
201013;0000;16;;;
201014;0000;25;;;
201015;0000;32;;;
201016;0000;37;;;
201017;0000;25;;;
201018;0000;22;;;
201019;0000;23;;;
201020;0000;23;;;
201021;0000;24;;;
201022;0000;28;;;
201023;0000;29;;;
201024;0000;30;;;
201025;0000;28;;;
201026;0000;24;;;
201027;0000;12;;;
201028;0000;20;;;
201029;0000;23;;;
201030;0000;27;;;
201031;0000;16;;;
201101;0000;11;;;
201102;0000;14;;;
201103;0000;17;;;
201104;0000;17;;;
201105;0000;16;;;
201106;0000;17;;;
201107;0000;18;;;
201108;0000;15;;;
201109;0000;18;;;
201110;0000;21;;;
201111;0000;11;;;
201112;0000;13;;;
201113;0000;18;;;
201114;0000;17;;;
201115;0000;15;;;
201116;0000;17;;;
201117;0000;18;;;
201118;0000;17;;;
201119;0000;13;;;
201120;0000;28;;;
201121;0000;18;;;
201122;0000;15;;;
201123;0000;22;;;
201124;0000;23;;;
201125;0000;22;;;
201126;0000;23;;;
201127;0000;17;;;
201128;0000;13;;;
201129;0000;14;;;
201130;0000;17;;;
201201;0000;17;;;
201202;0000;19;;;
201203;0000;25;;;
201204;0000;28;;;
201205;0000;30;;;
201206;0000;20;;;
201207;0000;17;;;
201208;0000;16;;;
201209;0000;20;;;
201210;0000;16;;;
201211;0000;18;;;
201212;0000;13;;;
201213;0000;16;;;
201214;0000;12;;;
201215;0000;18;;;
201216;0000;18;;;
201217;0000;20;;;
201218;0000;17;;;
201219;0000;8;;;
201220;0000;11;;;
201221;0000;16;;;
201222;0000;17;;;
201223;0000;15;;;
201224;0000;14;;;
201225;0000;11;;;
201226;0000;9;;;
201227;0000;6;;;
201228;0000;13;;;
201229;0000;14;;;
201230;0000;13;;;
201231;0000;17;;;
210101;0000;19;;;
210102;0000;16;;;
210103;0000;14;;;
210104;0000;25;;;
210105;0000;31;;;
210106;0000;23;;;
210107;0000;17;;;
210108;0000;20;;;
210109;0000;12;;;
210110;0000;9;;;
210111;0000;9;;;
210112;0000;13;;;
210113;0000;17;;;
210114;0000;12;;;
210115;0000;13;;;
210116;0000;8;;;
210117;0000;8;;;
210118;0000;15;;;
210119;0000;13;;;
210120;0000;19;;;
210121;0000;16;;;
210122;0000;;;3;
210123;0000;;;2;
210124;0000;;;1;
210125;0000;;;4;
210126;0000;21;;;
210127;0000;14;;;
210128;0000;14;;;
210129;0000;4;;;
210130;0000;12;;;
210131;0000;10;;;
210201;0000;18;;;
210202;0000;16;;;
210203;0000;20;;;
210204;0000;28;;;
210205;0000;31;;;
210206;0000;13;;;
210207;0000;10;;;
210208;0000;16;;;
210209;0000;22;;;
210210;0000;33;;;
210211;0000;6;;;
210212;0000;16;;;
210213;0000;18;;;
210214;0000;13;;;
210215;0000;22;;;
210216;0000;16;;;
210217;0000;16;;;
210218;0000;16;;;
210219;0000;15;;;
210220;0000;14;;;
210221;0000;8;;;
210222;0000;11;;;
210223;0000;17;;;
210224;0000;26;;;
210225;0000;17;;;
210226;0000;8;;;
210227;0000;10;;;
210228;0000;10;;;
210301;0000;13;;;
210302;0000;14;;;
210303;0000;15;;;
210304;0000;17;;;
210305;0000;31;;;
210306;0000;13;;;
210307;0000;7;;;
210308;0000;12;;;
210309;0000;29;;;
210310;0000;;;;
210311;0000;;10;;
210312;0000;12;;;
210313;0000;14;;;
210314;0000;19;;;
210315;0000;22;;;
210316;0000;24;;;
210317;0000;43;;;
210318;0000;35;;;
210319;0000;30;;;
210320;0000;24;;;
210321;0000;22;;;
210322;0000;28;;;
210323;0000;19;;;
210324;0000;27;;;
210325;0000;30;;;
210326;0000;35;;;
210327;0000;28;;;
210328;0000;21;;;
210329;0000;35;;;
210330;0000;28;;;
210331;0000;20;;;
210401;0000;17;;;
210402;0000;19;;;
210403;0000;39;;;
210404;0000;46;;;
210405;0000;32;;;
210406;0000;28;;;
210407;0000;29;;;
210408;0000;27;;;
210409;0000;29;;;
210410;0000;35;;;
210411;0000;24;;;
210412;0000;27;;;
210413;0000;15;;;
210414;0000;20;;;
210415;0000;29;;;
210416;0000;34;;;
210417;0000;50;;;
210418;0000;48;;;
210419;0000;33;;;
210420;0000;20;;;
210421;0000;19;;;
210422;0000;43;;;
210423;0000;43;;;
210424;0000;29;;;
210425;0000;31;;;
210426;0000;28;;;
210427;0000;41;;;
210428;0000;34;;;
210429;0000;48;;;
210430;0000;39;;;
210501;0000;14;;;
210502;0000;44;;;
210503;0000;100;;;
210504;0000;90;;;
210505;0000;115;;;
210506;0000;114;;;
210507;0000;96;;;
210508;0000;47;;;
210509;0000;33;;;
210510;0000;51;;;
210511;0000;116;;;
210512;0000;118;;;
210513;0000;116;;;
210514;0000;91;;;
210515;0000;54;;;
210516;0000;83;;;
210517;0000;160;;;
210518;0000;59;;;
210519;0000;19;;;
210520;0000;30;;;
210521;0000;32;;;
210522;0000;61;;;
210523;0000;57;;;
210524;0000;15;;;
210525;0000;20;;;
210526;0000;21;;;
210527;0000;16;;;
210528;0000;20;;;
210529;0000;61;;;
210530;0000;25;;;
210531;0000;8;;;
210601;0000;19;;;
210602;0000;36;;;
210603;0000;20;;;
210604;0000;48;;;
210605;0000;53;;;
210606;0000;52;;;
210607;0000;28;;;
210608;0000;29;;;
210609;0000;26;;;
210610;0000;;;;
210611;0000;;;;
210612;0000;27;;;
210613;0000;79;;;
210614;0000;90;;;
210615;0000;78;;;
210616;0000;164;;;
210617;0000;173;;;
210618;0000;94;;;
210619;0000;96;;;
210620;0000;78;;;
210621;0000;38;;;
210622;0000;16;;;
210623;0000;15;;;
210624;0000;36;;;
210625;0000;70;;;
210626;0000;59;;;
210627;0000;93;;;
210628;0000;105;;;
210629;0000;182;;;
210630;0000;125;;;
210701;0000;81;;;
210702;0000;55;;;
210703;0000;61;;;
210704;0000;51;;;
210705;0000;62;;;
210706;0000;21;;;
210707;0000;36;;;
210708;0000;26;;;
210709;0000;32;;;
210710;0000;89;;;
210711;0000;132;;;
210712;0000;124;;;
210713;0000;71;;;
210714;0000;35;;;
210715;0000;38;;;
210716;0000;43;;;
210717;0000;109;;;
210718;0000;159;;;
210719;0000;81;;;
210720;0000;75;;;
210721;0000;33;;;
210722;0000;34;;;
210723;0000;57;;;
210724;0000;45;;;
210725;0000;30;;;
210726;0000;82;;;
210727;0000;103;;;
210728;0000;136;;;
210729;0000;160;;;
210730;0000;57;;;
210731;0000;114;;;
210801;0000;89;;;
210802;0000;40;;;
210803;0000;48;;;
210804;0000;78;;;
210805;0000;40;;;
210806;0000;38;;;
210807;0000;42;;;
210808;0000;61;;;
210809;0000;97;;;
210810;0000;92;;;
210811;0000;95;;;
210812;0000;91;;;
210813;0000;49;;;
210814;0000;44;;;
210815;0000;39;;;
210816;0000;19;;;
210817;0000;19;;;
210818;0000;24;;;
210819;0000;13;;;
210820;0000;19;;;
210821;0000;8;;;
210822;0000;27;;;
210823;0000;73;;;
210824;0000;71;;;
210825;0000;14;;;
210826;0000;28;;;
210827;0000;19;;;
210828;0000;12;;;
210829;0000;32;;;
210830;0000;25;;;
210831;0000;52;;;
210901;0000;53;;;
210902;0000;41;;;
210903;0000;32;;;
210904;0000;20;;;
210905;0000;29;;;
210906;0000;19;;;
210907;0000;36;;;
210908;0000;42;;;
210909;0000;39;;;
210910;0000;46;;;
210911;0000;29;;;
210912;0000;15;;;
210913;0000;45;;;
210914;0000;54;;;
210915;0000;44;;;
210916;0000;36;;;
210917;0000;27;;;
210918;0000;36;;;
210919;0000;36;;;
210920;0000;47;;;
210921;0000;43;;;
210922;0000;37;;;
210923;0000;44;;;
210924;0000;41;;;
210925;0000;19;;;
210926;0000;27;;;
210927;0000;33;;;
210928;0000;37;;;
210929;0000;33;;;
210930;0000;15;;;
211001;0000;15;;;
211002;0000;33;;;
211003;0000;55;;;
211004;0000;26;;;
211005;0000;37;;;
211006;0000;46;;;
211007;0000;38;;;
211008;0000;41;;;
211009;0000;27;;;
211010;0000;28;;;
211011;0000;27;;;
211012;0000;30;;;
211013;0000;21;;;
211014;0000;30;;;
211015;0000;36;;;
211016;0000;34;;;
211017;0000;26;;;
211018;0000;17;;;
211019;0000;27;;;
211020;0000;14;;;
211021;0000;17;;;
211022;0000;25;;;
211023;0000;15;;;
211024;0000;16;;;
211025;0000;23;;;
211026;0000;16;;;
211027;0000;17;;;
211028;0000;15;;;
211029;0000;18;;;
211030;0000;23;;;
211031;0000;36;;;
211101;0000;26;;;
211102;0000;25;;;
211103;0000;17;;;
211104;0000;17;;;
211105;0000;16;;;
211106;0000;17;;;
211107;0000;16;;;
211108;0000;15;;;
211109;0000;13;;;
211110;0000;20;;;
211111;0000;24;;;
211112;0000;18;;;
211113;0000;11;;;
211114;0000;13;;;
211115;0000;12;;;
211116;0000;18;;;
211117;0000;16;;;
211118;0000;15;;;
211119;0000;20;;;
211120;0000;15;;;
211121;0000;11;;;
211122;0000;13;;;
211123;0000;23;;;
211124;0000;17;;;
211125;0000;17;;;
211126;0000;20;;;
211127;0000;20;;;
211128;0000;17;;;
211129;0000;18;;;
211130;0000;22;;;
211201;0000;21;;;
211202;0000;24;;;
211203;0000;29;;;
211204;0000;27;;;
211205;0000;32;;;
211206;0000;41;;;
211207;0000;25;;;
211208;0000;27;;;
211209;0000;39;;;
211210;0000;23;;;
211211;0000;15;;;
211212;0000;14;;;
211213;0000;15;;;
211214;0000;15;;;
211215;0000;22;;;
211216;0000;27;;;
211217;0000;22;;;
211218;0000;19;;;
211219;0000;19;;;
211220;0000;24;;;
211221;0000;30;;;
211222;0000;30;;;
211223;0000;12;;;
211224;0000;20;;;
211225;0000;19;;;
211226;0000;20;;;
211227;0000;18;;;
211228;0000;18;;;
211229;0000;13;;;
211230;0000;14;;;
211231;0000;18;;;
220101;0000;20;;;
220102;0000;6;;;
220103;0000;5;;;
220104;0000;16;;;
220105;0000;17;;;
220106;0000;17;;;
220107;0000;14;;;
220108;0000;13;;;
220109;0000;13;;;
220110;0000;16;;;
220111;0000;21;;;
220112;0000;19;;;
220113;0000;16;;;
220114;0000;18;;;
220115;0000;18;;;
220116;0000;10;;;
220117;0000;14;;;
220118;0000;20;;;
220119;0000;17;;;
220120;0000;15;;;
220121;0000;20;;;
220122;0000;13;;;
220123;0000;11;;;
220124;0000;7;;;
220125;0000;14;;;
220126;0000;19;;;
220127;0000;;;15;
220128;0000;;;1;
220129;0000;;;1;
220130;0000;;;4;
220131;0000;14;;;
220201;0000;16;;;
220202;0000;14;;;
220203;0000;15;;;
220204;0000;12;;;
220205;0000;16;;;
220206;0000;18;;;
220207;0000;19;;;
220208;0000;15;;;
220209;0000;32;;;
220210;0000;38;;;
220211;0000;34;;;
220212;0000;45;;;
220213;0000;49;;;
220214;0000;29;;;
220215;0000;32;;;
220216;0000;22;;;
220217;0000;27;;;
220218;0000;23;;;
220219;0000;13;;;
220220;0000;15;;;
220221;0000;56;;;
220222;0000;76;;;
220223;0000;40;;;
220224;0000;18;;;
220225;0000;17;;;
220226;0000;15;;;
220227;0000;12;;;
220228;0000;16;;;
220301;0000;17;;;
220302;0000;11;;;
220303;0000;8;;;
220304;0000;16;;;
220305;0000;14;;;
220306;0000;14;;;
220307;0000;10;;;
220308;0000;17;;;
220309;0000;18;;;
220310;0000;16;;;
220311;0000;20;;;
220312;0000;18;;;
220313;0000;18;;;
220314;0000;22;;;
220315;0000;29;;;
220316;0000;26;;;
220317;0000;15;;;
220318;0000;26;;;
220319;0000;41;;;
220320;0000;30;;;
220321;0000;12;;;
220322;0000;10;;;
220323;0000;17;;;
220324;0000;29;;;
220325;0000;21;;;
220326;0000;19;;;
220327;0000;19;;;
220328;0000;24;;;
220329;0000;25;;;
220330;0000;38;;;
220331;0000;30;;;
220401;0000;26;;;
220402;0000;17;;;
220403;0000;26;;;
220404;0000;40;;;
220405;0000;31;;;
220406;0000;30;;;
220407;0000;26;;;
220408;0000;16;;;
220409;0000;28;;;
220410;0000;23;;;
220411;0000;31;;;
220412;0000;33;;;
220413;0000;56;;;
220414;0000;35;;;
220415;0000;33;;;
220416;0000;23;;;
220417;0000;48;;;
220418;0000;49;;;
220419;0000;34;;;
220420;0000;36;;;
220421;0000;28;;;
220422;0000;14;;;
220423;0000;27;;;
220424;0000;20;;;
220425;0000;17;;;
220426;0000;18;;;
220427;0000;24;;;
220428;0000;65;;;
220429;0000;73;;;
220430;0000;92;;;
220501;0000;71;;;
220502;0000;34;;;
220503;0000;46;;;
220504;0000;23;;;
220505;0000;44;;;
220506;0000;47;;;
220507;0000;25;;;
220508;0000;42;;;
220509;0000;28;;;
220510;0000;30;;;
220511;0000;69;;;
220512;0000;47;;;
220513;0000;72;;;
220514;0000;87;;;
220515;0000;94;;;
220516;0000;93;;;
220517;0000;123;;;
220518;0000;78;;;
220519;0000;25;;;
220520;0000;32;;;
220521;0000;29;;;
220522;0000;35;;;
220523;0000;58;;;
220524;0000;37;;;
220525;0000;;;;
220526;0000;121;;;
220527;0000;138;;;
220528;0000;135;;;
220529;0000;95;;;
220530;0000;133;;;
220531;0000;80;;;
220601;0000;151;;;
220602;0000;78;;;
220603;0000;24;;;
220604;0000;55;;;
220605;0000;15;;;
220606;0000;14;;;
220607;0000;30;;;
220608;0000;33;;;
220609;0000;115;;;
220610;0000;181;;;
220611;0000;149;;;
220612;0000;75;;;
220613;0000;39;;;
220614;0000;43;;;
220615;0000;55;;;
220616;0000;21;;;
220617;0000;73;;;
220618;0000;69;;;
220619;0000;25;;;
220620;0000;36;;;
220621;0000;62;;;
220622;0000;119;;;
220623;0000;52;;;
220624;0000;72;;;
220625;0000;141;;;
220626;0000;95;;;
220627;0000;69;;;
220628;0000;10;;;
220629;0000;28;;;
220630;0000;37;;;
220701;0000;29;;;
220702;0000;31;;;
220703;0000;25;;;
220704;0000;17;;;
220705;0000;18;;;
220706;0000;17;;;
220707;0000;70;;;
220708;0000;24;;;
220709;0000;22;;;
220710;0000;36;;;
220711;0000;29;;;
220712;0000;39;;;
220713;0000;41;;;
220714;0000;45;;;
220715;0000;87;;;
220716;0000;33;;;
220717;0000;29;;;
220718;0000;89;;;
220719;0000;90;;;
220720;0000;29;;;
220721;0000;47;;;
220722;0000;15;;;
220723;0000;44;;;
220724;0000;52;;;
220725;0000;21;;;
220726;0000;16;;;
220727;0000;59;;;
220728;0000;74;;;
220729;0000;44;;;
220730;0000;71;;;
220731;0000;69;;;
220801;0000;81;;;
220802;0000;91;;;
220803;0000;37;;;
220804;0000;39;;;
220805;0000;54;;;
220806;0000;48;;;
220807;0000;29;;;
220808;0000;48;;;
220809;0000;79;;;
220810;0000;41;;;
220811;0000;52;;;
220812;0000;20;;;
220813;0000;19;;;
220814;0000;27;;;
220815;0000;11;;;
220816;0000;15;;;
220817;0000;29;;;
220818;0000;68;;;
220819;0000;70;;;
220820;0000;21;;;
220821;0000;35;;;
220822;0000;36;;;
220823;0000;24;;;
220824;0000;48;;;
220825;0000;74;;;
220826;0000;60;;;
220827;0000;43;;;
220828;0000;92;;;
220829;0000;75;;;
220830;0000;47;;;
220831;0000;33;;;
220901;0000;30;;;
220902;0000;42;;;
220903;0000;39;;;
220904;0000;23;;;
220905;0000;59;;;
220906;0000;38;;;
220907;0000;38;;;
220908;0000;35;;;
220909;0000;41;;;
220910;0000;38;;;
220911;0000;24;;;
220912;0000;35;;;
220913;0000;50;;;
220914;0000;45;;;
220915;0000;33;;;
220916;0000;23;;;
220917;0000;25;;;
220918;0000;31;;;
220919;0000;40;;;
220920;0000;39;;;
220921;0000;22;;;
220922;0000;23;;;
220923;0000;22;;;
220924;0000;27;;;
220925;0000;27;;;
220926;0000;18;;;
220927;0000;29;;;
220928;0000;33;;;
220929;0000;19;;;
220930;0000;17;;;
221001;0000;19;;;
221002;0000;32;;;
221003;0000;23;;;
221004;0000;27;;;
221005;0000;24;;;
221006;0000;11;;;
221007;0000;18;;;
221008;0000;36;;;
221009;0000;30;;;
221010;0000;15;;;
221011;0000;19;;;
221012;0000;17;;;
221013;0000;34;;;
221014;0000;26;;;
221015;0000;22;;;
221016;0000;14;;;
221017;0000;26;;;
221018;0000;31;;;
221019;0000;20;;;
221020;0000;23;;;
221021;0000;19;;;
221022;0000;27;;;
221023;0000;23;;;
221024;0000;24;;;
221025;0000;18;;;
221026;0000;11;;;
221027;0000;17;;;
221028;0000;12;;;
221029;0000;;;;
221030;0000;20;;;
221031;0000;20;;;
221101;0000;21;;;
221102;0000;32;;;
221103;0000;21;;;
221104;0000;21;;;
221105;0000;26;;;
221106;0000;16;;;
221107;0000;20;;;
221108;0000;22;;;
221109;0000;24;;;
221110;0000;10;;;
221111;0000;10;;;
221112;0000;9;;;
221113;0000;8;;;
221114;0000;16;;;
221115;0000;17;;;
221116;0000;15;;;
221117;0000;11;;;
221118;0000;11;;;
221119;0000;15;;;
221120;0000;17;;;
221121;0000;23;;;
221122;0000;20;;;
221123;0000;9;;;
221124;0000;19;;;
221125;0000;29;;;
221126;0000;27;;;
221127;0000;29;;;
221128;0000;31;;;
221129;0000;14;;;
221130;0000;24;;;
221201;0000;23;;;
221202;0000;19;;;
221203;0000;14;;;
221204;0000;15;;;
221205;0000;18;;;
221206;0000;23;;;
221207;0000;29;;;
221208;0000;12;;;
221209;0000;12;;;
221210;0000;18;;;
221211;0000;15;;;
221212;0000;15;;;
221213;0000;15;;;
221214;0000;15;;;
221215;0000;22;;;
221216;0000;27;;;
221217;0000;20;;;
221218;0000;20;;;
221219;0000;;74;;
221220;0000;30;;;
221221;0000;29;;;
221222;0000;;;;
221223;0000;;;;
221224;0000;;;;
221225;0000;;;;
221226;0000;;;;
221227;0000;;;;
221228;0000;;;;
221229;0000;;;;
221230;0000;;;;
221231;0000;;;;
230101;0000;;;;
230102;0000;;;;
230103;0000;;;;
230104;0000;;;;
230105;0000;;;;
230106;0000;;;;
230107;0000;;;;
230108;0000;;;;
230109;0000;;;;
230110;0000;;;;
230111;0000;;;;
230112;0000;;;;
230113;0000;;;;
230114;0000;;;;
230115;0000;;;;
230116;0000;;;;
230117;0000;;;;
230118;0000;;;;
230119;0000;;;;
230120;0000;;;;
230121;0000;16;;;
230122;0000;14;;;
230123;0000;22;;;
230124;0000;14;;;
230125;0000;;;;
230126;0000;;;;
230127;0000;;;7;
230128;0000;;;2;
230129;0000;;;1;
230130;0000;;;15;
230131;0000;29;;;
230201;0000;;;;
230202;0000;35;;;
230203;0000;36;;;
230204;0000;40;;;
230205;0000;20;;;
230206;0000;26;;;
230207;0000;37;;;
230208;0000;23;;;
230209;0000;20;;;
230210;0000;15;;;
230211;0000;14;;;
230212;0000;14;;;
230213;0000;13;;;
230214;0000;21;;;
230215;0000;19;;;
230216;0000;45;;;
230217;0000;45;;;
230218;0000;30;;;
230219;0000;20;;;
230220;0000;25;;;
230221;0000;33;;;
230222;0000;38;;;
230223;0000;22;;;
230224;0000;24;;;
230225;0000;15;;;
230226;0000;23;;;
230227;0000;21;;;
230228;0000;18;;;
230301;0000;28;;;
230302;0000;34;;;
230303;0000;17;;;
230304;0000;24;;;
230305;0000;19;;;
230306;0000;52;;;
230307;0000;13;;;
230308;0000;9;;;
230309;0000;21;;;
230310;0000;30;;;
230311;0000;18;;;
230312;0000;8;;;
230313;0000;15;;;
230314;0000;22;;;
230315;0000;13;;;
230316;0000;11;;;
230317;0000;14;;;
230318;0000;10;;;
230319;0000;10;;;
230320;0000;13;;;
230321;0000;26;;;
230322;0000;21;;;
230323;0000;22;;;
230324;0000;21;;;
230325;0000;23;;;
230326;0000;21;;;
230327;0000;37;;;
230328;0000;21;;;
230329;0000;15;;;
230330;0000;26;;;
230331;0000;36;;;
230401;0000;50;;;
230402;0000;15;;;
230403;0000;25;;;
230404;0000;37;;;
230405;0000;41;;;
230406;0000;20;;;
230407;0000;30;;;
230408;0000;33;;;
230409;0000;48;;;
230410;0000;45;;;
230411;0000;12;;;
230412;0000;18;;;
230413;0000;26;;;
230414;0000;23;;;
230415;0000;32;;;
230416;0000;22;;;
230417;0000;37;;;
230418;0000;33;;;
230419;0000;21;;;
230420;0000;18;;;
230421;0000;27;;;
230422;0000;12;;;
230423;0000;21;;;
230424;0000;20;;;
230425;0000;44;;;
230426;0000;32;;;
230427;0000;40;;;
230428;0000;13;;;
230429;0000;10;;;
230430;0000;26;;;
230501;0000;50;;;
230502;0000;55;;;
230503;0000;33;;;
230504;0000;52;;;
230505;0000;32;;;
230506;0000;40;;;
230507;0000;34;;;
230508;0000;59;;;
230509;0000;42;;;
230510;0000;63;;;
230511;0000;80;;;
230512;0000;56;;;
230513;0000;39;;;
230514;0000;59;;;
230515;0000;50;;;
230516;0000;20;;;
230517;0000;31;;;
230518;0000;30;;;
230519;0000;67;;;
230520;0000;58;;;
230521;0000;17;;;
230522;0000;22;;;
230523;0000;18;;;
230524;0000;25;;;
230525;0000;20;;;
230526;0000;32;;;
230527;0000;51;;;
230528;0000;100;;;
230529;0000;107;;;
230530;0000;65;;;
230531;0000;66;;;
230601;0000;29;;;
230602;0000;26;;;
230603;0000;30;;;
230604;0000;92;;;
230605;0000;52;;;
230606;0000;59;;;
230607;0000;57;;;
230608;0000;14;;;
230609;0000;20;;;
230610;0000;69;;;
230611;0000;118;;;
230612;0000;121;;;
230613;0000;154;;;
230614;0000;125;;;
230615;0000;89;;;
230616;0000;69;;;
230617;0000;125;;;
230618;0000;124;;;
230619;0000;170;;;
230620;0000;;;;
230621;0000;;;;
230622;0000;14;;;
230623;0000;24;;;
230624;0000;31;;;
230625;0000;18;;;
230626;0000;20;;;
230627;0000;38;;;
230628;0000;46;;;
230629;0000;94;;;
230630;0000;70;;;
230701;0000;27;;;
230702;0000;24;;;
230703;0000;16;;;
230704;0000;42;;;
230705;0000;38;;;
230706;0000;61;;;
230707;0000;68;;;
230708;0000;24;;;
230709;0000;41;;;
230710;0000;101;;;
230711;0000;102;;;
230712;0000;77;;;
230713;0000;108;;;
230714;0000;45;;;
230715;0000;91;;;
230716;0000;72;;;
230717;0000;107;;;
230718;0000;39;;;
230719;0000;29;;;
230720;0000;19;;;
230721;0000;26;;;
230722;0000;21;;;
230723;0000;63;;;
230724;0000;21;;;
230725;0000;24;;;
230726;0000;71;;;
230727;0000;53;;;
230728;0000;106;;;
230729;0000;17;;;
230730;0000;54;;;
230731;0000;21;;;
230801;0000;19;;;
230802;0000;34;;;
230803;0000;76;;;
230804;0000;107;;;
230805;0000;111;;;
230806;0000;107;;;
230807;0000;;;;
230808;0000;;;;
230809;0000;42;;;
230810;0000;15;;;
230811;0000;44;;;
230812;0000;73;;;
230813;0000;58;;;
230814;0000;42;;;
230815;0000;22;;;
230816;0000;34;;;
230817;0000;35;;;
230818;0000;24;;;
230819;0000;19;;;
230820;0000;14;;;
230821;0000;24;;;
230822;0000;18;;;
230823;0000;21;;;
230824;0000;48;;;
230825;0000;75;;;
230826;0000;89;;;
230827;0000;42;;;
230828;0000;35;;;
230829;0000;45;;;
230830;0000;29;;;
230831;0000;37;;;
230901;0000;44;;;
230902;0000;70;;;
230903;0000;43;;;
230904;0000;52;;;
230905;0000;14;;;
230906;0000;19;;;
230907;0000;16;;;
230908;0000;24;;;
230909;0000;23;;;
230910;0000;13;;;
230911;0000;20;;;
230912;0000;30;;;
230913;0000;12;;;
230914;0000;9;;;
230915;0000;11;;;
230916;0000;21;;;
230917;0000;40;;;
230918;0000;52;;;
230919;0000;40;;;
230920;0000;31;;;
230921;0000;19;;;
230922;0000;15;;;
230923;0000;32;;;
230924;0000;22;;;
230925;0000;32;;;
230926;0000;36;;;
230927;0000;35;;;
230928;0000;19;;;
230929;0000;36;;;
230930;0000;34;;;
231001;0000;20;;;
231002;0000;30;;;
231003;0000;24;;;
231004;0000;45;;;
231005;0000;40;;;
231006;0000;29;;;
231007;0000;36;;;
231008;0000;39;;;
231009;0000;40;;;
231010;0000;43;;;
231011;0000;39;;;
231012;0000;21;;;
231013;0000;24;;;
231014;0000;22;;;
231015;0000;16;;;
231016;0000;33;;;
231017;0000;44;;;
231018;0000;45;;;
231019;0000;35;;;
231020;0000;24;;;
231021;0000;24;;;
231022;0000;23;;;
231023;0000;32;;;
231024;0000;33;;;
231025;0000;37;;;
231026;0000;28;;;
231027;0000;22;;;
231028;0000;15;;;
231029;0000;18;;;
231030;0000;31;;;
231031;0000;33;;;
231101;0000;29;;;
231102;0000;25;;;
231103;0000;22;;;
231104;0000;16;;;
231105;0000;18;;;
231106;0000;33;;;
231107;0000;20;;;
231108;0000;24;;;
231109;0000;19;;;
231110;0000;24;;;
231111;0000;16;;;
231112;0000;24;;;
231113;0000;22;;;
231114;0000;25;;;
231115;0000;23;;;
231116;0000;13;;;
231117;0000;13;;;
231118;0000;21;;;
231119;0000;16;;;
231120;0000;17;;;
231121;0000;23;;;
231122;0000;20;;;
231123;0000;32;;;
231124;0000;28;;;
231125;0000;21;;;
231126;0000;19;;;
231127;0000;18;;;
231128;0000;28;;;
231129;0000;33;;;
231130;0000;22;;;
231201;0000;18;;;
231202;0000;13;;;
231203;0000;16;;;
231204;0000;32;;;
231205;0000;28;;;
231206;0000;25;;;
231207;0000;28;;;
231208;0000;17;;;
231209;0000;16;;;
231210;0000;18;;;
231211;0000;16;;;
231212;0000;29;;;
231213;0000;33;;;
231214;0000;29;;;
231215;0000;34;;;
231216;0000;;;;
231217;0000;9;;;
231218;0000;15;;;
231219;0000;29;;;
231220;0000;24;;;
231221;0000;20;;;
231222;0000;15;;;
231223;0000;20;;;
231224;0000;;;;
231225;0000;19;;;
231226;0000;30;;;
231227;0000;24;;;
231228;0000;21;;;
231229;0000;23;;;
231230;0000;29;;;
231231;0000;21;;;
240101;0000;18;;;
240102;0000;21;;;
240103;0000;21;;;
240104;0000;20;;;
240105;0000;18;;;
240106;0000;16;;;
240107;0000;11;;;
240108;0000;21;;;
240109;0000;25;;;
240110;0000;33;;;
240111;0000;29;;;
240112;0000;28;;;
240113;0000;18;;;
240114;0000;15;;;
240115;0000;20;;;
240116;0000;25;;;
240117;0000;21;;;
240118;0000;24;;;
240119;0000;30;;;
240120;0000;33;;;
240121;0000;32;;;
240122;0000;34;;;
240123;0000;25;;;
240124;0000;30;;;
240125;0000;28;;;
240126;0000;;;;
240127;0000;;;;
240128;0000;;;;
240129;0000;;;;
240130;0000;;;;
240131;0000;;;;
240201;0000;;;;
240202;0000;;;;
240203;0000;;;;
240204;0000;;;;
240205;0000;;;;
240206;0000;;;;
240207;0000;19;;;
240208;0000;24;;;
240209;0000;23;;;
240210;0000;16;;;
240211;0000;10;;;
240212;0000;23;;;
240213;0000;33;;;
240214;0000;36;;;
240215;0000;30;;;
240216;0000;20;;;
240217;0000;18;;;
240218;0000;23;;;
240219;0000;31;;;
240220;0000;23;;;
240221;0000;23;;;
240222;0000;15;;;
240223;0000;25;;;
240224;0000;24;;;
240225;0000;19;;;
240226;0000;18;;;
240227;0000;15;;;
240228;0000;17;;;
240229;0000;23;;;
240301;0000;21;;;
240302;0000;21;;;
240303;0000;24;;;
240304;0000;36;;;
240305;0000;28;;;
240306;0000;30;;;
240307;0000;38;;;
240308;0000;15;;;
240309;0000;15;;;
240310;0000;11;;;
240311;0000;23;;;
240312;0000;12;;;
240313;0000;19;;;
240314;0000;14;;;
240315;0000;21;;;
240316;0000;19;;;
240317;0000;17;;;
240318;0000;36;;;
240319;0000;54;;;
240320;0000;;;6;
240321;0000;;;5;
240322;0000;;;53;
240323;0000;;;13;
240324;0000;8;;;
240325;0000;12;;;
240326;0000;10;;;
240327;0000;22;;;
240328;0000;22;;;
240329;0000;11;;;
240330;0000;22;;;
240331;0000;27;;;
240401;0000;44;;;
240402;0000;39;;;
240403;0000;23;;;
240404;0000;32;;;
240405;0000;15;;;
240406;0000;23;;;
240407;0000;29;;;
240408;0000;24;;;
240409;0000;26;;;
240410;0000;64;;;
240411;0000;61;;;
240412;0000;54;;;
240413;0000;44;;;
240414;0000;30;;;
240415;0000;41;;;
240416;0000;21;;;
240417;0000;40;;;
240418;0000;23;;;
240419;0000;30;;;
240420;0000;53;;;
240421;0000;33;;;
240422;0000;25;;;
240423;0000;41;;;
240424;0000;36;;;
240425;0000;17;;;
240426;0000;18;;;
240427;0000;18;;;
240428;0000;15;;;
240429;0000;12;;;
240430;0000;27;;;
240501;0000;42;;;
240502;0000;59;;;
240503;0000;30;;;
240504;0000;15;;;
240505;0000;17;;;
240506;0000;9;;;
240507;0000;33;;;
240508;0000;40;;;
240509;0000;66;;;
240510;0000;56;;;
240511;0000;49;;;
240512;0000;54;;;
240513;0000;121;;;
240514;0000;91;;;
240515;0000;50;;;
240516;0000;88;;;
240517;0000;144;;;
240518;0000;105;;;
240519;0000;60;;;
240520;0000;27;;;
240521;0000;52;;;
240522;0000;50;;;
240523;0000;38;;;
240524;0000;69;;;
240525;0000;100;;;
240526;0000;80;;;
240527;0000;86;;;
240528;0000;46;;;
240529;0000;38;;;
240530;0000;55;;;
240531;0000;36;;;
240601;0000;25;;;
240602;0000;46;;;
240603;0000;67;;;
240604;0000;33;;;
240605;0000;12;;;
240606;0000;18;;;
240607;0000;72;;;
240608;0000;19;;;
240609;0000;12;;;
240610;0000;6;;;
240611;0000;5;;;
240612;0000;6;;;
240613;0000;13;;;
240614;0000;14;;;
240615;0000;53;;;
240616;0000;16;;;
240617;0000;12;;;
240618;0000;22;;;
240619;0000;26;;;
240620;0000;9;;;
240621;0000;21;;;
240622;0000;25;;;
240623;0000;45;;;
240624;0000;93;;;
240625;0000;88;;;
240626;0000;14;;;
240627;0000;19;;;
240628;0000;95;;;
240629;0000;102;;;
240630;0000;36;;;
240701;0000;15;;;
240702;0000;39;;;
240703;0000;54;;;
240704;0000;74;;;
240705;0000;118;;;
240706;0000;110;;;
240707;0000;63;;;
240708;0000;90;;;
240709;0000;74;;;
240710;0000;97;;;
240711;0000;142;;;
240712;0000;120;;;
240713;0000;109;;;
240714;0000;107;;;
240715;0000;69;;;
240716;0000;45;;;
240717;0000;38;;;
240718;0000;33;;;
240719;0000;43;;;
240720;0000;59;;;
240721;0000;141;;;
240722;0000;151;;;
240723;0000;80;;;
240724;0000;38;;;
240725;0000;23;;;
240726;0000;75;;;
240727;0000;81;;;
240728;0000;94;;;
240729;0000;115;;;
240730;0000;88;;;
240731;0000;35;;;
240801;0000;9;;;
240802;0000;16;;;
240803;0000;40;;;
240804;0000;18;;;
240805;0000;19;;;
240806;0000;47;;;
240807;0000;97;;;
240808;0000;97;;;
240809;0000;75;;;
240810;0000;39;;;
240811;0000;50;;;
240812;0000;80;;;
240813;0000;86;;;
240814;0000;57;;;
240815;0000;28;;;
240816;0000;44;;;
240817;0000;84;;;
240818;0000;94;;;
240819;0000;66;;;
240820;0000;50;;;
240821;0000;23;;;
240822;0000;23;;;
240823;0000;41;;;
240824;0000;62;;;
240825;0000;48;;;
240826;0000;22;;;
240827;0000;45;;;
240828;0000;56;;;
240829;0000;71;;;
240830;0000;75;;;
240831;0000;61;;;
240901;0000;28;;;
240902;0000;17;;;
240903;0000;21;;;
240904;0000;57;;;
240905;0000;43;;;
240906;0000;20;;;
240907;0000;31;;;
240908;0000;44;;;
240909;0000;27;;;
240910;0000;21;;;
240911;0000;30;;;
240912;0000;36;;;
240913;0000;27;;;
240914;0000;31;;;
240915;0000;34;;;
240916;0000;40;;;
240917;0000;33;;;
240918;0000;33;;;
240919;0000;6;;;
240920;0000;8;;;
240921;0000;13;;;
240922;0000;11;;;
240923;0000;25;;;
240924;0000;24;;;
240925;0000;25;;;
240926;0000;43;;;
240927;0000;30;;;
240928;0000;24;;;
240929;0000;12;;;
240930;0000;12;;;
241001;0000;20;;;
241002;0000;32;;;
241003;0000;32;;;
241004;0000;38;;;
241005;0000;27;;;
241006;0000;26;;;
241007;0000;33;;;
241008;0000;49;;;
241009;0000;45;;;
241010;0000;17;;;
241011;0000;18;;;
241012;0000;24;;;
241013;0000;15;;;
241014;0000;22;;;
241015;0000;39;;;
241016;0000;36;;;
241017;0000;17;;;
241018;0000;23;;;
241019;0000;12;;;
241020;0000;12;;;
241021;0000;21;;;
241022;0000;28;;;
241023;0000;28;;;
241024;0000;13;;;
241025;0000;20;;;
241026;0000;23;;;
241027;0000;15;;;
241028;0000;30;;;
241029;0000;42;;;
241030;0000;42;;;
241031;0000;17;;;
241101;0000;15;;;
241102;0000;16;;;
241103;0000;17;;;
241104;0000;16;;;
241105;0000;22;;;
241106;0000;21;;;
241107;0000;33;;;
241108;0000;37;;;
241109;0000;16;;;
241110;0000;13;;;
241111;0000;12;;;
241112;0000;17;;;
241113;0000;18;;;
241114;0000;13;;;
241115;0000;18;;;
241116;0000;18;;;
241117;0000;15;;;
241118;0000;28;;;
241119;0000;26;;;
241120;0000;29;;;
241121;0000;23;;;
241122;0000;31;;;
241123;0000;18;;;
241124;0000;11;;;
241125;0000;28;;;
241126;0000;13;;;
241127;0000;20;;;
241128;0000;17;;;
241129;0000;25;;;
241130;0000;15;;;
241201;0000;11;;;
241202;0000;26;;;
241203;0000;23;;;
241204;0000;20;;;
241205;0000;12;;;
241206;0000;13;;;
241207;0000;14;;;
241208;0000;17;;;
241209;0000;24;;;
241210;0000;24;;;
241211;0000;18;;;
241212;0000;17;;;
241213;0000;21;;;
241214;0000;23;;;
241215;0000;20;;;
241216;0000;27;;;
241217;0000;14;;;
241218;0000;15;;;
241219;0000;19;;;
241220;0000;14;;;
241221;0000;15;;;
241222;0000;15;;;
241223;0000;15;;;
241224;0000;21;;;
241225;0000;24;;;
241226;0000;16;;;
241227;0000;25;;;
241228;0000;30;;;
241229;0000;22;;;
241230;0000;20;;;
241231;0000;19;;;
250101;0000;15;;;
250102;0000;22;;;
250103;0000;20;;;
250104;0000;13;;;
250105;0000;19;;;
250106;0000;26;;;
250107;0000;22;;;
250108;0000;19;;;
250109;0000;24;;;
250110;0000;26;;;
250111;0000;17;;;
250112;0000;18;;;
250113;0000;28;;;
250114;0000;23;;;
250115;0000;5;;;
250116;0000;9;;;
250117;0000;16;;;
250118;0000;14;;;
250119;0000;16;;;
250120;0000;13;;;
250121;0000;12;;;
250122;0000;18;;;
250123;0000;10;;;
250124;0000;14;;;
250125;0000;13;;;
250126;0000;12;;;
250127;0000;17;;;
250128;0000;20;;;
250129;0000;23;;;
250130;0000;21;;;
250131;0000;24;;;
250201;0000;17;;;
250202;0000;16;;;
250203;0000;15;;;
250204;0000;23;;;
250205;0000;22;;;
250206;0000;16;;;
250207;0000;24;;;
250208;0000;14;;;
250209;0000;19;;;
250210;0000;18;;;
250211;0000;17;;;
250212;0000;17;;;
250213;0000;18;;;
250214;0000;22;;;
250215;0000;20;;;
250216;0000;15;;;
250217;0000;20;;;
250218;0000;26;;;
250219;0000;21;;;
250220;0000;19;;;
250221;0000;20;;;
250222;0000;20;;;
250223;0000;15;;;
250224;0000;14;;;
250225;0000;;;;
250226;0000;;;;
250227;0000;24;;;
250228;0000;17;;;
250301;0000;10;;;
250302;0000;8;;;
250303;0000;13;;;
250304;0000;13;;;
250305;0000;14;;;
250306;0000;15;;;
250307;0000;12;;;
250308;0000;14;;;
250309;0000;8;;;
250310;0000;15;;;
250311;0000;21;;;
250312;0000;29;;;
250313;0000;26;;;
250314;0000;24;;;
250315;0000;24;;;
250316;0000;18;;;
250317;0000;26;;;
250318;0000;;;8;
250319;0000;;;5;
250320;0000;;;4;
250321;0000;;;9;
250322;0000;26;;;
250323;0000;28;;;
250324;0000;31;;;
250325;0000;49;;;
250326;0000;47;;;
250327;0000;29;;;
250328;0000;17;;;
250329;0000;21;;;
250330;0000;13;;;
250331;0000;16;;;
250401;0000;12;;;
250402;0000;17;;;
250403;0000;27;;;
250404;0000;30;;;
250405;0000;34;;;
250406;0000;23;;;
250407;0000;38;;;
250408;0000;36;;;
250409;0000;47;;;
250410;0000;11;;;
250411;0000;15;;;
250412;0000;19;;;
250413;0000;37;;;
250414;0000;22;;;
250415;0000;34;;;
250416;0000;23;;;
250417;0000;49;;;
250418;0000;38;;;
250419;0000;35;;;
250420;0000;39;;;
250421;0000;28;;;
250422;0000;17;;;
250423;0000;15;;;
250424;0000;16;;;
250425;0000;20;;;
250426;0000;35;;;
250427;0000;41;;;
250428;0000;16;;;
250429;0000;28;;;
250430;0000;34;;;
250501;0000;24;;;
250502;0000;33;;;
250503;0000;31;;;
250504;0000;42;;;
250505;0000;55;;;
250506;0000;38;;;
250507;0000;39;;;
250508;0000;23;;;
250509;0000;16;;;
250510;0000;24;;;
250511;0000;39;;;
250512;0000;65;;;
250513;0000;35;;;
250514;0000;45;;;
250515;0000;40;;;
250516;0000;26;;;
250517;0000;16;;;
250518;0000;46;;;
250519;0000;55;;;
250520;0000;104;;;
250521;0000;85;;;
250522;0000;111;;;
250523;0000;85;;;
250524;0000;44;;;
250525;0000;;;;
250526;0000;;;;
250527;0000;107;;;
250528;0000;74;;;
250529;0000;72;;;
250530;0000;63;;;
250531;0000;107;;;
250601;0000;;119;;
250602;0000;;97;;
250603;0000;;53;;
250604;0000;;63;;
250605;0000;;26;;
250606;0000;;69;;
250607;0000;;87;;
250608;0000;;124;;
250609;0000;;116;;
250610;0000;;148;;
250611;0000;;58;;
250612;0000;;25;;
250613;0000;;24;;
250614;0000;;;;
250615;0000;;;;
250616;0000;;40;;
250617;0000;;70;;
250618;0000;;71;;
250619;0000;;62;;
250620;0000;;35;;
250621;0000;;21;;
250622;0000;;;;
250623;0000;;;;
250624;0000;;44;;
250625;0000;;34;;
250626;0000;;27;;
250627;0000;;44;;
250628;0000;;51;;
250629;0000;;113;;
250630;0000;;140;;
250701;0000;;152;;
