FECHA (YYMMDD);HORA (HHMM);Registros validados;Registros preliminares;Registros no validados;
090101;0000;;14,0333;;
090102;0000;;12,4833;;
090103;0000;;12,0042;;
090104;0000;;9,23332;;
090105;0000;;10,4;;
090106;0000;;8,33333;;
090107;0000;;11,9125;;
090108;0000;;14,8625;;
090109;0000;;13,8391;;
090110;0000;;13,4625;;
090111;0000;;11,8208;;
090112;0000;;10,3667;;
090113;0000;;13,7625;;
090114;0000;;8,21666;;
090115;0000;;7,425;;
090116;0000;;12,4292;;
090117;0000;;6,67916;;
090118;0000;;11,4333;;
090119;0000;;17,2666;;
090120;0000;;15,9167;;
090121;0000;;15,9292;;
090122;0000;;18,4333;;
090123;0000;;;;
090124;0000;;;;
090125;0000;;6,53333;;
090126;0000;;7,35832;;
090127;0000;;8,81248;;
090128;0000;;9,51665;;
090129;0000;;10,5708;;
090130;0000;;5,82082;;
090131;0000;;9,77498;;
090201;0000;;9,30415;;
090202;0000;;9,24582;;
090203;0000;;10,125;;
090204;0000;;8,78749;;
090205;0000;;6,77499;;
090206;0000;;7,24999;;
090207;0000;;10,7041;;
090208;0000;;8,28749;;
090209;0000;;12,4083;;
090210;0000;;11,8333;;
090211;0000;;8,54999;;
090212;0000;;10,8458;;
090213;0000;;7,82082;;
090214;0000;;12,6208;;
090215;0000;;6,69999;;
090216;0000;;8,98332;;
090217;0000;;13,3792;;
090218;0000;;9,00832;;
090219;0000;;6,44582;;
090220;0000;;7,54166;;
090221;0000;;7,08749;;
090222;0000;;10,275;;
090223;0000;;10,3958;;
090224;0000;;9,73332;;
090225;0000;;9,97499;;
090226;0000;;11,8833;;
090227;0000;;13,7583;;
090228;0000;;12,6083;;
090301;0000;;7,81249;;
090302;0000;;9,61665;;
090303;0000;;11;;
090304;0000;;11,1286;;
090305;0000;;13,7958;;
090306;0000;;12,925;;
090307;0000;;19,7625;;
090308;0000;;11,95;;
090309;0000;;15,4375;;
090310;0000;;14,8333;;
090311;0000;;28,2542;;
090312;0000;;37,6833;;
090313;0000;;16,4833;;
090314;0000;;;;
090315;0000;;9,69089;;
090316;0000;;13,4792;;
090317;0000;;11,8333;;
090318;0000;;14,9125;;
090319;0000;;10,5458;;
090320;0000;;31,0791;;
090321;0000;;19,1166;;
090322;0000;;16,5375;;
090323;0000;;13,8875;;
090324;0000;;18,4375;;
090325;0000;;15,325;;
090326;0000;;8,47916;;
090327;0000;;24,7166;;
090328;0000;;13,9042;;
090329;0000;;10,6792;;
090330;0000;;18,55;;
090331;0000;;42,8166;;
090401;0000;;43,1583;;
090402;0000;;7,54166;;
090403;0000;;25,7958;;
090404;0000;;22,7458;;
090405;0000;;40,4291;;
090406;0000;;;221,583;
090407;0000;;;;
090408;0000;;;;
090409;0000;;25,6889;;
090410;0000;;19,5708;;
090411;0000;;37,5416;;
090412;0000;;48,2875;;
090413;0000;;87,6083;;
090414;0000;;55,0875;;
090415;0000;;47,0707;;
090416;0000;;;;
090417;0000;;26,9875;;
090418;0000;;38,7458;;
090419;0000;;36,4083;;
090420;0000;;65,8165;;
090421;0000;;;69,0739;
090422;0000;;26,85;;
090423;0000;;70,5332;;
090424;0000;;128,629;;
090425;0000;;65,379;;
090426;0000;;50,1916;;
090427;0000;;78,0208;;
090428;0000;;50,2916;;
090429;0000;;83,1434;;
090430;0000;;85,8124;;
090501;0000;;106,508;;
090502;0000;;62,9791;;
090503;0000;;49,4457;;
090504;0000;;57,1624;;
090505;0000;;53,075;;
090506;0000;;87,0166;;
090507;0000;;60,9916;;
090508;0000;;77,4749;;
090509;0000;;54,0458;;
090510;0000;;41,1416;;
090511;0000;;62,0374;;
090512;0000;;;;
090513;0000;;172,659;;
090514;0000;;174,462;;
090515;0000;;63,9374;;
090516;0000;;50,5041;;
090517;0000;;92,3041;;
090518;0000;;77,1749;;
090519;0000;;41,7;;
090520;0000;;;;
090521;0000;;38,3624;;
090522;0000;;16,9958;;
090523;0000;;98,3124;;
090524;0000;;55,5999;;
090525;0000;;92,0999;;
090526;0000;;102,083;;
090527;0000;;232,075;;
090528;0000;;186,487;;
090529;0000;;;202,858;
090530;0000;;;127,852;
090531;0000;;;126,861;
090601;0000;;;161,468;
090602;0000;;;;
090603;0000;;144,333;;
090604;0000;;94,0781;;
090605;0000;;121,729;;
090606;0000;;113,942;;
090607;0000;;45,6874;;
090608;0000;;48,9041;;
090609;0000;;125,975;;
090610;0000;;128,583;;
090611;0000;;198,896;;
090612;0000;;141,083;;
090613;0000;;128,275;;
090614;0000;;56,8375;;
090615;0000;;27,1166;;
090616;0000;;13,3375;;
090617;0000;;25,9417;;
090618;0000;;54,6749;;
090619;0000;;78,7249;;
090620;0000;;42,7458;;
090621;0000;;66,4291;;
090622;0000;;86,5522;;
090623;0000;;87,6083;;
090624;0000;;86,3208;;
090625;0000;;121,646;;
090626;0000;;134,912;;
090627;0000;;13,8667;;
090628;0000;;13,875;;
090629;0000;;26,8;;
090630;0000;;28,6125;;
090701;0000;;25,775;;
090702;0000;;16,7;;
090703;0000;;21,1583;;
090704;0000;;11,8291;;
090705;0000;;33,9916;;
090706;0000;;21,1416;;
090707;0000;;134,762;;
090708;0000;;225,787;;
090709;0000;;29,2375;;
090710;0000;;146,667;;
090711;0000;;193,933;;
090712;0000;;89,4415;;
090713;0000;;175,904;;
090714;0000;;173,146;;
090715;0000;;181,375;;
090716;0000;;106,258;;
090717;0000;;80,4082;;
090718;0000;;34,7;;
090719;0000;;20,3833;;
090720;0000;;90,329;;
090721;0000;;71,4749;;
090722;0000;;167,033;;
090723;0000;;212,212;;
090724;0000;;230,677;;
090725;0000;;121,637;;
090726;0000;;191,292;;
090727;0000;;316,378;;
090728;0000;;306,716;;
090729;0000;;318,562;;
090730;0000;;126,021;;
090731;0000;;34,6583;;
090801;0000;;82,8624;;
090802;0000;;93,2832;;
090803;0000;;48,4416;;
090804;0000;;29,7291;;
090805;0000;;33,3791;;
090806;0000;;76,1458;;
090807;0000;;108,471;;
090808;0000;;146,337;;
090809;0000;;35,3958;;
090810;0000;;22,7375;;
090811;0000;;44,0166;;
090812;0000;;22,7125;;
090813;0000;;36,975;;
090814;0000;;14,4625;;
090815;0000;;31,45;;
090816;0000;;26,8083;;
090817;0000;;28,2625;;
090818;0000;;28,9083;;
090819;0000;;60,4457;;
090820;0000;;;29,1049;
090821;0000;;;19,4301;
090822;0000;;22,275;;
090823;0000;;11,7583;;
090824;0000;;17,775;;
090825;0000;;19,6208;;
090826;0000;;34,8666;;
090827;0000;;36,1625;;
090828;0000;;18,2542;;
090829;0000;;21,2625;;
090830;0000;;31,8708;;
090831;0000;;60,2999;;
090901;0000;;122,062;;
090902;0000;;103,7;;
090903;0000;;81,6957;;
090904;0000;;46,3749;;
090905;0000;;11,1375;;
090906;0000;;30,5083;;
090907;0000;;58,6332;;
090908;0000;;84,4332;;
090909;0000;;45,7457;;
090910;0000;;43,0458;;
090911;0000;;13,975;;
090912;0000;;19,3333;;
090913;0000;;35,1708;;
090914;0000;;19,4833;;
090915;0000;;42,4874;;
090916;0000;;56,0666;;
090917;0000;;21,8291;;
090918;0000;;18,4833;;
090919;0000;;21,1458;;
090920;0000;;13,625;;
090921;0000;;18,1166;;
090922;0000;;39,8207;;
090923;0000;;36,6666;;
090924;0000;;38,025;;
090925;0000;;26,8375;;
090926;0000;;50,1707;;
090927;0000;;78,0624;;
090928;0000;;11,1958;;
090929;0000;;11,9375;;
090930;0000;;16,1458;;
091001;0000;;15,525;;
091002;0000;;25,8583;;
091003;0000;;37,2791;;
091004;0000;;18,7208;;
091005;0000;;23,5541;;
091006;0000;;82,0582;;
091007;0000;;53,2499;;
091008;0000;;43,7999;;
091009;0000;;13,9541;;
091010;0000;;10,2917;;
091011;0000;;10,7542;;
091012;0000;;13,4667;;
091013;0000;;19,875;;
091014;0000;;47,4416;;
091015;0000;;21,5478;;
091016;0000;;18,3125;;
091017;0000;;25,7916;;
091018;0000;;15,9375;;
091019;0000;;17,2375;;
091020;0000;;29,2333;;
091021;0000;;17,3826;;
091022;0000;;6,53333;;
091023;0000;;16,2333;;
091024;0000;;15,0208;;
091025;0000;;11,175;;
091026;0000;;26,0791;;
091027;0000;;18,3416;;
091028;0000;;8,46249;;
091029;0000;;4,64999;;
091030;0000;;9,30832;;
091031;0000;;20,1958;;
091101;0000;;12,3;;
091102;0000;;20,5708;;
091103;0000;;21,55;;
091104;0000;;11,875;;
091105;0000;;11,1625;;
091106;0000;;17,1583;;
091107;0000;;39,5999;;
091108;0000;;25,7875;;
091109;0000;;14,8541;;
091110;0000;;64,45;;
091111;0000;;13,525;;
091112;0000;;10,6917;;
091113;0000;;12,0708;;
091114;0000;;25,2625;;
091115;0000;;15,3708;;
091116;0000;;18,4458;;
091117;0000;;12,8125;;
091118;0000;;24,0458;;
091119;0000;;13,7542;;
091120;0000;;12,6792;;
091121;0000;;18,8833;;
091122;0000;;14,4041;;
091123;0000;;;;
091124;0000;;;;
091125;0000;;9,03749;;
091126;0000;;10,575;;
091127;0000;;6,57082;;
091128;0000;;10,8833;;
091129;0000;;9,49998;;
091130;0000;;11,8708;;
091201;0000;;12,5166;;
091202;0000;;4,87917;;
091203;0000;;8,33333;;
091204;0000;;7,45833;;
091205;0000;;7,84583;;
091206;0000;;11,2042;;
091207;0000;;11,0208;;
091208;0000;;6,81666;;
091209;0000;;5,7375;;
091210;0000;;7,435;;
091211;0000;;;;
091212;0000;;6,52916;;
091213;0000;;5,61249;;
091214;0000;;4,02083;;
091215;0000;;7,99583;;
091216;0000;;8,87498;;
091217;0000;;7,37083;;
091218;0000;;6,18333;;
091219;0000;;8,72499;;
091220;0000;;8,24165;;
091221;0000;;9,75415;;
091222;0000;;7,175;;
091223;0000;;12,4041;;
091224;0000;;7,76665;;
091225;0000;;9,19165;;
091226;0000;;8,04582;;
091227;0000;;9,96666;;
091228;0000;;6,74583;;
091229;0000;;5,14999;;
091230;0000;;7,98749;;
091231;0000;;5,29582;;
100101;0000;;9,17499;;
100102;0000;;6,48332;;
100103;0000;;5,94582;;
100104;0000;;5,02499;;
100105;0000;;5,73749;;
100106;0000;;5,98333;;
100107;0000;;5,93333;;
100108;0000;;8,41249;;
100109;0000;;7,78749;;
100110;0000;;7,25416;;
100111;0000;;5,89582;;
100112;0000;;5,68333;;
100113;0000;;10,95;;
100114;0000;;6,33749;;
100115;0000;;9,25832;;
100116;0000;;8,60832;;
100117;0000;;8,27498;;
100118;0000;;5,28749;;
100119;0000;;5,89583;;
100120;0000;;10,7791;;
100121;0000;;8,37082;;
100122;0000;;5,45415;;
100123;0000;;8,44998;;
100124;0000;;9,39165;;
100125;0000;;12,2875;;
100126;0000;;8,29582;;
100127;0000;;6,55833;;
100128;0000;;7,67916;;
100129;0000;;8,79582;;
100130;0000;;5,77916;;
100131;0000;;6,32082;;
100201;0000;;4,70833;;
100202;0000;;5,10416;;
100203;0000;;7,52083;;
100204;0000;;10,1833;;
100205;0000;;6,04166;;
100206;0000;;7,33749;;
100207;0000;;6,53749;;
100208;0000;;10,8958;;
100209;0000;;7,89999;;
100210;0000;;12,4083;;
100211;0000;;9,92915;;
100212;0000;;6,65416;;
100213;0000;;7,17916;;
100214;0000;;5,49999;;
100215;0000;;5,22916;;
100216;0000;;11,7041;;
100217;0000;;9,33331;;
100218;0000;;6,64999;;
100219;0000;;8,85832;;
100220;0000;;6,06667;;
100221;0000;;6,475;;
100222;0000;;8,90416;;
100223;0000;;7,63749;;
100224;0000;;10,4917;;
100225;0000;;20,8583;;
100226;0000;;10,0208;;
100227;0000;;;;
100228;0000;;18,0833;;
100301;0000;;10,795;;
100302;0000;;13,1292;;
100303;0000;;13,1375;;
100304;0000;;8,72499;;
100305;0000;;15,7166;;
100306;0000;;14,2208;;
100307;0000;;11,4583;;
100308;0000;;8,33333;;
100309;0000;;7,04583;;
100310;0000;;6,09166;;
100311;0000;;7,13332;;
100312;0000;;14,3625;;
100313;0000;;13,6958;;
100314;0000;;9,62631;;
100315;0000;;11,9727;;
100316;0000;;13,5083;;
100317;0000;;8,75833;;
100318;0000;;9,11249;;
100319;0000;;15,3;;
100320;0000;;7,63333;;
100321;0000;;7,02916;;
100322;0000;;9,03749;;
100323;0000;;10,3875;;
100324;0000;;15,9125;;
100325;0000;;16,6166;;
100326;0000;;14,2041;;
100327;0000;;12,6333;;
100328;0000;;8,95415;;
100329;0000;;10,375;;
100330;0000;;11,6083;;
100331;0000;;15,3;;
100401;0000;;13,2708;;
100402;0000;;13,7417;;
100403;0000;;9,99998;;
100404;0000;;14,5542;;
100405;0000;;27,8291;;
100406;0000;;19,55;;
100407;0000;;43,3624;;
100408;0000;;51,6083;;
100409;0000;;57,4457;;
100410;0000;;50,2708;;
100411;0000;;19,9792;;
100412;0000;;38,325;;
100413;0000;;61,4708;;
100414;0000;;55,9874;;
100415;0000;;84,5166;;
100416;0000;;54,7374;;
100417;0000;;31,7083;;
100418;0000;;26,0958;;
100419;0000;;15,575;;
100420;0000;;22,9083;;
100421;0000;;50,8208;;
100422;0000;;95,7625;;
100423;0000;;49,15;;
100424;0000;;80,9333;;
100425;0000;;52,75;;
100426;0000;;61,7375;;
100427;0000;;54,4333;;
100428;0000;;58,5667;;
100429;0000;;67,9625;;
100430;0000;;86,5825;;
100501;0000;;;87,8116;
100502;0000;;;32,0552;
100503;0000;;;41,3726;
100504;0000;;;;
100505;0000;;;;
100506;0000;;;;
100507;0000;;;;
100508;0000;;;;
100509;0000;;;;
100510;0000;;;;
100511;0000;;;;
100512;0000;;;;
100513;0000;;;;
100514;0000;;;;
100515;0000;;156,441;;
100516;0000;;185,883;;
100517;0000;;60,9434;;
100518;0000;;45,3541;;
100519;0000;;121,512;;
100520;0000;;193,587;;
100521;0000;;176,412;;
100522;0000;;54,2999;;
100523;0000;;60,1957;;
100524;0000;;40,3541;;
100525;0000;;61,9458;;
100526;0000;;70,6207;;
100527;0000;;277,637;;
100528;0000;;278,566;;
100529;0000;;123,817;;
100530;0000;;322,795;;
100531;0000;;372,058;;
100601;0000;;131,179;;
100602;0000;;71,3707;;
100603;0000;;54,4083;;
100604;0000;;43,9041;;
100605;0000;;174,7;;
100606;0000;;107,2;;
100607;0000;;145,941;;
100608;0000;;290,945;;
100609;0000;;65,2915;;
100610;0000;;62,5958;;
100611;0000;;13,8458;;
100612;0000;;13,7167;;
100613;0000;;13,8708;;
100614;0000;;15,575;;
100615;0000;;68,0399;;
100616;0000;;44,1791;;
100617;0000;;27,4789;;
100618;0000;;;;
100619;0000;;;;
100620;0000;;;;
100621;0000;;;;
100622;0000;;;;
100623;0000;;;;
100624;0000;;;;
100625;0000;;;;
100626;0000;;;;
100627;0000;;;;
100628;0000;;;;
100629;0000;;;;
100630;0000;;;;
100701;0000;;;;
100702;0000;;;;
100703;0000;;;;
100704;0000;;;;
100705;0000;;;;
100706;0000;;;;
100707;0000;;;;
100708;0000;;;;
100709;0000;;;;
100710;0000;;;;
100711;0000;;;;
100712;0000;;;;
100713;0000;;;;
100714;0000;;;;
100715;0000;;;;
100716;0000;;;;
100717;0000;;;;
100718;0000;;;;
100719;0000;;;;
100720;0000;;;;
100721;0000;;;;
100722;0000;;;;
100723;0000;;;;
100724;0000;;;;
100725;0000;;;;
100726;0000;;;;
100727;0000;;;;
100728;0000;;;;
100729;0000;;;;
100730;0000;;;;
100731;0000;;;;
100801;0000;;;;
100802;0000;;;;
100803;0000;;;;
100804;0000;;;;
100805;0000;;;;
100806;0000;;;;
100807;0000;;;;
100808;0000;;;;
100809;0000;;;;
100810;0000;;;;
100811;0000;;;;
100812;0000;;;;
100813;0000;;;;
100814;0000;;;;
100815;0000;;;;
100816;0000;;;;
100817;0000;;;;
100818;0000;;;;
100819;0000;;;;
100820;0000;;;;
100821;0000;;;;
100822;0000;;;;
100823;0000;;;;
100824;0000;;;;
100825;0000;;;;
100826;0000;;29,275;;
100827;0000;;15,2667;;
100828;0000;;96,125;;
100829;0000;;;;
100830;0000;;;;
100831;0000;;74,3999;;
100901;0000;;;;
100902;0000;;;;
100903;0000;;;;
100904;0000;;;;
100905;0000;;;;
100906;0000;;;;
100907;0000;;26,0391;;
100908;0000;;38,1666;;
100909;0000;;57,6136;;
100910;0000;;61,4999;;
100911;0000;;60,1292;;
100912;0000;;59,0333;;
100913;0000;;48,035;;
100914;0000;;59,4041;;
100915;0000;;105,617;;
100916;0000;;65,1292;;
100917;0000;;95,6416;;
100918;0000;;67,2958;;
100919;0000;;45,7542;;
100920;0000;;45,7;;
100921;0000;;60,9083;;
100922;0000;;80,8666;;
100923;0000;;63,5541;;
100924;0000;;49,9166;;
100925;0000;;67,9791;;
100926;0000;;35,2875;;
100927;0000;;;;
100928;0000;;;;
100929;0000;;;;
100930;0000;;;;
101001;0000;;;;
101002;0000;;;;
101003;0000;;;;
101004;0000;;;;
101005;0000;;;;
101006;0000;;42,3773;;
101007;0000;;;;
101008;0000;;;;
101009;0000;;24,85;;
101010;0000;;17,1292;;
101011;0000;;14,3;;
101012;0000;;16,7333;;
101013;0000;;18,913;;
101014;0000;;;;
101015;0000;;23,2417;;
101016;0000;;27,6792;;
101017;0000;;26,2333;;
101018;0000;;30,9792;;
101019;0000;;17,5583;;
101020;0000;;;;
101021;0000;;;;
101022;0000;;14,6417;;
101023;0000;;25,2542;;
101024;0000;;39,6791;;
101025;0000;;15,9667;;
101026;0000;;16,3167;;
101027;0000;;10,5667;;
101028;0000;;17,2333;;
101029;0000;;14,7625;;
101030;0000;;17,65;;
101031;0000;;18,075;;
101101;0000;;19;;
101102;0000;;12,1958;;
101103;0000;;14,2083;;
101104;0000;;13,9041;;
101105;0000;;17,475;;
101106;0000;;14,6666;;
101107;0000;;15,6375;;
101108;0000;;23,7375;;
101109;0000;;19,6417;;
101110;0000;;12,7667;;
101111;0000;;12,9583;;
101112;0000;;12,4917;;
101113;0000;;11,425;;
101114;0000;;14,225;;
101115;0000;;13,5583;;
101116;0000;;11,4739;;
101117;0000;;10,1875;;
101118;0000;;9,33635;;
101119;0000;;16,0417;;
101120;0000;;15,2167;;
101121;0000;;16,325;;
101122;0000;;11,975;;
101123;0000;;13,7625;;
101124;0000;;13,2083;;
101125;0000;;14,2917;;
101126;0000;;12,2542;;
101127;0000;;14,6542;;
101128;0000;;17,0833;;
101129;0000;;16,3792;;
101130;0000;;17,1458;;
101201;0000;;15,4833;;
101202;0000;;16,4625;;
101203;0000;;20,5667;;
101204;0000;;12,825;;
101205;0000;;9,89999;;
101206;0000;;12,7375;;
101207;0000;;12,5417;;
101208;0000;;14,8125;;
101209;0000;;12,5182;;
101210;0000;;15,625;;
101211;0000;;27,5458;;
101212;0000;;31,3167;;
101213;0000;;12,8833;;
101214;0000;;11,7542;;
101215;0000;;8,73749;;
101216;0000;;10,5;;
101217;0000;;13,45;;
101218;0000;;15,6792;;
101219;0000;;15,3375;;
101220;0000;;14,7;;
101221;0000;;9,96666;;
101222;0000;;9,81665;;
101223;0000;;11,9041;;
101224;0000;;11,7833;;
101225;0000;;10,4208;;
101226;0000;;11,6625;;
101227;0000;;13,1458;;
101228;0000;;13,75;;
101229;0000;;12,7791;;
101230;0000;;19,0416;;
101231;0000;;18,1208;;
110101;0000;;13,6958;;
110102;0000;;15,5208;;
110103;0000;;12,7292;;
110104;0000;;13,3375;;
110105;0000;;13,6208;;
110106;0000;;13,175;;
110107;0000;;17,8684;;
110108;0000;;;;
110109;0000;;21,4;;
110110;0000;;;;
110111;0000;;30,7667;;
110112;0000;;;;
110113;0000;;43,1666;;
110114;0000;;23,5958;;
110115;0000;;27,15;;
110116;0000;;26,0045;;
110117;0000;;23,0478;;
110118;0000;;26,625;;
110119;0000;;25,3416;;
110120;0000;;18,8667;;
110121;0000;;21,65;;
110122;0000;;20,4458;;
110123;0000;;19,8208;;
110124;0000;;24,3917;;
110125;0000;;;;
110126;0000;;;;
110127;0000;;;;
110128;0000;;14,9333;;
110129;0000;;15,3167;;
110130;0000;;21,15;;
110131;0000;;15,5;;
110201;0000;;15,8292;;
110202;0000;;24,125;;
110203;0000;;17,4042;;
110204;0000;;18,1958;;
110205;0000;;17,55;;
110206;0000;;17,7791;;
110207;0000;;23,8416;;
110208;0000;;20,9208;;
110209;0000;;23,6875;;
110210;0000;;26,6739;;
110211;0000;;56,0047;;
110212;0000;;11,0792;;
110213;0000;;7,8826;;
110214;0000;;24,735;;
110215;0000;;;;
110216;0000;;11,3458;;
110217;0000;;;;
110218;0000;;;;
110219;0000;;17,7833;;
110220;0000;;18;;
110221;0000;;14,4875;;
110222;0000;;17,4833;;
110223;0000;;18,3625;;
110224;0000;;18,1261;;
110225;0000;;23,8916;;
110226;0000;;15,775;;
110227;0000;;12,4875;;
110228;0000;;17,5667;;
110301;0000;;17,0958;;
110302;0000;;18,4083;;
110303;0000;;18,475;;
110304;0000;;19,5083;;
110305;0000;;18,8;;
110306;0000;;13,9958;;
110307;0000;;18,6333;;
110308;0000;;19,7542;;
110309;0000;;20,7583;;
110310;0000;;23,3043;;
110311;0000;;26,2292;;
110312;0000;;28,2333;;
110313;0000;;23,2458;;
110314;0000;;22,6583;;
110315;0000;;26,1625;;
110316;0000;;28,1783;;
110317;0000;;28,7125;;
110318;0000;;34,1;;
110319;0000;;26,3917;;
110320;0000;;25,7905;;
110321;0000;;15,525;;
110322;0000;;;;
110323;0000;;28,075;;
110324;0000;;24,2375;;
110325;0000;;45,9625;;
110326;0000;;60,2333;;
110327;0000;;45,4916;;
110328;0000;;;;
110329;0000;;37,3273;;
110330;0000;;25,2292;;
110331;0000;;21,95;;
110401;0000;;54,7599;;
110402;0000;;29,7166;;
110403;0000;;20,3292;;
110404;0000;;27,7958;;
110405;0000;;24,1125;;
110406;0000;;23,0458;;
110407;0000;;26,7583;;
110408;0000;;54,0375;;
110409;0000;;73,7999;;
110410;0000;;37,55;;
110411;0000;;41,2542;;
110412;0000;;30,6791;;
110413;0000;;30,5348;;
110414;0000;;97,7374;;
110415;0000;;98,1542;;
110416;0000;;69,9375;;
110417;0000;;95,7869;;
110418;0000;;80,025;;
110419;0000;;67,6565;;
110420;0000;;51,0958;;
110421;0000;;24,7875;;
110422;0000;;32,7875;;
110423;0000;;39,2792;;
110424;0000;;57,1095;;
110425;0000;;;;
110426;0000;;;;
110427;0000;;;;
110428;0000;;;;
110429;0000;;;;
110430;0000;;;;
110501;0000;;137,037;;
110502;0000;;131,012;;
110503;0000;;96,8049;;
110504;0000;;81,5549;;
110505;0000;;;;
110506;0000;;;;
110507;0000;;93,0435;;
110508;0000;;68,3522;;
110509;0000;;107,042;;
110510;0000;;61,0833;;
110511;0000;;;;
110512;0000;;;;
110513;0000;;67,1083;;
110514;0000;;37,2333;;
110515;0000;;;;
110516;0000;;;;
110517;0000;;;;
110518;0000;;39,84;;
110519;0000;;;;
110520;0000;;88,0952;;
110521;0000;;61,1428;;
110522;0000;;141,521;;
110523;0000;;;;
110524;0000;;;;
110525;0000;;;;
110526;0000;;;;
110527;0000;;47,2684;;
110528;0000;;33,0478;;
110529;0000;;;;
110530;0000;;;;
110531;0000;;88,3809;;
110601;0000;;127,167;;
110602;0000;;88,819;;
110603;0000;;121,579;;
110604;0000;;48,7916;;
110605;0000;;73,4375;;
110606;0000;;58,0789;;
110607;0000;;;;
110608;0000;;;;
110609;0000;;26,57;;
110610;0000;;35,8455;;
110611;0000;;35,2542;;
110612;0000;;182,904;;
110613;0000;;297,186;;
110614;0000;;51,905;;
110615;0000;;43,725;;
110616;0000;;29,0583;;
110617;0000;;;;
110618;0000;;22,025;;
110619;0000;;42,4409;;
110620;0000;;136,656;;
110621;0000;;178,717;;
110622;0000;;101,471;;
110623;0000;;89,9521;;
110624;0000;;101,121;;
110625;0000;;112,291;;
110626;0000;;97,9583;;
110627;0000;;123,146;;
110628;0000;;55,013;;
110629;0000;;45,9739;;
110630;0000;;49,2762;;
110701;0000;;155,532;;
110702;0000;;199,733;;
110703;0000;;150,743;;
110704;0000;;224,112;;
110705;0000;;116,037;;
110706;0000;;187,258;;
110707;0000;;219,312;;
110708;0000;;81,0863;;
110709;0000;;45,4608;;
110710;0000;;64,8455;;
110711;0000;;45,3043;;
110712;0000;;42,6818;;
110713;0000;;23,8917;;
110714;0000;;21,4909;;
110715;0000;;33,35;;
110716;0000;;44,4542;;
110717;0000;;126,992;;
110718;0000;;85,8434;;
110719;0000;;118,895;;
110720;0000;;43,7542;;
110721;0000;;67,926;;
110722;0000;;72,1478;;
110723;0000;;150,192;;
110724;0000;;34,665;;
110725;0000;;43,5681;;
110726;0000;;46,4333;;
110727;0000;;33,3792;;
110728;0000;;58,4916;;
110729;0000;;110,704;;
110730;0000;;214,021;;
110731;0000;;135,275;;
110801;0000;;49,1166;;
110802;0000;;69,3417;;
110803;0000;;144,479;;
110804;0000;;35,7333;;
110805;0000;;28,5667;;
110806;0000;;94,1261;;
110807;0000;;113,112;;
110808;0000;;24,3917;;
110809;0000;;54,6739;;
110810;0000;;27,9952;;
110811;0000;;39,8869;;
110812;0000;;45,4166;;
110813;0000;;100,508;;
110814;0000;;128,988;;
110815;0000;;52,4435;;
110816;0000;;26,7875;;
110817;0000;;49,2625;;
110818;0000;;164,887;;
110819;0000;;215,412;;
110820;0000;;121,325;;
110821;0000;;175,554;;
110822;0000;;85,0541;;
110823;0000;;76,2999;;
110824;0000;;97,0416;;
110825;0000;;70,7999;;
110826;0000;;26,7875;;
110827;0000;;39,5261;;
110828;0000;;19,3708;;
110829;0000;;44,2708;;
110830;0000;;96,5375;;
110831;0000;;98,359;;
110901;0000;;42,9;;
110902;0000;;35,9833;;
110903;0000;;43,3916;;
110904;0000;;35,325;;
110905;0000;;54,9291;;
110906;0000;;96,7416;;
110907;0000;;72,1499;;
110908;0000;;35,7999;;
110909;0000;;34,0041;;
110910;0000;;41,0333;;
110911;0000;;35,3875;;
110912;0000;;56,4833;;
110913;0000;;122,579;;
110914;0000;;109,365;;
110915;0000;;53,0042;;
110916;0000;;75,0958;;
110917;0000;;99,8707;;
110918;0000;;42,6917;;
110919;0000;;43,7125;;
110920;0000;;28,7375;;
110921;0000;;33,9791;;
110922;0000;;47,0333;;
110923;0000;;72,8347;;
110924;0000;;59,9869;;
110925;0000;;78,25;;
110926;0000;;80,1;;
110927;0000;;45,8083;;
110928;0000;;27,1;;
110929;0000;;28,5826;;
110930;0000;;39,45;;
111001;0000;;48,25;;
111002;0000;;39,8348;;
111003;0000;;35,4083;;
111004;0000;;53,3909;;
111005;0000;;37,3458;;
111006;0000;;23,5773;;
111007;0000;;34,687;;
111008;0000;;34,9435;;
111009;0000;;45,5782;;
111010;0000;;37,3;;
111011;0000;;41,45;;
111012;0000;;31,1909;;
111013;0000;;36,0136;;
111014;0000;;31,375;;
111015;0000;;33,5826;;
111016;0000;;32,3125;;
111017;0000;;42,4125;;
111018;0000;;32,55;;
111019;0000;;43,6619;;
111020;0000;;42,925;;
111021;0000;;36,2;;
111022;0000;;50,2636;;
111023;0000;;48,1434;;
111024;0000;;;;
111025;0000;;23,2333;;
111026;0000;;21,6905;;
111027;0000;;15,7667;;
111028;0000;;15,155;;
111029;0000;;11,9826;;
111030;0000;;15,8458;;
111031;0000;;30,3;;
111101;0000;;10,8333;;
111102;0000;;14,2956;;
111103;0000;;15,0875;;
111104;0000;;11,1545;;
111105;0000;;12,5454;;
111106;0000;;12,9783;;
111107;0000;;11,9435;;
111108;0000;;14,0417;;
111109;0000;;19,5522;;
111110;0000;;14,9522;;
111111;0000;;16,8217;;
111112;0000;;13,7792;;
111113;0000;;11,9522;;
111114;0000;;11,7348;;
111115;0000;;15,2167;;
111116;0000;;15,1458;;
111117;0000;;14,3125;;
111118;0000;;12,5375;;
111119;0000;;15;;
111120;0000;;12,375;;
111121;0000;;16,9583;;
111122;0000;;14,5174;;
111123;0000;;16,0695;;
111124;0000;;15,5625;;
111125;0000;;13,3043;;
111126;0000;;12,5136;;
111127;0000;;13,7042;;
111128;0000;;11,8391;;
111129;0000;;12,1522;;
111130;0000;;12,1917;;
111201;0000;;14,8167;;
111202;0000;;16,7042;;
111203;0000;;13,3208;;
111204;0000;;13,9083;;
111205;0000;;16,5291;;
111206;0000;;13,9542;;
111207;0000;;14,2333;;
111208;0000;;12,1381;;
111209;0000;;12,9571;;
111210;0000;;13,1913;;
111211;0000;;12,3182;;
111212;0000;;15,4708;;
111213;0000;;11,3125;;
111214;0000;;12,825;;
111215;0000;;12,4667;;
111216;0000;;11,0125;;
111217;0000;;12,4292;;
111218;0000;;12;;
111219;0000;;13,613;;
111220;0000;;13,7391;;
111221;0000;;15,1762;;
111222;0000;;11,325;;
111223;0000;;15,475;;
111224;0000;;11,4625;;
111225;0000;;15,8708;;
111226;0000;;15,3454;;
111227;0000;;13,7;;
111228;0000;;14,905;;
111229;0000;;;;
111230;0000;;16,25;;
111231;0000;;13,8136;;
120101;0000;;9,52631;;
120102;0000;;12,6625;;
120103;0000;;11,6522;;
120104;0000;;13,3375;;
120105;0000;;12,3047;;
120106;0000;;15,5;;
120107;0000;;15,7042;;
120108;0000;;14,9565;;
120109;0000;;11,3571;;
120110;0000;;10,4682;;
120111;0000;;9,2619;;
120112;0000;;7,19166;;
120113;0000;;7,825;;
120114;0000;;9,47083;;
120115;0000;;5,19583;;
120116;0000;;7,57082;;
120117;0000;;5,57083;;
120118;0000;;6,68333;;
120119;0000;;6,20416;;
120120;0000;;5,63913;;
120121;0000;;6,81304;;
120122;0000;;6,60909;;
120123;0000;;8,39999;;
120124;0000;;7,72499;;
120125;0000;;12,0695;;
120126;0000;;8,5;;
120127;0000;;8,34285;;
120128;0000;;6,74166;;
120129;0000;;6,45909;;
120130;0000;;6,38571;;
120131;0000;;6,4826;;
120201;0000;;6,76521;;
120202;0000;;5,7;;
120203;0000;;6,57083;;
120204;0000;;6,14583;;
120205;0000;;6,09166;;
120206;0000;;7,43749;;
120207;0000;;6,06667;;
120208;0000;;7,66087;;
120209;0000;;8,72499;;
120210;0000;;5,78333;;
120211;0000;;6,05416;;
120212;0000;;6,47083;;
120213;0000;;5,95416;;
120214;0000;;10,575;;
120215;0000;;7,20416;;
120216;0000;;7,14999;;
120217;0000;;7,21666;;
120218;0000;;4,65238;;
120219;0000;;5,60833;;
120220;0000;;7,31249;;
120221;0000;;6,00417;;
120222;0000;;7,02916;;
120223;0000;;6,375;;
120224;0000;;10,5167;;
120225;0000;;5,02916;;
120226;0000;;6,2;;
120227;0000;;4,75238;;
120228;0000;;5,925;;
120229;0000;;7,14999;;
120301;0000;;9,53477;;
120302;0000;;11,48;;
120303;0000;;8,75908;;
120304;0000;;8,8826;;
120305;0000;;9,58182;;
120306;0000;;11,1174;;
120307;0000;;6,36666;;
120308;0000;;;;
120309;0000;;;;
120310;0000;;;;
120311;0000;;;;
120312;0000;;;;
120313;0000;;10,7954;;
120314;0000;;10,4667;;
120315;0000;;19,3652;;
120316;0000;;9,50833;;
120317;0000;;11,9917;;
120318;0000;;18,9739;;
120319;0000;;10,2818;;
120320;0000;;6,89999;;
120321;0000;;7,85;;
120322;0000;;9,42082;;
120323;0000;;8,88333;;
120324;0000;;8,97826;;
120325;0000;;8,07083;;
120326;0000;;9,06667;;
120327;0000;;12,6375;;
120328;0000;;7,93181;;
120329;0000;;;;
120330;0000;;;;
120331;0000;;9,6875;;
120401;0000;;9,94347;;
120402;0000;;11,3286;;
120403;0000;;15,5526;;
120404;0000;;15,8565;;
120405;0000;;17,5409;;
120406;0000;;11,5905;;
120407;0000;;17,0909;;
120408;0000;;17,25;;
120409;0000;;22,2047;;
120410;0000;;47,0952;;
120411;0000;;51,3227;;
120412;0000;;48,9261;;
120413;0000;;29,1772;;
120414;0000;;49,8318;;
120415;0000;;;;
120416;0000;;33,9218;;
120417;0000;;;;
120418;0000;;90,7916;;
120419;0000;;37,825;;
120420;0000;;50,0583;;
120421;0000;;37,2583;;
120422;0000;;45,1625;;
120423;0000;;;;
120424;0000;;48,4708;;
120425;0000;;33,8167;;
120426;0000;;70,7708;;
120427;0000;;80,9781;;
120428;0000;;24,15;;
120429;0000;;17,4625;;
120430;0000;;28,3708;;
120501;0000;;43,3208;;
120502;0000;;24,825;;
120503;0000;;59,4791;;
120504;0000;;87,4166;;
120505;0000;;36,0208;;
120506;0000;;22,1545;;
120507;0000;;34,9545;;
120508;0000;;79,7434;;
120509;0000;;62,0409;;
120510;0000;;33,2809;;
120511;0000;;39,9636;;
120512;0000;;84,813;;
120513;0000;;75,8226;;
120514;0000;;83,8826;;
120515;0000;;39,3696;;
120516;0000;;36,6;;
120517;0000;;41,6652;;
120518;0000;;33,8958;;
120519;0000;;37,0818;;
120520;0000;;57,0222;;
120521;0000;;122,295;;
120522;0000;;191,733;;
120523;0000;;121,404;;
120524;0000;;203,504;;
120525;0000;;36,3913;;
120526;0000;;6,99564;;
120527;0000;;13,7696;;
120528;0000;;8,49445;;
120529;0000;;50,0792;;
120530;0000;;78,1499;;
120531;0000;;88,0917;;
120601;0000;;11,9348;;
120602;0000;;19,3272;;
120603;0000;;28,5476;;
120604;0000;;158,6;;
120605;0000;;126,175;;
120606;0000;;199,637;;
120607;0000;;114,683;;
120608;0000;;191,93;;
120609;0000;;278,529;;
120610;0000;;214,596;;
120611;0000;;76,6086;;
120612;0000;;25,7143;;
120613;0000;;57,6782;;
120614;0000;;158,57;;
120615;0000;;;;
120616;0000;;;;
120617;0000;;28,875;;
120618;0000;;62,6;;
120619;0000;;21,55;;
120620;0000;;15,325;;
120621;0000;;16,3545;;
120622;0000;;;;
120623;0000;;14,5458;;
120624;0000;;125,287;;
120625;0000;;225,395;;
120626;0000;;138,961;;
120627;0000;;23,3375;;
120628;0000;;;;
120629;0000;;;;
120630;0000;;71,9857;;
120701;0000;;52,7478;;
120702;0000;;121,787;;
120703;0000;;41,5261;;
120704;0000;;62,8857;;
120705;0000;;80,6542;;
120706;0000;;37,9565;;
120707;0000;;42,8869;;
120708;0000;;92,2303;;
120709;0000;;139,375;;
120710;0000;;170,425;;
120711;0000;;80,0416;;
120712;0000;;87,3125;;
120713;0000;;93,9708;;
120714;0000;;135,292;;
120715;0000;;152,671;;
120716;0000;;290,667;;
120717;0000;;148,462;;
120718;0000;;110,778;;
120719;0000;;116,779;;
120720;0000;;46,3364;;
120721;0000;;168,943;;
120722;0000;;129,43;;
120723;0000;;174,904;;
120724;0000;;275,854;;
120725;0000;;206,056;;
120726;0000;;172,05;;
120727;0000;;;;
120728;0000;;113,648;;
120729;0000;;187,505;;
120730;0000;;220,871;;
120731;0000;;83,6458;;
120801;0000;;18,0695;;
120802;0000;;14,287;;
120803;0000;;64,9042;;
120804;0000;;158,826;;
120805;0000;;45,9583;;
120806;0000;;;;
120807;0000;;;;
120808;0000;;;;
120809;0000;;38,1174;;
120810;0000;;130,633;;
120811;0000;;110,533;;
120812;0000;;42,0652;;
120813;0000;;38,413;;
120814;0000;;18,1087;;
120815;0000;;14,2;;
120816;0000;;21,1435;;
120817;0000;;36,3348;;
120818;0000;;61,8434;;
120819;0000;;59,2291;;
120820;0000;;44,5583;;
120821;0000;;58,7783;;
120822;0000;;64,7864;;
120823;0000;;95,1304;;
120824;0000;;132,587;;
120825;0000;;149,878;;
120826;0000;;209,196;;
120827;0000;;117,292;;
120828;0000;;129,821;;
120829;0000;;68,6333;;
120830;0000;;107,737;;
120831;0000;;71,1666;;
120901;0000;;97,326;;
120902;0000;;23,6783;;
120903;0000;;40,1125;;
120904;0000;;54,7083;;
120905;0000;;59,4875;;
120906;0000;;43,675;;
120907;0000;;26,8217;;
120908;0000;;76,5583;;
120909;0000;;41,2875;;
120910;0000;;92,7709;;
120911;0000;;32,65;;
120912;0000;;47,3583;;
120913;0000;;;;
120914;0000;;;;
120915;0000;;;;
120916;0000;;;;
120917;0000;;;;
120918;0000;;;;
120919;0000;;;;
120920;0000;;;;
120921;0000;;;;
120922;0000;;;;
120923;0000;;;;
120924;0000;;;;
120925;0000;;;;
120926;0000;;;;
120927;0000;;42,1542;;
120928;0000;;27,875;;
120929;0000;;27,575;;
120930;0000;;28,4708;;
121001;0000;;48,875;;
121002;0000;;37,6833;;
121003;0000;;31,3083;;
121004;0000;;21,9208;;
121005;0000;;31,3167;;
121006;0000;;39,4625;;
121007;0000;;24,25;;
121008;0000;;31,7708;;
121009;0000;;12,5632;;
121010;0000;;14,775;;
121011;0000;;12,2364;;
121012;0000;;12,9;;
121013;0000;;7,34167;;
121014;0000;;8,49582;;
121015;0000;;10,0542;;
121016;0000;;14,2917;;
121017;0000;;16,8667;;
121018;0000;;13,5875;;
121019;0000;;15,8913;;
121020;0000;;;;
121021;0000;;;;
121022;0000;;;;
121023;0000;;;;
121024;0000;;;;
121025;0000;;;;
121026;0000;;;;
121027;0000;;;;
121028;0000;;;;
121029;0000;;;;
121030;0000;;;;
121031;0000;;;;
121101;0000;;;;
121102;0000;;;;
121103;0000;;;;
121104;0000;;;;
121105;0000;;;;
121106;0000;;;;
121107;0000;;;;
121108;0000;;;;
121109;0000;;;;
121110;0000;;;;
121111;0000;;;;
121112;0000;;;;
121113;0000;;;;
121114;0000;;;;
121115;0000;;;;
121116;0000;;;;
121117;0000;;;;
121118;0000;;;;
121119;0000;;;;
121120;0000;;;;
121121;0000;;;;
121122;0000;;;;
121123;0000;;;;
121124;0000;;;;
121125;0000;;;;
121126;0000;;;;
121127;0000;;;;
121128;0000;;;;
121129;0000;;;;
121130;0000;;;;
121201;0000;;;;
121202;0000;;;;
121203;0000;;;;
121204;0000;;;;
121205;0000;;;;
121206;0000;;;;
121207;0000;;;;
121208;0000;;;;
121209;0000;;;;
121210;0000;;;;
121211;0000;;;;
121212;0000;;;;
121213;0000;;;;
121214;0000;;;;
121215;0000;;;;
121216;0000;;;;
121217;0000;;;;
121218;0000;;;;
121219;0000;;;;
121220;0000;;;;
121221;0000;;;;
121222;0000;;;;
121223;0000;;;;
121224;0000;;;;
121225;0000;;;;
121226;0000;;;;
121227;0000;;;;
121228;0000;;;;
121229;0000;;;;
121230;0000;;;;
121231;0000;;;;
130101;0000;;;;
130102;0000;;;;
130103;0000;;;;
130104;0000;;;;
130105;0000;;;;
130106;0000;;;;
130107;0000;;;;
130108;0000;;;;
130109;0000;;;;
130110;0000;;;;
130111;0000;;;;
130112;0000;;;;
130113;0000;;;;
130114;0000;;;;
130115;0000;;;;
130116;0000;;;;
130117;0000;;;;
130118;0000;;;;
130119;0000;;;;
130120;0000;;;;
130121;0000;;;;
130122;0000;;;;
130123;0000;;;;
130124;0000;;;;
130125;0000;;;;
130126;0000;;;;
130127;0000;;;;
130128;0000;;;;
130129;0000;;;;
130130;0000;;;;
130131;0000;;;;
130201;0000;;;;
130202;0000;;;;
130203;0000;;;;
130204;0000;;;;
130205;0000;;;;
130206;0000;;;;
130207;0000;;;;
130208;0000;;;;
130209;0000;;;;
130210;0000;;;;
130211;0000;;;;
130212;0000;;;;
130213;0000;;;;
130214;0000;;;;
130215;0000;;;;
130216;0000;;;;
130217;0000;;;;
130218;0000;;;;
130219;0000;;;;
130220;0000;;;;
130221;0000;;;;
130222;0000;;;;
130223;0000;;;;
130224;0000;;;;
130225;0000;;;;
130226;0000;;;;
130227;0000;;;;
130228;0000;;;;
130301;0000;2,43478;;;
130302;0000;4,14999;;;
130303;0000;;;;
130304;0000;8,83333;;;
130305;0000;10,4783;;;
130306;0000;7,625;;;
130307;0000;6,375;;;
130308;0000;7,25;;;
130309;0000;9,33333;;;
130310;0000;8,68181;;;
130311;0000;6,78261;;;
130312;0000;7,5;;;
130313;0000;9,20833;;;
130314;0000;6,125;;;
130315;0000;;;;
130316;0000;;;;
130317;0000;;;;
130318;0000;;;;
130319;0000;16,6667;;;
130320;0000;20,5;;;
130321;0000;9,45833;;;
130322;0000;17,8333;;;
130323;0000;11,0833;;;
130324;0000;9,95454;;;
130325;0000;6,66666;;;
130326;0000;6,75;;;
130327;0000;14,0435;;;
130328;0000;9,25;;;
130329;0000;12,0417;;;
130330;0000;11,4091;;;
130331;0000;13,1667;;;
130401;0000;18;;;
130402;0000;10,2083;;;
130403;0000;16,7083;;;
130404;0000;14,9583;;;
130405;0000;15,5;;;
130406;0000;43,2083;;;
130407;0000;39,125;;;
130408;0000;47,9583;;;
130409;0000;43,375;;;
130410;0000;25,7917;;;
130411;0000;47,5833;;;
130412;0000;69,7083;;;
130413;0000;108,25;;;
130414;0000;126,167;;;
130415;0000;34,4583;;;
130416;0000;36,4583;;;
130417;0000;;;;
130418;0000;;;150,667;
130419;0000;18,9;;;
130420;0000;11,5417;;;
130421;0000;18,5417;;;
130422;0000;13,7083;;;
130423;0000;19;;;
130424;0000;30,3333;;;
130425;0000;52,7083;;;
130426;0000;69,9166;;;
130427;0000;67,2916;;;
130428;0000;62,375;;;
130429;0000;52,0833;;;
130430;0000;22,3333;;;
130501;0000;16,5;;;
130502;0000;11,25;;;
130503;0000;14,9565;;;
130504;0000;75,125;;;
130505;0000;58,5416;;;
130506;0000;104,458;;;
130507;0000;87,6666;;;
130508;0000;67,4166;;;
130509;0000;;;;
130510;0000;18,619;;;
130511;0000;34,6522;;;
130512;0000;55,1739;;;
130513;0000;41,6364;;;
130514;0000;94,8695;;;
130515;0000;163,042;;;
130516;0000;148,333;;;
130517;0000;157,083;;;
130518;0000;122,458;;;
130519;0000;159,208;;;
130520;0000;92,7142;;;
130521;0000;;;;
130522;0000;;;770,75;
130523;0000;59,9583;;;
130524;0000;37,5;;;
130525;0000;21,9167;;;
130526;0000;18,125;;;
130527;0000;10,9;;;
130528;0000;15,8333;;;
130529;0000;45,6666;;;
130530;0000;27,4167;;;
130531;0000;16,375;;;
130601;0000;36,4583;;;
130602;0000;29,625;;;
130603;0000;73,4583;;;
130604;0000;42,4348;;;
130605;0000;122,348;;;
130606;0000;147,5;;;
130607;0000;88,4583;;;
130608;0000;180,583;;;
130609;0000;;;154,208;
130610;0000;;;285,091;
130611;0000;176,956;;;
130612;0000;95,7083;;;
130613;0000;68,375;;;
130614;0000;77,4166;;;
130615;0000;25,5217;;;
130616;0000;135,958;;;
130617;0000;33,6666;;;
130618;0000;87,9166;;;
130619;0000;191,045;;;
130620;0000;105,667;;;
130621;0000;22;;;
130622;0000;135;;;
130623;0000;145,292;;;
130624;0000;;;72,6666;
130625;0000;136,75;;;
130626;0000;19,9565;;;
130627;0000;;;3,21053;
130628;0000;;;;
130629;0000;;;60,7916;
130630;0000;34,2173;;;
130701;0000;24;;;
130702;0000;;;;
130703;0000;;;;
130704;0000;72,7727;;;
130705;0000;95,375;;;
130706;0000;77,9166;;;
130707;0000;201,583;;;
130708;0000;94;;;
130709;0000;12,4348;;;
130710;0000;33,4285;;;
130711;0000;37,875;;;
130712;0000;54,0416;;;
130713;0000;56,2083;;;
130714;0000;36,3333;;;
130715;0000;67,6521;;;
130716;0000;45,0833;;;
130717;0000;70,1364;;;
130718;0000;131,333;;;
130719;0000;48,3913;;;
130720;0000;90,1738;;;
130721;0000;255,917;;;
130722;0000;150,167;;;
130723;0000;103,917;;;
130724;0000;103,792;;;
130725;0000;30,5;;;
130726;0000;74;;;
130727;0000;53,5217;;;
130728;0000;80,2083;;;
130729;0000;35;;;
130730;0000;33,0833;;;
130731;0000;98,4781;;;
130801;0000;97,9166;;;
130802;0000;49;;;
130803;0000;17,5;;;
130804;0000;12,125;;;
130805;0000;26,25;;;
130806;0000;27,2083;;;
130807;0000;41,2916;;;
130808;0000;96,4166;;;
130809;0000;110,25;;;
130810;0000;26,7083;;;
130811;0000;22,625;;;
130812;0000;131,083;;;
130813;0000;159,167;;;
130814;0000;92,9166;;;
130815;0000;49,625;;;
130816;0000;73,875;;;
130817;0000;104,125;;;
130818;0000;39,125;;;
130819;0000;74,5454;;;
130820;0000;61,7083;;;
130821;0000;52,5;;;
130822;0000;103,75;;;
130823;0000;41,75;;;
130824;0000;53,0416;;;
130825;0000;133,5;;;
130826;0000;46,125;;;
130827;0000;46,9583;;;
130828;0000;34,6666;;;
130829;0000;18,4167;;;
130830;0000;36,875;;;
130831;0000;34,125;;;
130901;0000;45,375;;;
130902;0000;58;;;
130903;0000;61,9166;;;
130904;0000;34,0416;;;
130905;0000;28,125;;;
130906;0000;20,9167;;;
130907;0000;11,0833;;;
130908;0000;16,3333;;;
130909;0000;7,25;;;
130910;0000;16,4583;;;
130911;0000;29,125;;;
130912;0000;67,375;;;
130913;0000;90,0833;;;
130914;0000;56,4583;;;
130915;0000;36,7916;;;
130916;0000;50,5;;;
130917;0000;45,5416;;;
130918;0000;73,2083;;;
130919;0000;34,7916;;;
130920;0000;27,375;;;
130921;0000;65,3333;;;
130922;0000;51,5;;;
130923;0000;45,7083;;;
130924;0000;30,15;;;
130925;0000;24,7083;;;
130926;0000;19,7083;;;
130927;0000;73;;;
130928;0000;81,4166;;;
130929;0000;58;;;
130930;0000;23,4583;;;
131001;0000;29,5417;;;
131002;0000;32,7083;;;
131003;0000;29,0833;;;
131004;0000;25;;;
131005;0000;22,125;;;
131006;0000;14,5833;;;
131007;0000;17,7917;;;
131008;0000;26;;;
131009;0000;23,9167;;;
131010;0000;15,9583;;;
131011;0000;8,625;;;
131012;0000;6,45833;;;
131013;0000;16,9583;;;
131014;0000;17,25;;;
131015;0000;4,91666;;;
131016;0000;5,625;;;
131017;0000;12,375;;;
131018;0000;12;;;
131019;0000;10,0833;;;
131020;0000;8,20833;;;
131021;0000;13,5;;;
131022;0000;27,6667;;;
131023;0000;24,0417;;;
131024;0000;18,5417;;;
131025;0000;9,625;;;
131026;0000;7,16666;;;
131027;0000;6,75;;;
131028;0000;12,2083;;;
131029;0000;8,91666;;;
131030;0000;10,1667;;;
131031;0000;6,29166;;;
131101;0000;8,125;;;
131102;0000;6,625;;;
131103;0000;4,45833;;;
131104;0000;7,41666;;;
131105;0000;8,5;;;
131106;0000;11,125;;;
131107;0000;5,54166;;;
131108;0000;12,4167;;;
131109;0000;7,60869;;;
131110;0000;5,41666;;;
131111;0000;7,375;;;
131112;0000;11,2083;;;
131113;0000;7,41666;;;
131114;0000;7,20833;;;
131115;0000;6,08333;;;
131116;0000;5,29166;;;
131117;0000;4,58333;;;
131118;0000;6,08333;;;
131119;0000;6;;;
131120;0000;7,73913;;;
131121;0000;6,58333;;;
131122;0000;5,375;;;
131123;0000;7,875;;;
131124;0000;6,13043;;;
131125;0000;5,875;;;
131126;0000;6,29166;;;
131127;0000;3,86956;;;
131128;0000;3,625;;;
131129;0000;2,16666;;;
131130;0000;4,16666;;;
131201;0000;1,66667;;;
131202;0000;2,625;;;
131203;0000;4,41666;;;
131204;0000;3;;;
131205;0000;2,79166;;;
131206;0000;2,375;;;
131207;0000;2,16666;;;
131208;0000;4,625;;;
131209;0000;2,30434;;;
131210;0000;2,125;;;
131211;0000;2,91666;;;
131212;0000;3,25;;;
131213;0000;2,66666;;;
131214;0000;3,04348;;;
131215;0000;2,54166;;;
131216;0000;5,3913;;;
131217;0000;2,875;;;
131218;0000;3,91666;;;
131219;0000;2,66666;;;
131220;0000;2;;;
131221;0000;3,70833;;;
131222;0000;5,83333;;;
131223;0000;5,33333;;;
131224;0000;3,875;;;
131225;0000;3,125;;;
131226;0000;2,41666;;;
131227;0000;3,58333;;;
131228;0000;4,41666;;;
131229;0000;2,04166;;;
131230;0000;3,41666;;;
131231;0000;4,08333;;;
140101;0000;4,45833;;;
140102;0000;4,125;;;
140103;0000;4,33333;;;
140104;0000;4,04166;;;
140105;0000;5,875;;;
140106;0000;4;;;
140107;0000;4,29166;;;
140108;0000;4,83333;;;
140109;0000;5,5;;;
140110;0000;4,16666;;;
140111;0000;4;;;
140112;0000;4,33333;;;
140113;0000;4;;;
140114;0000;4,08333;;;
140115;0000;7,83333;;;
140116;0000;9,45833;;;
140117;0000;9;;;
140118;0000;4,66666;;;
140119;0000;5,33333;;;
140120;0000;4,54166;;;
140121;0000;4;;;
140122;0000;4,16666;;;
140123;0000;4,41666;;;
140124;0000;5,60869;;;
140125;0000;4,29166;;;
140126;0000;4,04166;;;
140127;0000;4,375;;;
140128;0000;4,20833;;;
140129;0000;4,20833;;;
140130;0000;4,56522;;;
140131;0000;4,04166;;;
140201;0000;4,54166;;;
140202;0000;5,29166;;;
140203;0000;4,33333;;;
140204;0000;5,70833;;;
140205;0000;4,16666;;;
140206;0000;5,83333;;;
140207;0000;4,75;;;
140208;0000;4,29166;;;
140209;0000;4,08333;;;
140210;0000;4,16666;;;
140211;0000;4,125;;;
140212;0000;5,875;;;
140213;0000;5,5;;;
140214;0000;9,16666;;;
140215;0000;5,91666;;;
140216;0000;5,04166;;;
140217;0000;4,04166;;;
140218;0000;4,25;;;
140219;0000;5,08695;;;
140220;0000;5,04166;;;
140221;0000;4,95833;;;
140222;0000;4,41666;;;
140223;0000;4,08333;;;
140224;0000;7,41666;;;
140225;0000;8,41666;;;
140226;0000;6,04166;;;
140227;0000;5,54166;;;
140228;0000;8;;;
140301;0000;5,20833;;;
140302;0000;5,29166;;;
140303;0000;4,54166;;;
140304;0000;7,33333;;;
140305;0000;5,16666;;;
140306;0000;7,41666;;;
140307;0000;5,58333;;;
140308;0000;12,2083;;;
140309;0000;6,04166;;;
140310;0000;10,0952;;;
140311;0000;4,20833;;;
140312;0000;4,58333;;;
140313;0000;4,45833;;;
140314;0000;5,875;;;
140315;0000;4,20833;;;
140316;0000;5;;;
140317;0000;7,15789;;;
140318;0000;13;;;
140319;0000;9,63635;;;
140320;0000;14,5;;;
140321;0000;34,6086;;;
140322;0000;18,8333;;;
140323;0000;8,5;;;
140324;0000;9,95651;;;
140325;0000;21,3333;;;
140326;0000;25,875;;;
140327;0000;22,0833;;;
140328;0000;27,25;;;
140329;0000;13,5417;;;
140330;0000;15,3043;;;
140331;0000;42,826;;;
140401;0000;45,7083;;;
140402;0000;42,826;;;
140403;0000;22,75;;;
140404;0000;33,375;;;
140405;0000;32,25;;;
140406;0000;17,8421;;;
140407;0000;48,619;;;
140408;0000;19,5833;;;
140409;0000;25,8333;;;
140410;0000;27,7083;;;
140411;0000;27,75;;;
140412;0000;;;;
140413;0000;;;;
140414;0000;;;;
140415;0000;16,9167;;;
140416;0000;30,125;;;
140417;0000;47,7391;;;
140418;0000;61,75;;;
140419;0000;75,25;;;
140420;0000;70,7083;;;
140421;0000;15,5417;;;
140422;0000;12,6667;;;
140423;0000;14,375;;;
140424;0000;48,8333;;;
140425;0000;93;;;
140426;0000;33,4166;;;
140427;0000;77,9166;;;
140428;0000;79,4166;;;
140429;0000;101,5;;;
140430;0000;32,25;;;
140501;0000;55,7916;;;
140502;0000;29;;;
140503;0000;8,58333;;;
140504;0000;46,5;;;
140505;0000;58,0435;;;
140506;0000;22,5833;;;
140507;0000;11,9167;;;
140508;0000;14,2083;;;
140509;0000;32,25;;;
140510;0000;49,5;;;
140511;0000;70,7083;;;
140512;0000;43,826;;;
140513;0000;50,2916;;;
140514;0000;42,7916;;;
140515;0000;22,4583;;;
140516;0000;94,0833;;;
140517;0000;198,958;;;
140518;0000;20,2917;;;
140519;0000;29,5;;;
140520;0000;23,9167;;;
140521;0000;52,8333;;;
140522;0000;94,5833;;;
140523;0000;121,667;;;
140524;0000;134,583;;;
140525;0000;64,875;;;
140526;0000;51,2916;;;
140527;0000;97,375;;;
140528;0000;25,0435;;;
140529;0000;35,5416;;;
140530;0000;19,6667;;;
140531;0000;13,5417;;;
140601;0000;8,5;;;
140602;0000;8,08333;;;
140603;0000;32,2083;;;
140604;0000;23,8333;;;
140605;0000;28,375;;;
140606;0000;16,1667;;;
140607;0000;16,0833;;;
140608;0000;19,2083;;;
140609;0000;34,5217;;;
140610;0000;9,25;;;
140611;0000;61,2916;;;
140612;0000;75,4166;;;
140613;0000;23;;;
140614;0000;14,75;;;
140615;0000;67,8333;;;
140616;0000;127,478;;;
140617;0000;173,833;;;
140618;0000;121,208;;;
140619;0000;100,083;;;
140620;0000;73,2916;;;
140621;0000;16,125;;;
140622;0000;18;;;
140623;0000;76,2609;;;
140624;0000;181,458;;;
140625;0000;202,958;;;
140626;0000;66,0416;;;
140627;0000;139,833;;;
140628;0000;124,958;;;
140629;0000;36,875;;;
140630;0000;37,4583;;;
140701;0000;36,2916;;;
140702;0000;38,9583;;;
140703;0000;35,125;;;
140704;0000;56,8333;;;
140705;0000;75,2916;;;
140706;0000;52,4166;;;
140707;0000;67,826;;;
140708;0000;126,042;;;
140709;0000;230,25;;;
140710;0000;142,958;;;
140711;0000;58,5833;;;
140712;0000;38,875;;;
140713;0000;42,9583;;;
140714;0000;15,2917;;;
140715;0000;29,7083;;;
140716;0000;31,125;;;
140717;0000;98,75;;;
140718;0000;151,125;;;
140719;0000;159,083;;;
140720;0000;86;;;
140721;0000;45,5416;;;
140722;0000;80,75;;;
140723;0000;143,417;;;
140724;0000;51,5833;;;
140725;0000;39,8333;;;
140726;0000;49,2916;;;
140727;0000;5,91666;;;
140728;0000;20,625;;;
140729;0000;34,0833;;;
140730;0000;44,6666;;;
140731;0000;15,2917;;;
140801;0000;11,7083;;;
140802;0000;15,8333;;;
140803;0000;43,875;;;
140804;0000;91;;;
140805;0000;22,6087;;;
140806;0000;38,7083;;;
140807;0000;68,5416;;;
140808;0000;50,0833;;;
140809;0000;63,875;;;
140810;0000;94,125;;;
140811;0000;43,0833;;;
140812;0000;166;;;
140813;0000;153,583;;;
140814;0000;148,375;;;
140815;0000;73,4166;;;
140816;0000;60,5833;;;
140817;0000;65,5;;;
140818;0000;87,9583;;;
140819;0000;50,2083;;;
140820;0000;56,8333;;;
140821;0000;73;;;
140822;0000;45,5416;;;
140823;0000;13,25;;;
140824;0000;34,6666;;;
140825;0000;51,8333;;;
140826;0000;68,9583;;;
140827;0000;52,2083;;;
140828;0000;37,8571;;;
140829;0000;25,9167;;;
140830;0000;26,375;;;
140831;0000;24;;;
140901;0000;6,65217;;;
140902;0000;14,5417;;;
140903;0000;41,5833;;;
140904;0000;71,0833;;;
140905;0000;9,29166;;;
140906;0000;13,7917;;;
140907;0000;10,75;;;
140908;0000;19,9583;;;
140909;0000;30,7083;;;
140910;0000;98,0435;;;
140911;0000;89,1666;;;
140912;0000;33,5;;;
140913;0000;51,4166;;;
140914;0000;42,9166;;;
140915;0000;42,8333;;;
140916;0000;24,5417;;;
140917;0000;35,7083;;;
140918;0000;17;;;
140919;0000;28,2917;;;
140920;0000;17,75;;;
140921;0000;11,9167;;;
140922;0000;15,9583;;;
140923;0000;25,8695;;;
140924;0000;15,4762;;;
140925;0000;27,125;;;
140926;0000;26,5;;;
140927;0000;16,4167;;;
140928;0000;10,4583;;;
140929;0000;24,3333;;;
140930;0000;22,0417;;;
141001;0000;37,9583;;;
141002;0000;27,8333;;;
141003;0000;17,125;;;
141004;0000;19,4167;;;
141005;0000;40,4583;;;
141006;0000;31,6667;;;
141007;0000;12,5;;;
141008;0000;22,2609;;;
141009;0000;37,4166;;;
141010;0000;49,4782;;;
141011;0000;18,8333;;;
141012;0000;16,8333;;;
141013;0000;26,625;;;
141014;0000;20,875;;;
141015;0000;12,9583;;;
141016;0000;12,25;;;
141017;0000;13,0833;;;
141018;0000;24,4167;;;
141019;0000;15,125;;;
141020;0000;8,79166;;;
141021;0000;7,375;;;
141022;0000;6,70833;;;
141023;0000;8,54166;;;
141024;0000;10,75;;;
141025;0000;11,375;;;
141026;0000;5,29166;;;
141027;0000;10,1667;;;
141028;0000;6,56522;;;
141029;0000;5,83333;;;
141030;0000;16,4583;;;
141031;0000;22,875;;;
141101;0000;13,9439;;;
141102;0000;18,5679;;;
141103;0000;25,8393;;;
141104;0000;24,3936;;;
141105;0000;10,0228;;;
141106;0000;5,94224;;;
141107;0000;9,30174;;;
141108;0000;11,9885;;;
141109;0000;4,55379;;;
141110;0000;7,43378;;;
141111;0000;8,2106;;;
141112;0000;10,5855;;;
141113;0000;7,6535;;;
141114;0000;5,16924;;;
141115;0000;5,56932;;;
141116;0000;5,6095;;;
141117;0000;4,30676;;;
141118;0000;8,94923;;;
141119;0000;10,8764;;;
141120;0000;9,69873;;;
141121;0000;6,38862;;;
141122;0000;8,41237;;;
141123;0000;10,2974;;;
141124;0000;7,23;;;
141125;0000;9,63091;;;
141126;0000;6,98095;;;
141127;0000;8,90561;;;
141128;0000;13,8274;;;
141129;0000;8,17381;;;
141130;0000;7,22557;;;
141201;0000;7,00391;;;
141202;0000;7,51736;;;
141203;0000;7,05162;;;
141204;0000;8,68594;;;
141205;0000;5,43145;;;
141206;0000;11,0499;;;
141207;0000;7,80095;;;
141208;0000;6,18099;;;
141209;0000;7,71817;;;
141210;0000;8,2549;;;
141211;0000;7,12611;;;
141212;0000;7,02928;;;
141213;0000;8,9747;;;
141214;0000;8,06703;;;
141215;0000;7,24491;;;
141216;0000;6,27166;;;
141217;0000;6,69308;;;
141218;0000;6,99324;;;
141219;0000;7,5536;;;
141220;0000;8,31473;;;
141221;0000;8,86707;;;
141222;0000;5,69853;;;
141223;0000;5,7057;;;
141224;0000;6,71624;;;
141225;0000;5,85353;;;
141226;0000;6,49654;;;
141227;0000;6,12287;;;
141228;0000;6,30869;;;
141229;0000;7,24995;;;
141230;0000;6,87399;;;
141231;0000;38,1797;;;
150101;0000;15,9583;;;
150102;0000;6,04166;;;
150103;0000;5,20833;;;
150104;0000;5,20833;;;
150105;0000;5,08333;;;
150106;0000;6,45833;;;
150107;0000;8,25;;;
150108;0000;7,91666;;;
150109;0000;10,625;;;
150110;0000;6,33333;;;
150111;0000;7,75;;;
150112;0000;6,66666;;;
150113;0000;5,08333;;;
150114;0000;7,75;;;
150115;0000;8,41666;;;
150116;0000;6,16666;;;
150117;0000;5,04166;;;
150118;0000;5,54166;;;
150119;0000;6,13636;;;
150120;0000;8,33333;;;
150121;0000;8,25;;;
150122;0000;6,04166;;;
150123;0000;6,41666;;;
150124;0000;5,33333;;;
150125;0000;5,79166;;;
150126;0000;6,3913;;;
150127;0000;7,16666;;;
150128;0000;8,33333;;;
150129;0000;7,75;;;
150130;0000;7,29166;;;
150131;0000;5,5;;;
150201;0000;6,95833;;;
150202;0000;10,2083;;;
150203;0000;8,5;;;
150204;0000;8,95651;;;
150205;0000;7,45833;;;
150206;0000;6,25;;;
150207;0000;7,45833;;;
150208;0000;4,54166;;;
150209;0000;5,08333;;;
150210;0000;6,29166;;;
150211;0000;6,5;;;
150212;0000;6,95833;;;
150213;0000;8,5;;;
150214;0000;8,625;;;
150215;0000;5,70833;;;
150216;0000;7,25;;;
150217;0000;9,45833;;;
150218;0000;7,70833;;;
150219;0000;7,56522;;;
150220;0000;10,875;;;
150221;0000;11,4167;;;
150222;0000;7,13043;;;
150223;0000;9;;;
150224;0000;10,1304;;;
150225;0000;11,375;;;
150226;0000;19,8333;;;
150227;0000;22,7917;;;
150228;0000;15;;;
150301;0000;13,2917;;;
150302;0000;10,2083;;;
150303;0000;6,91666;;;
150304;0000;9,125;;;
150305;0000;9,16666;;;
150306;0000;5,45833;;;
150307;0000;6,625;;;
150308;0000;6,33333;;;
150309;0000;9,70833;;;
150310;0000;7,45833;;;
150311;0000;7,5;;;
150312;0000;9,25;;;
150313;0000;9,91666;;;
150314;0000;8,95833;;;
150315;0000;8,08333;;;
150316;0000;9,75;;;
150317;0000;8,04166;;;
150318;0000;9,875;;;
150319;0000;11,375;;;
150320;0000;7;;;
150321;0000;11,7083;;;
150322;0000;13,6087;;;
150323;0000;11,5417;;;
150324;0000;19,7391;;;
150325;0000;17,375;;;
150326;0000;17,2083;;;
150327;0000;21,2083;;;
150328;0000;13,125;;;
150329;0000;7;;;
150330;0000;8,66666;;;
150331;0000;13;;;
150401;0000;13,7083;;;
150402;0000;7,33333;;;
150403;0000;10,7083;;;
150404;0000;9,91304;;;
150405;0000;8,54166;;;
150406;0000;17,2083;;;
150407;0000;12,9167;;;
150408;0000;10,3333;;;
150409;0000;11,375;;;
150410;0000;14,375;;;
150411;0000;18,625;;;
150412;0000;27,7083;;;
150413;0000;12,7083;;;
150414;0000;22,0417;;;
150415;0000;46,7083;;;
150416;0000;33,2916;;;
150417;0000;37,7916;;;
150418;0000;32,5;;;
150419;0000;41,9565;;;
150420;0000;30;;;
150421;0000;70,625;;;
150422;0000;114,583;;;
150423;0000;90,8333;;;
150424;0000;68,0833;;;
150425;0000;27,3333;;;
150426;0000;60,5833;;;
150427;0000;40,5833;;;
150428;0000;30,1818;;;
150429;0000;21,4583;;;
150430;0000;54,8333;;;
150501;0000;50,5;;;
150502;0000;67,9166;;;
150503;0000;48,1666;;;
150504;0000;53,2916;;;
150505;0000;118,167;;;
150506;0000;122,708;;;
150507;0000;141,792;;;
150508;0000;25,8333;;;
150509;0000;22,125;;;
150510;0000;84,875;;;
150511;0000;55,6666;;;
150512;0000;47,4348;;;
150513;0000;75,9166;;;
150514;0000;81,9166;;;
150515;0000;24,2671;;;
150516;0000;15,7396;;;
150517;0000;28,4071;;;
150518;0000;44,8066;;;
150519;0000;29,1179;;;
150520;0000;20,1409;;;
150521;0000;30,0687;;;
150522;0000;19,0258;;;
150523;0000;89,1512;;;
150524;0000;92,8752;;;
150525;0000;171,822;;;
150526;0000;91,1948;;;
150527;0000;130,957;;;
150528;0000;50,7399;;;
150529;0000;41,6558;;;
150530;0000;26,6758;;;
150531;0000;21,246;;;
150601;0000;18,0624;;;
150602;0000;12,5436;;;
150603;0000;38,4684;;;
150604;0000;16,5857;;;
150605;0000;18,609;;;
150606;0000;20,3982;;;
150607;0000;38,794;;;
150608;0000;37,4991;;;
150609;0000;34,0074;;;
150610;0000;44,3449;;;
150611;0000;76,9662;;;
150612;0000;42,9108;;;
150613;0000;20,9821;;;
150614;0000;33,2324;;;
150615;0000;50,0866;;;
150616;0000;29,1058;;;
150617;0000;140,125;;;
150618;0000;123,372;;;
150619;0000;86,7236;;;
150620;0000;141,169;;;
150621;0000;94,3958;;;
150622;0000;145,813;;;
150623;0000;133,243;;;
150624;0000;41,4753;;;
150625;0000;24,4675;;;
150626;0000;83,1836;;;
150627;0000;71,2725;;;
150628;0000;185,289;;;
150629;0000;84,8932;;;
150630;0000;60,9199;;;
150701;0000;70,9282;;;
150702;0000;123,63;;;
150703;0000;88,7028;;;
150704;0000;79,2961;;;
150705;0000;23,372;;;
150706;0000;36,9984;;;
150707;0000;18,9808;;;
150708;0000;30,5007;;;
150709;0000;47,6411;;;
150710;0000;115,772;;;
150711;0000;48,8336;;;
150712;0000;47,109;;;
150713;0000;49,2891;;;
150714;0000;34,392;;;
150715;0000;17,3316;;;
150716;0000;25,5368;;;
150717;0000;30,6267;;;
150718;0000;32,895;;;
150719;0000;80,1102;;;
150720;0000;85,0591;;;
150721;0000;76,1228;;;
150722;0000;64,739;;;
150723;0000;84,0566;;;
150724;0000;81,3219;;;
150725;0000;14,7308;;;
150726;0000;10,7791;;;
150727;0000;19,5434;;;
150728;0000;41,9925;;;
150729;0000;37,5717;;;
150730;0000;42,3995;;;
150731;0000;12,5808;;;
150801;0000;15,232;;;
150802;0000;21,8758;;;
150803;0000;78,7722;;;
150804;0000;65,6544;;;
150805;0000;10,2523;;;
150806;0000;32,6511;;;
150807;0000;29,1797;;;
150808;0000;50,8383;;;
150809;0000;22,3727;;;
150810;0000;90,8942;;;
150811;0000;127,788;;;
150812;0000;132,458;;;
150813;0000;106,46;;;
150814;0000;36,3503;;;
150815;0000;66,2256;;;
150816;0000;117,067;;;
150817;0000;36,161;;;
150818;0000;37,955;;;
150819;0000;60,1257;;;
150820;0000;47,8731;;;
150821;0000;20,5829;;;
150822;0000;;25,3569;;
150823;0000;27,2701;;;
150824;0000;22,6399;;;
150825;0000;12,5226;;;
150826;0000;24,0666;;;
150827;0000;15,6062;;;
150828;0000;9,69427;;;
150829;0000;41,7234;;;
150830;0000;34,7824;;;
150831;0000;31,8575;;;
150901;0000;60,0396;;;
150902;0000;58,3127;;;
150903;0000;39,5513;;;
150904;0000;56,6511;;;
150905;0000;39,6249;;;
150906;0000;;;;
150907;0000;;;;
150908;0000;41,5601;;;
150909;0000;48,6934;;;
150910;0000;45,1732;;;
150911;0000;64,6622;;;
150912;0000;48,6246;;;
150913;0000;70,9009;;;
150914;0000;62,9586;;;
150915;0000;51,2249;;;
150916;0000;80,1649;;;
150917;0000;85,6255;;;
150918;0000;63,0475;;;
150919;0000;61,2969;;;
150920;0000;50,3491;;;
150921;0000;37,5735;;;
150922;0000;60,3037;;;
150923;0000;27,5887;;;
150924;0000;11,8844;;;
150925;0000;26,966;;;
150926;0000;26,9236;;;
150927;0000;9,4794;;;
150928;0000;23,5294;;;
150929;0000;32,277;;;
150930;0000;49,6462;;;
151001;0000;12,2545;;;
151002;0000;12,2016;;;
151003;0000;19,7418;;;
151004;0000;8,10156;;;
151005;0000;8,9857;;;
151006;0000;13,0858;;;
151007;0000;21,0046;;;
151008;0000;54,0643;;;
151009;0000;32,8464;;;
151010;0000;7,64954;;;
151011;0000;18,4181;;;
151012;0000;18,2058;;;
151013;0000;22;;;
151014;0000;19,1147;;;
151015;0000;24,8906;;;
151016;0000;40,0993;;;
151017;0000;27,5642;;;
151018;0000;6,87041;;;
151019;0000;8,57298;;;
151020;0000;12,2957;;;
151021;0000;20,1938;;;
151022;0000;17,8265;;;
151023;0000;17,4161;;;
151024;0000;11,8311;;;
151025;0000;8,94728;;;
151026;0000;15,5276;;;
151027;0000;14,0561;;;
151028;0000;12,1078;;;
151029;0000;11,2962;;;
151030;0000;10,1222;;;
151031;0000;7,72404;;;
151101;0000;6,38129;;;
151102;0000;9,40395;;;
151103;0000;11,0947;;;
151104;0000;13,2812;;;
151105;0000;7,51978;;;
151106;0000;6,84724;;;
151107;0000;6,31974;;;
151108;0000;6,09866;;;
151109;0000;7,03403;;;
151110;0000;5,42445;;;
151111;0000;9,27895;;;
151112;0000;8,35507;;;
151113;0000;5,64795;;;
151114;0000;5,15891;;;
151115;0000;2,34512;;;
151116;0000;4,94991;;;
151117;0000;10,1572;;;
151118;0000;21,424;;;
151119;0000;20,7182;;;
151120;0000;12,3457;;;
151121;0000;7,21812;;;
151122;0000;5,52237;;;
151123;0000;7,93199;;;
151124;0000;6,66941;;;
151125;0000;6,39937;;;
151126;0000;5,7382;;;
151127;0000;3,44595;;;
151128;0000;5,18924;;;
151129;0000;2,30271;;;
151130;0000;2,64958;;;
151201;0000;4,44521;;;
151202;0000;7,4724;;;
151203;0000;4,44128;;;
151204;0000;2,95316;;;
151205;0000;3,40408;;;
151206;0000;2,16166;;;
151207;0000;5,24662;;;
151208;0000;4,62066;;;
151209;0000;4,15189;;;
151210;0000;2,35187;;;
151211;0000;2,86774;;;
151212;0000;2,39896;;;
151213;0000;4,241;;;
151214;0000;2,61754;;;
151215;0000;5,13745;;;
151216;0000;2,75004;;;
151217;0000;3,04483;;;
151218;0000;4,11345;;;
151219;0000;3,13087;;;
151220;0000;3,16695;;;
151221;0000;4,34579;;;
151222;0000;1,9385;;;
151223;0000;2,62875;;;
151224;0000;3,72008;;;
151225;0000;3,70004;;;
151226;0000;3,13;;;
151227;0000;3,47046;;;
151228;0000;3,77396;;;
151229;0000;4,17408;;;
151230;0000;3,04771;;;
151231;0000;22,1597;;;
160101;0000;4,29182;;;
160102;0000;1,40821;;;
160103;0000;2,32529;;;
160104;0000;2,85952;;;
160105;0000;5,9952;;;
160106;0000;6,06024;;;
160107;0000;8,62694;;;
160108;0000;9,76849;;;
160109;0000;6,3832;;;
160110;0000;5,07212;;;
160111;0000;5,22108;;;
160112;0000;2,81421;;;
160113;0000;3,3805;;;
160114;0000;2,88504;;;
160115;0000;5,5917;;;
160116;0000;4,06908;;;
160117;0000;2,47116;;;
160118;0000;4,12579;;;
160119;0000;2,39725;;;
160120;0000;3,08266;;;
160121;0000;5,7387;;;
160122;0000;1,39879;;;
160123;0000;3,91179;;;
160124;0000;1,9255;;;
160125;0000;;;2,26865;
160126;0000;;;1,15971;
160127;0000;;;1,08692;
160128;0000;;;1;
160129;0000;;;1,37246;
160130;0000;2,79812;;;
160131;0000;4,19208;;;
160201;0000;;;;
160202;0000;4,05379;;;
160203;0000;4,9122;;;
160204;0000;4,27512;;;
160205;0000;5,08833;;;
160206;0000;8,56819;;;
160207;0000;6,09958;;;
160208;0000;6,40073;;;
160209;0000;5,30875;;;
160210;0000;8,81291;;;
160211;0000;11,0463;;;
160212;0000;4,78549;;;
160213;0000;3,43654;;;
160214;0000;3,93166;;;
160215;0000;3,60466;;;
160216;0000;4,30054;;;
160217;0000;6,18446;;;
160218;0000;5,29858;;;
160219;0000;4,27448;;;
160220;0000;3,94421;;;
160221;0000;3,3165;;;
160222;0000;2,93525;;;
160223;0000;5,12817;;;
160224;0000;4,8132;;;
160225;0000;4,94766;;;
160226;0000;7,16132;;;
160227;0000;8,61507;;;
160228;0000;6,9202;;;
160229;0000;7,2332;;;
160301;0000;6,96312;;;
160302;0000;9,07495;;;
160303;0000;3,77662;;;
160304;0000;11,3185;;;
160305;0000;10,7425;;;
160306;0000;8,51199;;;
160307;0000;7,07937;;;
160308;0000;6,3232;;;
160309;0000;4,30816;;;
160310;0000;9,02399;;;
160311;0000;7,11045;;;
160312;0000;11,881;;;
160313;0000;8,99303;;;
160314;0000;7,89236;;;
160315;0000;8,07553;;;
160316;0000;12,5636;;;
160317;0000;9,30981;;;
160318;0000;11,8697;;;
160319;0000;6,78328;;;
160320;0000;8,24878;;;
160321;0000;6,85263;;;
160322;0000;6,55241;;;
160323;0000;6,83508;;;
160324;0000;10,0393;;;
160325;0000;22,2633;;;
160326;0000;15,3776;;;
160327;0000;12,9757;;;
160328;0000;19,6387;;;
160329;0000;28,3983;;;
160330;0000;13,9282;;;
160331;0000;5,54253;;;
160401;0000;13,2229;;;
160402;0000;22,7349;;;
160403;0000;21,3676;;;
160404;0000;28,4446;;;
160405;0000;36,0216;;;
160406;0000;24,0347;;;
160407;0000;22,5878;;;
160408;0000;31,1417;;;
160409;0000;40,2224;;;
160410;0000;23,9998;;;
160411;0000;31,2789;;;
160412;0000;34,9612;;;
160413;0000;17,7743;;;
160414;0000;5,34378;;;
160415;0000;5,48291;;;
160416;0000;16,4712;;;
160417;0000;33,2188;;;
160418;0000;81,7432;;;
160419;0000;25,0945;;;
160420;0000;12,4323;;;
160421;0000;61,5676;;;
160422;0000;23,9945;;;
160423;0000;16,7606;;;
160424;0000;52,9312;;;
160425;0000;73,9253;;;
160426;0000;65,5114;;;
160427;0000;66,1537;;;
160428;0000;104,164;;;
160429;0000;93,3483;;;
160430;0000;99,8062;;;
160501;0000;53,3541;;;
160502;0000;43,1129;;;
160503;0000;69,4769;;;
160504;0000;70,1029;;;
160505;0000;87,5853;;;
160506;0000;84,9161;;;
160507;0000;81,9349;;;
160508;0000;53,0768;;;
160509;0000;81,1891;;;
160510;0000;109,006;;;
160511;0000;32,7442;;;
160512;0000;32,3379;;;
160513;0000;72,8607;;;
160514;0000;44,7791;;;
160515;0000;41,4638;;;
160516;0000;91,7267;;;
160517;0000;85,1995;;;
160518;0000;59,8287;;;
160519;0000;70,0782;;;
160520;0000;105,497;;;
160521;0000;62,6978;;;
160522;0000;127,401;;;
160523;0000;126,769;;;
160524;0000;39,3875;;;
160525;0000;23,105;;;
160526;0000;48,8716;;;
160527;0000;105,189;;;
160528;0000;61,8349;;;
160529;0000;49,1216;;;
160530;0000;52,7863;;;
160531;0000;53,0496;;;
160601;0000;44,4296;;;
160602;0000;91,7163;;;
160603;0000;44,9521;;;
160604;0000;34,2908;;;
160605;0000;59,1025;;;
160606;0000;39,6126;;;
160607;0000;82,9187;;;
160608;0000;51,9562;;;
160609;0000;69,2859;;;
160610;0000;154,447;;;
160611;0000;123,572;;;
160612;0000;163,31;;;
160613;0000;138,37;;;
160614;0000;71,5033;;;
160615;0000;96,5183;;;
160616;0000;146,871;;;
160617;0000;144,804;;;
160618;0000;148,537;;;
160619;0000;105,065;;;
160620;0000;69,4708;;;
160621;0000;142,896;;;
160622;0000;73,0616;;;
160623;0000;85,3004;;;
160624;0000;95,4033;;;
160625;0000;52,0742;;;
160626;0000;125,55;;;
160627;0000;117,979;;;
160628;0000;115,482;;;
160629;0000;87,8408;;;
160630;0000;69,9703;;;
160701;0000;132,408;;;
160702;0000;128,159;;;
160703;0000;215,312;;;
160704;0000;207,508;;;
160705;0000;109,457;;;
160706;0000;34,6367;;;
160707;0000;69,7617;;;
160708;0000;44,1008;;;
160709;0000;51,0496;;;
160710;0000;18,625;;;
160711;0000;25,3463;;;
160712;0000;64,2932;;;
160713;0000;27,8774;;;
160714;0000;41,0192;;;
160715;0000;53,4846;;;
160716;0000;97,6108;;;
160717;0000;43,3833;;;
160718;0000;73,2325;;;
160719;0000;71,0195;;;
160720;0000;46,0516;;;
160721;0000;49,1471;;;
160722;0000;35,2398;;;
160723;0000;34,0787;;;
160724;0000;43,0129;;;
160725;0000;39,6669;;;
160726;0000;106,735;;;
160727;0000;89,9142;;;
160728;0000;38,7542;;;
160729;0000;39,4141;;;
160730;0000;32,8267;;;
160731;0000;26,3223;;;
160801;0000;68,0023;;;
160802;0000;88,9229;;;
160803;0000;38,3552;;;
160804;0000;42,0883;;;
160805;0000;31,3057;;;
160806;0000;14,0751;;;
160807;0000;25,8124;;;
160808;0000;104,432;;;
160809;0000;102,031;;;
160810;0000;58,7817;;;
160811;0000;40,5194;;;
160812;0000;46,0358;;;
160813;0000;50,8158;;;
160814;0000;30,0074;;;
160815;0000;20,1464;;;
160816;0000;17,1795;;;
160817;0000;14,4043;;;
160818;0000;22,8041;;;
160819;0000;38,5468;;;
160820;0000;79,464;;;
160821;0000;80,2271;;;
160822;0000;73,814;;;
160823;0000;32,8729;;;
160824;0000;20,48;;;
160825;0000;15,6625;;;
160826;0000;67,2882;;;
160827;0000;85,7625;;;
160828;0000;58,0758;;;
160829;0000;27,5392;;;
160830;0000;32,4772;;;
160831;0000;66,918;;;
160901;0000;128,49;;;
160902;0000;50,3793;;;
160903;0000;7,87759;;;
160904;0000;21,5646;;;
160905;0000;66,6448;;;
160906;0000;57,8513;;;
160907;0000;44,5692;;;
160908;0000;41,75;;;
160909;0000;24,013;;;
160910;0000;34,5032;;;
160911;0000;21,0965;;;
160912;0000;7,4072;;;
160913;0000;32,4391;;;
160914;0000;45,6283;;;
160915;0000;40,0078;;;
160916;0000;56,4908;;;
160917;0000;38,6525;;;
160918;0000;31,6424;;;
160919;0000;22,8918;;;
160920;0000;24,4198;;;
160921;0000;17,5881;;;
160922;0000;41,9171;;;
160923;0000;26,6682;;;
160924;0000;28,8436;;;
160925;0000;23,0251;;;
160926;0000;23,9372;;;
160927;0000;18,3369;;;
160928;0000;31,5425;;;
160929;0000;6,98833;;;
160930;0000;10,0078;;;
161001;0000;23,4249;;;
161002;0000;21,0956;;;
161003;0000;23,3935;;;
161004;0000;21,1687;;;
161005;0000;31,8706;;;
161006;0000;11,5079;;;
161007;0000;23,3325;;;
161008;0000;18,2556;;;
161009;0000;20,6421;;;
161010;0000;8,44946;;;
161011;0000;21,2192;;;
161012;0000;17,9769;;;
161013;0000;12,3145;;;
161014;0000;17,97;;;
161015;0000;14,2433;;;
161016;0000;18,7324;;;
161017;0000;14,45;;;
161018;0000;25,8733;;;
161019;0000;17,2067;;;
161020;0000;11,3926;;;
161021;0000;8,28563;;;
161022;0000;8,55463;;;
161023;0000;12,7291;;;
161024;0000;9,63174;;;
161025;0000;5,67059;;;
161026;0000;4,98692;;;
161027;0000;6,98587;;;
161028;0000;5,49225;;;
161029;0000;5,63971;;;
161030;0000;2,85475;;;
161031;0000;13,637;;;
161101;0000;21,0573;;;
161102;0000;12,077;;;
161103;0000;5,20837;;;
161104;0000;2,37409;;;
161105;0000;3,14392;;;
161106;0000;4,13229;;;
161107;0000;5,15305;;;
161108;0000;5,88783;;;
161109;0000;6,50056;;;
161110;0000;7,7315;;;
161111;0000;7,78719;;;
161112;0000;5,51279;;;
161113;0000;4,85879;;;
161114;0000;4,9233;;;
161115;0000;7,01077;;;
161116;0000;;;;
161117;0000;;;;
161118;0000;5,29339;;;
161119;0000;6,76862;;;
161120;0000;6,64333;;;
161121;0000;8,3625;;;
161122;0000;14,1713;;;
161123;0000;9,52542;;;
161124;0000;11,893;;;
161125;0000;15,4205;;;
161126;0000;3,77217;;;
161127;0000;1,48292;;;
161128;0000;3,49696;;;
161129;0000;4,63313;;;
161130;0000;5,45695;;;
161201;0000;2,61237;;;
161202;0000;4,46142;;;
161203;0000;4,80904;;;
161204;0000;4,68854;;;
161205;0000;3,38737;;;
161206;0000;5,01337;;;
161207;0000;3,20687;;;
161208;0000;3,64917;;;
161209;0000;3,87212;;;
161210;0000;1,95283;;;
161211;0000;2,313;;;
161212;0000;3,66341;;;
161213;0000;3,77579;;;
161214;0000;4,82271;;;
161215;0000;3,22842;;;
161216;0000;3,99142;;;
161217;0000;3,51287;;;
161218;0000;3,20842;;;
161219;0000;3,55604;;;
161220;0000;5,05842;;;
161221;0000;3,74437;;;
161222;0000;4,03706;;;
161223;0000;2,64675;;;
161224;0000;3,40337;;;
161225;0000;3,55262;;;
161226;0000;2,88996;;;
161227;0000;3,34566;;;
161228;0000;2,66141;;;
161229;0000;3,01562;;;
161230;0000;2,32812;;;
161231;0000;7,33117;;;
170101;0000;6,45721;;;
170102;0000;1,88379;;;
170103;0000;2,63139;;;
170104;0000;3,94329;;;
170105;0000;4,91358;;;
170106;0000;3,7515;;;
170107;0000;4,07633;;;
170108;0000;1,833;;;
170109;0000;;;1;
170110;0000;;;2,25191;
170111;0000;3,11558;;;
170112;0000;3,02504;;;
170113;0000;3,48877;;;
170114;0000;2,38483;;;
170115;0000;2,48804;;;
170116;0000;2,43213;;;
170117;0000;;;1,63638;
170118;0000;;;1,05854;
170119;0000;;;1,01508;
170120;0000;;;1,30169;
170121;0000;2,37929;;;
170122;0000;1,54725;;;
170123;0000;2,28754;;;
170124;0000;1,42154;;;
170125;0000;1,61896;;;
170126;0000;2,212;;;
170127;0000;1,58692;;;
170128;0000;2,07383;;;
170129;0000;2,30346;;;
170130;0000;2,80854;;;
170131;0000;1,95575;;;
170201;0000;5,34429;;;
170202;0000;2,03691;;;
170203;0000;5,28758;;;
170204;0000;2,36496;;;
170205;0000;1,42312;;;
170206;0000;1,95191;;;
170207;0000;2,03583;;;
170208;0000;2,15112;;;
170209;0000;3,79025;;;
170210;0000;2,28583;;;
170211;0000;1,98879;;;
170212;0000;1,60125;;;
170213;0000;4,22787;;;
170214;0000;2,62375;;;
170215;0000;1,72804;;;
170216;0000;3,6695;;;
170217;0000;4,4685;;;
170218;0000;2,18742;;;
170219;0000;1,73725;;;
170220;0000;1,35821;;;
170221;0000;1,17204;;;
170222;0000;1,19083;;;
170223;0000;1,43575;;;
170224;0000;1,40446;;;
170225;0000;1,45458;;;
170226;0000;1,93496;;;
170227;0000;3,68275;;;
170228;0000;4,69604;;;
170301;0000;4,38071;;;
170302;0000;4,90195;;;
170303;0000;4,77354;;;
170304;0000;3,48632;;;
170305;0000;3,872;;;
170306;0000;5,02795;;;
170307;0000;7,97266;;;
170308;0000;11,1869;;;
170309;0000;3,64492;;;
170310;0000;4,15612;;;
170311;0000;5,85641;;;
170312;0000;7,33967;;;
170313;0000;3,29208;;;
170314;0000;2,17413;;;
170315;0000;5,64025;;;
170316;0000;8,96637;;;
170317;0000;15,5351;;;
170318;0000;2,14367;;;
170319;0000;2,46708;;;
170320;0000;4,83504;;;
170321;0000;6,22875;;;
170322;0000;11,7784;;;
170323;0000;10,8667;;;
170324;0000;43,1437;;;
170325;0000;37,0023;;;
170326;0000;7,06825;;;
170327;0000;8,81204;;;
170328;0000;11,4095;;;
170329;0000;12,2156;;;
170330;0000;13,5055;;;
170331;0000;14,399;;;
170401;0000;22,1609;;;
170402;0000;17,617;;;
170403;0000;21,1772;;;
170404;0000;17,7505;;;
170405;0000;14,877;;;
170406;0000;27,0273;;;
170407;0000;21,304;;;
170408;0000;41,0323;;;
170409;0000;42,7946;;;
170410;0000;14,4111;;;
170411;0000;9,02133;;;
170412;0000;18,1262;;;
170413;0000;31,5275;;;
170414;0000;58,7425;;;
170415;0000;26,8754;;;
170416;0000;21,6369;;;
170417;0000;13,6784;;;
170418;0000;17,7715;;;
170419;0000;12,8013;;;
170420;0000;16,6335;;;
170421;0000;30,1672;;;
170422;0000;43,4634;;;
170423;0000;48,5025;;;
170424;0000;32,5084;;;
170425;0000;18,9089;;;
170426;0000;27,0921;;;
170427;0000;16,4781;;;
170428;0000;11,7804;;;
170429;0000;44,6627;;;
170430;0000;42,4678;;;
170501;0000;11;;;
170502;0000;32;;;
170503;0000;54;;;
170504;0000;23;;;
170505;0000;16;;;
170506;0000;16;;;
170507;0000;24;;;
170508;0000;63;;;
170509;0000;93;;;
170510;0000;57;;;
170511;0000;12;;;
170512;0000;11;;;
170513;0000;11;;;
170514;0000;21;;;
170515;0000;67;;;
170516;0000;12;;;
170517;0000;29;;;
170518;0000;48;;;
170519;0000;88;;;
170520;0000;32;;;
170521;0000;21;;;
170522;0000;75;;;
170523;0000;125;;;
170524;0000;90;;;
170525;0000;100;;;
170526;0000;198;;;
170527;0000;86;;;
170528;0000;49;;;
170529;0000;41;;;
170530;0000;41;;;
170531;0000;96;;;
170601;0000;111;;;
170602;0000;55;;;
170603;0000;25;;;
170604;0000;63;;;
170605;0000;133;;;
170606;0000;30;;;
170607;0000;24;;;
170608;0000;34;;;
170609;0000;27;;;
170610;0000;31;;;
170611;0000;150;;;
170612;0000;100;;;
170613;0000;55;;;
170614;0000;28;;;
170615;0000;6;;;
170616;0000;27;;;
170617;0000;39;;;
170618;0000;162;;;
170619;0000;172;;;
170620;0000;57;;;
170621;0000;8;;;
170622;0000;19;;;
170623;0000;53;;;
170624;0000;48;;;
170625;0000;5;;;
170626;0000;49;;;
170627;0000;81;;;
170628;0000;63;;;
170629;0000;31;;;
170630;0000;47;;;
170701;0000;49;;;
170702;0000;52;;;
170703;0000;16;;;
170704;0000;43;;;
170705;0000;24;;;
170706;0000;49;;;
170707;0000;30;;;
170708;0000;26;;;
170709;0000;104;;;
170710;0000;159;;;
170711;0000;128;;;
170712;0000;30;;;
170713;0000;13;;;
170714;0000;16;;;
170715;0000;65;;;
170716;0000;179;;;
170717;0000;195;;;
170718;0000;150;;;
170719;0000;94;;;
170720;0000;62;;;
170721;0000;48;;;
170722;0000;31;;;
170723;0000;44;;;
170724;0000;35;;;
170725;0000;86;;;
170726;0000;37;;;
170727;0000;30;;;
170728;0000;18;;;
170729;0000;58;;;
170730;0000;108;;;
170731;0000;91;;;
170801;0000;87;;;
170802;0000;159;;;
170803;0000;204;;;
170804;0000;101;;;
170805;0000;13;;;
170806;0000;31;;;
170807;0000;27;;;
170808;0000;7;;;
170809;0000;12;;;
170810;0000;8;;;
170811;0000;36;;;
170812;0000;20;;;
170813;0000;12;;;
170814;0000;13;;;
170815;0000;52;;;
170816;0000;60;;;
170817;0000;14;;;
170818;0000;10;;;
170819;0000;50;;;
170820;0000;82;;;
170821;0000;54;;;
170822;0000;15;;;
170823;0000;7;;;
170824;0000;15;;;
170825;0000;44;;;
170826;0000;26;;;
170827;0000;25;;;
170828;0000;64;;;
170829;0000;98;;;
170830;0000;85;;;
170831;0000;32;;;
170901;0000;19;;;
170902;0000;56;;;
170903;0000;42;;;
170904;0000;77;;;
170905;0000;46;;;
170906;0000;46;;;
170907;0000;49;;;
170908;0000;53;;;
170909;0000;44;;;
170910;0000;38;;;
170911;0000;27;;;
170912;0000;37;;;
170913;0000;10;;;
170914;0000;30;;;
170915;0000;57;;;
170916;0000;47;;;
170917;0000;31;;;
170918;0000;12;;;
170919;0000;13;;;
170920;0000;17;;;
170921;0000;46;;;
170922;0000;42;;;
170923;0000;27;;;
170924;0000;43;;;
170925;0000;44;;;
170926;0000;26;;;
170927;0000;22;;;
170928;0000;23;;;
170929;0000;15;;;
170930;0000;9;;;
171001;0000;9;;;
171002;0000;8;;;
171003;0000;6;;;
171004;0000;8;;;
171005;0000;8;;;
171006;0000;13;;;
171007;0000;11;;;
171008;0000;11;;;
171009;0000;16;;;
171010;0000;25;;;
171011;0000;16;;;
171012;0000;14;;;
171013;0000;6;;;
171014;0000;6;;;
171015;0000;5;;;
171016;0000;9;;;
171017;0000;14;;;
171018;0000;9;;;
171019;0000;22;;;
171020;0000;9;;;
171021;0000;20;;;
171022;0000;7;;;
171023;0000;19;;;
171024;0000;13;;;
171025;0000;12;;;
171026;0000;7;;;
171027;0000;4;;;
171028;0000;5;;;
171029;0000;;;;
171030;0000;7;;;
171031;0000;6;;;
171101;0000;9;;;
171102;0000;11;;;
171103;0000;14;;;
171104;0000;9;;;
171105;0000;5;;;
171106;0000;3;;;
171107;0000;4;;;
171108;0000;12;;;
171109;0000;6;;;
171110;0000;4;;;
171111;0000;5;;;
171112;0000;2;;;
171113;0000;1;;;
171114;0000;3;;;
171115;0000;3;;;
171116;0000;5;;;
171117;0000;7;;;
171118;0000;6;;;
171119;0000;3;;;
171120;0000;5;;;
171121;0000;6;;;
171122;0000;3;;;
171123;0000;5;;;
171124;0000;6;;;
171125;0000;5;;;
171126;0000;3;;;
171127;0000;7;;;
171128;0000;10;;;
171129;0000;6;;;
171130;0000;4;;;
171201;0000;6;;;
171202;0000;6;;;
171203;0000;5;;;
171204;0000;5;;;
171205;0000;4;;;
171206;0000;3;;;
171207;0000;6;;;
171208;0000;3;;;
171209;0000;3;;;
171210;0000;3;;;
171211;0000;6;;;
171212;0000;9;;;
171213;0000;2;;;
171214;0000;2;;;
171215;0000;1;;;
171216;0000;5;;;
171217;0000;5;;;
171218;0000;4;;;
171219;0000;4;;;
171220;0000;3;;;
171221;0000;3;;;
171222;0000;5;;;
171223;0000;4;;;
171224;0000;2;;;
171225;0000;1;;;
171226;0000;2;;;
171227;0000;3;;;
171228;0000;3;;;
171229;0000;3;;;
171230;0000;2;;;
171231;0000;3;;;
180101;0000;3;;;
180102;0000;1;;;
180103;0000;1;;;
180104;0000;3;;;
180105;0000;2;;;
180106;0000;3;;;
180107;0000;1;;;
180108;0000;;;1;
180109;0000;;;1;
180110;0000;;;1;
180111;0000;;;1;
180112;0000;3;;;
180113;0000;5;;;
180114;0000;3;;;
180115;0000;4;;;
180116;0000;5;;;
180117;0000;2;;;
180118;0000;2;;;
180119;0000;3;;;
180120;0000;2;;;
180121;0000;3;;;
180122;0000;4;;;
180123;0000;3;;;
180124;0000;5;;;
180125;0000;5;;;
180126;0000;3;;;
180127;0000;3;;;
180128;0000;2;;;
180129;0000;4;;;
180130;0000;2;;;
180131;0000;4;;;
180201;0000;6;;;
180202;0000;3;;;
180203;0000;1;;;
180204;0000;1;;;
180205;0000;2;;;
180206;0000;2;;;
180207;0000;2;;;
180208;0000;3;;;
180209;0000;3;;;
180210;0000;4;;;
180211;0000;4;;;
180212;0000;3;;;
180213;0000;4;;;
180214;0000;3;;;
180215;0000;3;;;
180216;0000;2;;;
180217;0000;2;;;
180218;0000;3;;;
180219;0000;4;;;
180220;0000;2;;;
180221;0000;4;;;
180222;0000;5;;;
180223;0000;2;;;
180224;0000;2;;;
180225;0000;2;;;
180226;0000;2;;;
180227;0000;2;;;
180228;0000;2;;;
180301;0000;3;;;
180302;0000;3;;;
180303;0000;4;;;
180304;0000;4;;;
180305;0000;4;;;
180306;0000;5;;;
180307;0000;7;;;
180308;0000;4;;;
180309;0000;;;5;
180310;0000;;;1;
180311;0000;;;1;
180312;0000;;;6;
180313;0000;11;;;
180314;0000;14;;;
180315;0000;18;;;
180316;0000;12;;;
180317;0000;16;;;
180318;0000;25;;;
180319;0000;22;;;
180320;0000;10;;;
180321;0000;15;;;
180322;0000;8;;;
180323;0000;12;;;
180324;0000;15;;;
180325;0000;19;;;
180326;0000;15;;;
180327;0000;11;;;
180328;0000;15;;;
180329;0000;6;;;
180330;0000;10;;;
180331;0000;8;;;
180401;0000;8;;;
180402;0000;15;;;
180403;0000;11;;;
180404;0000;18;;;
180405;0000;26;;;
180406;0000;38;;;
180407;0000;52;;;
180408;0000;46;;;
180409;0000;17;;;
180410;0000;11;;;
180411;0000;47;;;
180412;0000;24;;;
180413;0000;36;;;
180414;0000;59;;;
180415;0000;43;;;
180416;0000;46;;;
180417;0000;48;;;
180418;0000;56;;;
180419;0000;47;;;
180420;0000;22;;;
180421;0000;20;;;
180422;0000;37;;;
180423;0000;74;;;
180424;0000;56;;;
180425;0000;43;;;
180426;0000;30;;;
180427;0000;49;;;
180428;0000;73;;;
180429;0000;;;;
180430;0000;70;;;
180501;0000;22;;;
180502;0000;18;;;
180503;0000;37;;;
180504;0000;91;;;
180505;0000;59;;;
180506;0000;80;;;
180507;0000;64;;;
180508;0000;20;;;
180509;0000;27;;;
180510;0000;51;;;
180511;0000;72;;;
180512;0000;60;;;
180513;0000;11;;;
180514;0000;28;;;
180515;0000;70;;;
180516;0000;50;;;
180517;0000;23;;;
180518;0000;67;;;
180519;0000;62;;;
180520;0000;72;;;
180521;0000;146;;;
180522;0000;188;;;
180523;0000;194;;;
180524;0000;121;;;
180525;0000;70;;;
180526;0000;35;;;
180527;0000;35;;;
180528;0000;25;;;
180529;0000;68;;;
180530;0000;75;;;
180531;0000;99;;;
180601;0000;85;;;
180602;0000;149;;;
180603;0000;110;;;
180604;0000;92;;;
180605;0000;47;;;
180606;0000;115;;;
180607;0000;74;;;
180608;0000;52;;;
180609;0000;32;;;
180610;0000;39;;;
180611;0000;72;;;
180612;0000;105;;;
180613;0000;112;;;
180614;0000;57;;;
180615;0000;70;;;
180616;0000;180;;;
180617;0000;62;;;
180618;0000;84;;;
180619;0000;75;;;
180620;0000;43;;;
180621;0000;46;;;
180622;0000;44;;;
180623;0000;88;;;
180624;0000;96;;;
180625;0000;18;;;
180626;0000;18;;;
180627;0000;50;;;
180628;0000;66;;;
180629;0000;26;;;
180630;0000;26;;;
180701;0000;71;;;
180702;0000;68;;;
180703;0000;76;;;
180704;0000;5;;;
180705;0000;8;;;
180706;0000;22;;;
180707;0000;100;;;
180708;0000;101;;;
180709;0000;99;;;
180710;0000;68;;;
180711;0000;89;;;
180712;0000;41;;;
180713;0000;12;;;
180714;0000;26;;;
180715;0000;95;;;
180716;0000;69;;;
180717;0000;44;;;
180718;0000;72;;;
180719;0000;97;;;
180720;0000;66;;;
180721;0000;53;;;
180722;0000;88;;;
180723;0000;109;;;
180724;0000;115;;;
180725;0000;190;;;
180726;0000;136;;;
180727;0000;104;;;
180728;0000;79;;;
180729;0000;38;;;
180730;0000;77;;;
180731;0000;123;;;
180801;0000;169;;;
180802;0000;44;;;
180803;0000;39;;;
180804;0000;24;;;
180805;0000;11;;;
180806;0000;10;;;
180807;0000;56;;;
180808;0000;135;;;
180809;0000;153;;;
180810;0000;126;;;
180811;0000;66;;;
180812;0000;35;;;
180813;0000;57;;;
180814;0000;62;;;
180815;0000;96;;;
180816;0000;66;;;
180817;0000;23;;;
180818;0000;102;;;
180819;0000;112;;;
180820;0000;103;;;
180821;0000;50;;;
180822;0000;28;;;
180823;0000;28;;;
180824;0000;43;;;
180825;0000;52;;;
180826;0000;31;;;
180827;0000;61;;;
180828;0000;33;;;
180829;0000;27;;;
180830;0000;99;;;
180831;0000;58;;;
180901;0000;40;;;
180902;0000;37;;;
180903;0000;39;;;
180904;0000;46;;;
180905;0000;32;;;
180906;0000;66;;;
180907;0000;80;;;
180908;0000;77;;;
180909;0000;43;;;
180910;0000;47;;;
180911;0000;31;;;
180912;0000;25;;;
180913;0000;24;;;
180914;0000;26;;;
180915;0000;51;;;
180916;0000;23;;;
180917;0000;15;;;
180918;0000;16;;;
180919;0000;13;;;
180920;0000;8;;;
180921;0000;9;;;
180922;0000;10;;;
180923;0000;29;;;
180924;0000;37;;;
180925;0000;25;;;
180926;0000;39;;;
180927;0000;9;;;
180928;0000;10;;;
180929;0000;7;;;
180930;0000;15;;;
181001;0000;33;;;
181002;0000;24;;;
181003;0000;47;;;
181004;0000;24;;;
181005;0000;26;;;
181006;0000;20;;;
181007;0000;15;;;
181008;0000;11;;;
181009;0000;29;;;
181010;0000;28;;;
181011;0000;12;;;
181012;0000;28;;;
181013;0000;28;;;
181014;0000;15;;;
181015;0000;11;;;
181016;0000;10;;;
181017;0000;12;;;
181018;0000;12;;;
181019;0000;10;;;
181020;0000;14;;;
181021;0000;21;;;
181022;0000;23;;;
181023;0000;18;;;
181024;0000;22;;;
181025;0000;25;;;
181026;0000;10;;;
181027;0000;8;;;
181028;0000;7;;;
181029;0000;6;;;
181030;0000;11;;;
181031;0000;16;;;
181101;0000;15;;;
181102;0000;10;;;
181103;0000;10;;;
181104;0000;9;;;
181105;0000;15;;;
181106;0000;12;;;
181107;0000;10;;;
181108;0000;10;;;
181109;0000;9;;;
181110;0000;10;;;
181111;0000;15;;;
181112;0000;13;;;
181113;0000;8;;;
181114;0000;5;;;
181115;0000;7;;;
181116;0000;14;;;
181117;0000;11;;;
181118;0000;;10;;
181119;0000;8;;;
181120;0000;8;;;
181121;0000;3;;;
181122;0000;7;;;
181123;0000;7;;;
181124;0000;7;;;
181125;0000;6;;;
181126;0000;7;;;
181127;0000;6;;;
181128;0000;7;;;
181129;0000;6;;;
181130;0000;6;;;
181201;0000;8;;;
181202;0000;9;;;
181203;0000;9;;;
181204;0000;7;;;
181205;0000;5;;;
181206;0000;9;;;
181207;0000;12;;;
181208;0000;8;;;
181209;0000;6;;;
181210;0000;7;;;
181211;0000;4;;;
181212;0000;5;;;
181213;0000;5;;;
181214;0000;5;;;
181215;0000;6;;;
181216;0000;5;;;
181217;0000;6;;;
181218;0000;7;;;
181219;0000;5;;;
181220;0000;4;;;
181221;0000;4;;;
181222;0000;6;;;
181223;0000;4;;;
181224;0000;4;;;
181225;0000;3;;;
181226;0000;8;;;
181227;0000;11;;;
181228;0000;6;;;
181229;0000;11;;;
181230;0000;8;;;
181231;0000;10;;;
190101;0000;6;;;
190102;0000;6;;;
190103;0000;6;;;
190104;0000;8;;;
190105;0000;3;;;
190106;0000;3;;;
190107;0000;3;;;
190108;0000;;;2;
190109;0000;;;3;
190110;0000;;;3;
190111;0000;;;2;
190112;0000;6;;;
190113;0000;3;;;
190114;0000;7;;;
190115;0000;;;;
190116;0000;;;;
190117;0000;6;;;
190118;0000;8;;;
190119;0000;7;;;
190120;0000;4;;;
190121;0000;7;;;
190122;0000;7;;;
190123;0000;9;;;
190124;0000;11;;;
190125;0000;8;;;
190126;0000;9;;;
190127;0000;8;;;
190128;0000;8;;;
190129;0000;4;;;
190130;0000;6;;;
190131;0000;7;;;
190201;0000;8;;;
190202;0000;9;;;
190203;0000;13;;;
190204;0000;56;;;
190205;0000;5;;;
190206;0000;6;;;
190207;0000;7;;;
190208;0000;7;;;
190209;0000;7;;;
190210;0000;4;;;
190211;0000;5;;;
190212;0000;7;;;
190213;0000;13;;;
190214;0000;6;;;
190215;0000;18;;;
190216;0000;32;;;
190217;0000;15;;;
190218;0000;8;;;
190219;0000;7;;;
190220;0000;6;;;
190221;0000;4;;;
190222;0000;2;;;
190223;0000;4;;;
190224;0000;4;;;
190225;0000;8;;;
190226;0000;7;;;
190227;0000;7;;;
190228;0000;11;;;
190301;0000;7;;;
190302;0000;5;;;
190303;0000;6;;;
190304;0000;9;;;
190305;0000;14;;;
190306;0000;10;;;
190307;0000;5;;;
190308;0000;7;;;
190309;0000;8;;;
190310;0000;22;;;
190311;0000;10;;;
190312;0000;13;;;
190313;0000;11;;;
190314;0000;12;;;
190315;0000;10;;;
190316;0000;6;;;
190317;0000;5;;;
190318;0000;8;;;
190319;0000;12;;;
190320;0000;10;;;
190321;0000;5;;;
190322;0000;6;;;
190323;0000;12;;;
190324;0000;9;;;
190325;0000;17;;;
190326;0000;27;;;
190327;0000;19;;;
190328;0000;22;;;
190329;0000;24;;;
190330;0000;32;;;
190331;0000;17;;;
190401;0000;12;;;
190402;0000;11;;;
190403;0000;12;;;
190404;0000;16;;;
190405;0000;22;;;
190406;0000;19;;;
190407;0000;18;;;
190408;0000;11;;;
190409;0000;14;;;
190410;0000;11;;;
190411;0000;16;;;
190412;0000;14;;;
190413;0000;11;;;
190414;0000;37;;;
190415;0000;30;;;
190416;0000;30;;;
190417;0000;18;;;
190418;0000;23;;;
190419;0000;28;;;
190420;0000;52;;;
190421;0000;40;;;
190422;0000;25;;;
190423;0000;31;;;
190424;0000;79;;;
190425;0000;66;;;
190426;0000;45;;;
190427;0000;42;;;
190428;0000;25;;;
190429;0000;22;;;
190430;0000;40;;;
190501;0000;12;;;
190502;0000;11;;;
190503;0000;5;;;
190504;0000;14;;;
190505;0000;13;;;
190506;0000;10;;;
190507;0000;13;;;
190508;0000;15;;;
190509;0000;26;;;
190510;0000;35;;;
190511;0000;18;;;
190512;0000;28;;;
190513;0000;37;;;
190514;0000;64;;;
190515;0000;78;;;
190516;0000;56;;;
190517;0000;27;;;
190518;0000;46;;;
190519;0000;64;;;
190520;0000;70;;;
190521;0000;106;;;
190522;0000;88;;;
190523;0000;59;;;
190524;0000;111;;;
190525;0000;124;;;
190526;0000;97;;;
190527;0000;68;;;
190528;0000;89;;;
190529;0000;24;;;
190530;0000;7;;;
190531;0000;7;;;
190601;0000;12;;;
190602;0000;17;;;
190603;0000;45;;;
190604;0000;11;;;
190605;0000;13;;;
190606;0000;28;;;
190607;0000;32;;;
190608;0000;26;;;
190609;0000;16;;;
190610;0000;59;;;
190611;0000;83;;;
190612;0000;53;;;
190613;0000;25;;;
190614;0000;72;;;
190615;0000;90;;;
190616;0000;57;;;
190617;0000;87;;;
190618;0000;38;;;
190619;0000;118;;;
190620;0000;84;;;
190621;0000;33;;;
190622;0000;38;;;
190623;0000;18;;;
190624;0000;25;;;
190625;0000;16;;;
190626;0000;13;;;
190627;0000;38;;;
190628;0000;34;;;
190629;0000;30;;;
190630;0000;31;;;
190701;0000;46;;;
190702;0000;20;;;
190703;0000;23;;;
190704;0000;50;;;
190705;0000;70;;;
190706;0000;44;;;
190707;0000;12;;;
190708;0000;9;;;
190709;0000;6;;;
190710;0000;17;;;
190711;0000;19;;;
190712;0000;11;;;
190713;0000;16;;;
190714;0000;25;;;
190715;0000;84;;;
190716;0000;35;;;
190717;0000;17;;;
190718;0000;46;;;
190719;0000;28;;;
190720;0000;9;;;
190721;0000;16;;;
190722;0000;107;;;
190723;0000;127;;;
190724;0000;105;;;
190725;0000;36;;;
190726;0000;81;;;
190727;0000;108;;;
190728;0000;19;;;
190729;0000;12;;;
190730;0000;13;;;
190731;0000;15;;;
190801;0000;33;;;
190802;0000;86;;;
190803;0000;123;;;
190804;0000;76;;;
190805;0000;19;;;
190806;0000;34;;;
190807;0000;44;;;
190808;0000;30;;;
190809;0000;57;;;
190810;0000;23;;;
190811;0000;13;;;
190812;0000;62;;;
190813;0000;74;;;
190814;0000;54;;;
190815;0000;35;;;
190816;0000;17;;;
190817;0000;10;;;
190818;0000;24;;;
190819;0000;35;;;
190820;0000;37;;;
190821;0000;34;;;
190822;0000;59;;;
190823;0000;33;;;
190824;0000;22;;;
190825;0000;19;;;
190826;0000;;;;
190827;0000;15;;;
190828;0000;21;;;
190829;0000;18;;;
190830;0000;22;;;
190831;0000;25;;;
190901;0000;26;;;
190902;0000;22;;;
190903;0000;39;;;
190904;0000;48;;;
190905;0000;36;;;
190906;0000;29;;;
190907;0000;24;;;
190908;0000;12;;;
190909;0000;21;;;
190910;0000;36;;;
190911;0000;36;;;
190912;0000;31;;;
190913;0000;23;;;
190914;0000;11;;;
190915;0000;14;;;
190916;0000;27;;;
190917;0000;14;;;
190918;0000;12;;;
190919;0000;21;;;
190920;0000;22;;;
190921;0000;25;;;
190922;0000;26;;;
190923;0000;14;;;
190924;0000;14;;;
190925;0000;9;;;
190926;0000;15;;;
190927;0000;14;;;
190928;0000;15;;;
190929;0000;13;;;
190930;0000;13;;;
191001;0000;27;;;
191002;0000;26;;;
191003;0000;17;;;
191004;0000;19;;;
191005;0000;29;;;
191006;0000;14;;;
191007;0000;15;;;
191008;0000;23;;;
191009;0000;22;;;
191010;0000;12;;;
191011;0000;17;;;
191012;0000;19;;;
191013;0000;11;;;
191014;0000;15;;;
191015;0000;12;;;
191016;0000;22;;;
191017;0000;12;;;
191018;0000;18;;;
191019;0000;16;;;
191020;0000;13;;;
191021;0000;12;;;
191022;0000;13;;;
191023;0000;14;;;
191024;0000;7;;;
191025;0000;14;;;
191026;0000;7;;;
191027;0000;12;;;
191028;0000;7;;;
191029;0000;16;;;
191030;0000;15;;;
191031;0000;11;;;
191101;0000;10;;;
191102;0000;15;;;
191103;0000;6;;;
191104;0000;9;;;
191105;0000;13;;;
191106;0000;8;;;
191107;0000;11;;;
191108;0000;8;;;
191109;0000;10;;;
191110;0000;7;;;
191111;0000;6;;;
191112;0000;5;;;
191113;0000;5;;;
191114;0000;10;;;
191115;0000;7;;;
191116;0000;7;;;
191117;0000;5;;;
191118;0000;7;;;
191119;0000;6;;;
191120;0000;5;;;
191121;0000;5;;;
191122;0000;11;;;
191123;0000;10;;;
191124;0000;7;;;
191125;0000;9;;;
191126;0000;8;;;
191127;0000;7;;;
191128;0000;7;;;
191129;0000;10;;;
191130;0000;8;;;
191201;0000;5;;;
191202;0000;5;;;
191203;0000;8;;;
191204;0000;7;;;
191205;0000;6;;;
191206;0000;6;;;
191207;0000;6;;;
191208;0000;5;;;
191209;0000;5;;;
191210;0000;5;;;
191211;0000;6;;;
191212;0000;7;;;
191213;0000;4;;;
191214;0000;6;;;
191215;0000;6;;;
191216;0000;7;;;
191217;0000;5;;;
191218;0000;;;;
191219;0000;6;;;
191220;0000;8;;;
191221;0000;6;;;
191222;0000;5;;;
191223;0000;5;;;
191224;0000;5;;;
191225;0000;6;;;
191226;0000;5;;;
191227;0000;6;;;
191228;0000;5;;;
191229;0000;7;;;
191230;0000;6;;;
191231;0000;7;;;
200101;0000;7;;;
200102;0000;6;;;
200103;0000;4;;;
200104;0000;5;;;
200105;0000;4;;;
200106;0000;4;;;
200107;0000;5;;;
200108;0000;5;;;
200109;0000;4;;;
200110;0000;3;;;
200111;0000;3;;;
200112;0000;4;;;
200113;0000;4;;;
200114;0000;4;;;
200115;0000;7;;;
200116;0000;6;;;
200117;0000;7;;;
200118;0000;7;;;
200119;0000;8;;;
200120;0000;7;;;
200121;0000;;;4;
200122;0000;;;2;
200123;0000;;;3;
200124;0000;;;6;
200125;0000;5;;;
200126;0000;4;;;
200127;0000;6;;;
200128;0000;4;;;
200129;0000;6;;;
200130;0000;5;;;
200131;0000;3;;;
200201;0000;4;;;
200202;0000;6;;;
200203;0000;6;;;
200204;0000;3;;;
200205;0000;5;;;
200206;0000;4;;;
200207;0000;5;;;
200208;0000;6;;;
200209;0000;6;;;
200210;0000;5;;;
200211;0000;6;;;
200212;0000;4;;;
200213;0000;4;;;
200214;0000;;;;
200215;0000;;;;
200216;0000;3;;;
200217;0000;4;;;
200218;0000;4;;;
200219;0000;5;;;
200220;0000;6;;;
200221;0000;12;;;
200222;0000;26;;;
200223;0000;7;;;
200224;0000;4;;;
200225;0000;5;;;
200226;0000;8;;;
200227;0000;7;;;
200228;0000;6;;;
200229;0000;7;;;
200301;0000;8;;;
200302;0000;5;;;
200303;0000;6;;;
200304;0000;4;;;
200305;0000;3;;;
200306;0000;6;;;
200307;0000;4;;;
200308;0000;5;;;
200309;0000;5;;;
200310;0000;5;;;
200311;0000;5;;;
200312;0000;5;;;
200313;0000;;;19;
200314;0000;;;11;
200315;0000;6;;;
200316;0000;6;;;
200317;0000;6;;;
200318;0000;6;;;
200319;0000;8;;;
200320;0000;9;;;
200321;0000;8;;;
200322;0000;16;;;
200323;0000;26;;;
200324;0000;7;;;
200325;0000;5;;;
200326;0000;8;;;
200327;0000;5;;;
200328;0000;13;;;
200329;0000;14;;;
200330;0000;8;;;
200331;0000;10;;;
200401;0000;10;;;
200402;0000;9;;;
200403;0000;7;;;
200404;0000;8;;;
200405;0000;17;;;
200406;0000;18;;;
200407;0000;16;;;
200408;0000;25;;;
200409;0000;19;;;
200410;0000;19;;;
200411;0000;9;;;
200412;0000;30;;;
200413;0000;48;;;
200414;0000;55;;;
200415;0000;76;;;
200416;0000;47;;;
200417;0000;25;;;
200418;0000;10;;;
200419;0000;19;;;
200420;0000;34;;;
200421;0000;44;;;
200422;0000;71;;;
200423;0000;44;;;
200424;0000;7;;;
200425;0000;8;;;
200426;0000;12;;;
200427;0000;13;;;
200428;0000;49;;;
200429;0000;49;;;
200430;0000;62;;;
200501;0000;66;;;
200502;0000;34;;;
200503;0000;24;;;
200504;0000;36;;;
200505;0000;55;;;
200506;0000;47;;;
200507;0000;72;;;
200508;0000;44;;;
200509;0000;11;;;
200510;0000;28;;;
200511;0000;56;;;
200512;0000;66;;;
200513;0000;62;;;
200514;0000;45;;;
200515;0000;30;;;
200516;0000;18;;;
200517;0000;48;;;
200518;0000;28;;;
200519;0000;38;;;
200520;0000;68;;;
200521;0000;72;;;
200522;0000;85;;;
200523;0000;99;;;
200524;0000;44;;;
200525;0000;49;;;
200526;0000;46;;;
200527;0000;35;;;
200528;0000;47;;;
200529;0000;80;;;
200530;0000;135;;;
200531;0000;106;;;
200601;0000;108;;;
200602;0000;101;;;
200603;0000;111;;;
200604;0000;96;;;
200605;0000;74;;;
200606;0000;52;;;
200607;0000;41;;;
200608;0000;38;;;
200609;0000;22;;;
200610;0000;11;;;
200611;0000;15;;;
200612;0000;43;;;
200613;0000;64;;;
200614;0000;105;;;
200615;0000;30;;;
200616;0000;27;;;
200617;0000;38;;;
200618;0000;10;;;
200619;0000;20;;;
200620;0000;18;;;
200621;0000;30;;;
200622;0000;34;;;
200623;0000;30;;;
200624;0000;28;;;
200625;0000;49;;;
200626;0000;22;;;
200627;0000;35;;;
200628;0000;11;;;
200629;0000;42;;;
200630;0000;12;;;
200701;0000;38;;;
200702;0000;63;;;
200703;0000;32;;;
200704;0000;33;;;
200705;0000;69;;;
200706;0000;99;;;
200707;0000;32;;;
200708;0000;35;;;
200709;0000;11;;;
200710;0000;22;;;
200711;0000;15;;;
200712;0000;26;;;
200713;0000;81;;;
200714;0000;91;;;
200715;0000;137;;;
200716;0000;85;;;
200717;0000;14;;;
200718;0000;17;;;
200719;0000;17;;;
200720;0000;19;;;
200721;0000;18;;;
200722;0000;55;;;
200723;0000;58;;;
200724;0000;34;;;
200725;0000;7;;;
200726;0000;12;;;
200727;0000;69;;;
200728;0000;92;;;
200729;0000;91;;;
200730;0000;45;;;
200731;0000;29;;;
200801;0000;26;;;
200802;0000;58;;;
200803;0000;42;;;
200804;0000;39;;;
200805;0000;24;;;
200806;0000;59;;;
200807;0000;92;;;
200808;0000;69;;;
200809;0000;27;;;
200810;0000;46;;;
200811;0000;56;;;
200812;0000;53;;;
200813;0000;17;;;
200814;0000;24;;;
200815;0000;29;;;
200816;0000;33;;;
200817;0000;27;;;
200818;0000;56;;;
200819;0000;60;;;
200820;0000;40;;;
200821;0000;64;;;
200822;0000;98;;;
200823;0000;24;;;
200824;0000;12;;;
200825;0000;6;;;
200826;0000;9;;;
200827;0000;16;;;
200828;0000;36;;;
200829;0000;95;;;
200830;0000;64;;;
200831;0000;50;;;
200901;0000;61;;;
200902;0000;37;;;
200903;0000;48;;;
200904;0000;94;;;
200905;0000;82;;;
200906;0000;54;;;
200907;0000;34;;;
200908;0000;22;;;
200909;0000;22;;;
200910;0000;32;;;
200911;0000;32;;;
200912;0000;35;;;
200913;0000;47;;;
200914;0000;32;;;
200915;0000;19;;;
200916;0000;16;;;
200917;0000;29;;;
200918;0000;48;;;
200919;0000;39;;;
200920;0000;22;;;
200921;0000;12;;;
200922;0000;19;;;
200923;0000;29;;;
200924;0000;29;;;
200925;0000;41;;;
200926;0000;20;;;
200927;0000;20;;;
200928;0000;17;;;
200929;0000;9;;;
200930;0000;22;;;
201001;0000;34;;;
201002;0000;25;;;
201003;0000;42;;;
201004;0000;31;;;
201005;0000;40;;;
201006;0000;36;;;
201007;0000;33;;;
201008;0000;22;;;
201009;0000;14;;;
201010;0000;11;;;
201011;0000;12;;;
201012;0000;9;;;
201013;0000;7;;;
201014;0000;10;;;
201015;0000;11;;;
201016;0000;16;;;
201017;0000;15;;;
201018;0000;14;;;
201019;0000;13;;;
201020;0000;10;;;
201021;0000;10;;;
201022;0000;12;;;
201023;0000;11;;;
201024;0000;25;;;
201025;0000;23;;;
201026;0000;18;;;
201027;0000;8;;;
201028;0000;14;;;
201029;0000;13;;;
201030;0000;11;;;
201031;0000;6;;;
201101;0000;6;;;
201102;0000;8;;;
201103;0000;8;;;
201104;0000;9;;;
201105;0000;9;;;
201106;0000;5;;;
201107;0000;7;;;
201108;0000;6;;;
201109;0000;7;;;
201110;0000;7;;;
201111;0000;7;;;
201112;0000;4;;;
201113;0000;9;;;
201114;0000;10;;;
201115;0000;7;;;
201116;0000;6;;;
201117;0000;6;;;
201118;0000;5;;;
201119;0000;4;;;
201120;0000;16;;;
201121;0000;9;;;
201122;0000;8;;;
201123;0000;8;;;
201124;0000;11;;;
201125;0000;10;;;
201126;0000;11;;;
201127;0000;5;;;
201128;0000;6;;;
201129;0000;6;;;
201130;0000;5;;;
201201;0000;6;;;
201202;0000;5;;;
201203;0000;7;;;
201204;0000;8;;;
201205;0000;9;;;
201206;0000;6;;;
201207;0000;4;;;
201208;0000;6;;;
201209;0000;6;;;
201210;0000;6;;;
201211;0000;8;;;
201212;0000;5;;;
201213;0000;6;;;
201214;0000;6;;;
201215;0000;6;;;
201216;0000;5;;;
201217;0000;5;;;
201218;0000;5;;;
201219;0000;3;;;
201220;0000;3;;;
201221;0000;4;;;
201222;0000;3;;;
201223;0000;4;;;
201224;0000;4;;;
201225;0000;3;;;
201226;0000;3;;;
201227;0000;2;;;
201228;0000;3;;;
201229;0000;4;;;
201230;0000;5;;;
201231;0000;5;;;
210101;0000;7;;;
210102;0000;5;;;
210103;0000;5;;;
210104;0000;6;;;
210105;0000;10;;;
210106;0000;6;;;
210107;0000;4;;;
210108;0000;5;;;
210109;0000;6;;;
210110;0000;4;;;
210111;0000;4;;;
210112;0000;5;;;
210113;0000;5;;;
210114;0000;5;;;
210115;0000;4;;;
210116;0000;3;;;
210117;0000;4;;;
210118;0000;3;;;
210119;0000;4;;;
210120;0000;5;;;
210121;0000;3;;;
210122;0000;4;;;
210123;0000;3;;;
210124;0000;5;;;
210125;0000;4;;;
210126;0000;4;;;
210127;0000;3;;;
210128;0000;;;8;
210129;0000;;;3;
210130;0000;;;2;
210131;0000;;;3;
210201;0000;6;;;
210202;0000;5;;;
210203;0000;6;;;
210204;0000;7;;;
210205;0000;11;;;
210206;0000;6;;;
210207;0000;6;;;
210208;0000;6;;;
210209;0000;7;;;
210210;0000;9;;;
210211;0000;3;;;
210212;0000;4;;;
210213;0000;6;;;
210214;0000;5;;;
210215;0000;6;;;
210216;0000;6;;;
210217;0000;5;;;
210218;0000;7;;;
210219;0000;6;;;
210220;0000;6;;;
210221;0000;4;;;
210222;0000;4;;;
210223;0000;5;;;
210224;0000;6;;;
210225;0000;5;;;
210226;0000;3;;;
210227;0000;4;;;
210228;0000;3;;;
210301;0000;2;;;
210302;0000;4;;;
210303;0000;4;;;
210304;0000;4;;;
210305;0000;8;;;
210306;0000;4;;;
210307;0000;4;;;
210308;0000;4;;;
210309;0000;9;;;
210310;0000;14;;;
210311;0000;8;;;
210312;0000;5;;;
210313;0000;8;;;
210314;0000;10;;;
210315;0000;9;;;
210316;0000;11;;;
210317;0000;10;;;
210318;0000;12;;;
210319;0000;13;;;
210320;0000;10;;;
210321;0000;10;;;
210322;0000;9;;;
210323;0000;6;;;
210324;0000;8;;;
210325;0000;12;;;
210326;0000;14;;;
210327;0000;12;;;
210328;0000;8;;;
210329;0000;14;;;
210330;0000;11;;;
210331;0000;8;;;
210401;0000;4;;;
210402;0000;7;;;
210403;0000;25;;;
210404;0000;30;;;
210405;0000;9;;;
210406;0000;19;;;
210407;0000;19;;;
210408;0000;18;;;
210409;0000;22;;;
210410;0000;28;;;
210411;0000;19;;;
210412;0000;17;;;
210413;0000;6;;;
210414;0000;9;;;
210415;0000;16;;;
210416;0000;18;;;
210417;0000;33;;;
210418;0000;33;;;
210419;0000;15;;;
210420;0000;12;;;
210421;0000;13;;;
210422;0000;32;;;
210423;0000;34;;;
210424;0000;21;;;
210425;0000;24;;;
210426;0000;19;;;
210427;0000;29;;;
210428;0000;21;;;
210429;0000;38;;;
210430;0000;26;;;
210501;0000;9;;;
210502;0000;37;;;
210503;0000;94;;;
210504;0000;79;;;
210505;0000;101;;;
210506;0000;101;;;
210507;0000;85;;;
210508;0000;40;;;
210509;0000;28;;;
210510;0000;41;;;
210511;0000;106;;;
210512;0000;109;;;
210513;0000;102;;;
210514;0000;78;;;
210515;0000;47;;;
210516;0000;77;;;
210517;0000;144;;;
210518;0000;44;;;
210519;0000;15;;;
210520;0000;24;;;
210521;0000;29;;;
210522;0000;58;;;
210523;0000;53;;;
210524;0000;13;;;
210525;0000;16;;;
210526;0000;16;;;
210527;0000;11;;;
210528;0000;15;;;
210529;0000;51;;;
210530;0000;22;;;
210531;0000;6;;;
210601;0000;16;;;
210602;0000;29;;;
210603;0000;15;;;
210604;0000;40;;;
210605;0000;50;;;
210606;0000;48;;;
210607;0000;22;;;
210608;0000;26;;;
210609;0000;23;;;
210610;0000;;;;
210611;0000;;;;
210612;0000;21;;;
210613;0000;76;;;
210614;0000;87;;;
210615;0000;66;;;
210616;0000;140;;;
210617;0000;153;;;
210618;0000;83;;;
210619;0000;79;;;
210620;0000;75;;;
210621;0000;35;;;
210622;0000;14;;;
210623;0000;12;;;
210624;0000;33;;;
210625;0000;66;;;
210626;0000;57;;;
210627;0000;89;;;
210628;0000;101;;;
210629;0000;157;;;
210630;0000;117;;;
210701;0000;77;;;
210702;0000;46;;;
210703;0000;56;;;
210704;0000;47;;;
210705;0000;53;;;
210706;0000;17;;;
210707;0000;32;;;
210708;0000;23;;;
210709;0000;28;;;
210710;0000;80;;;
210711;0000;127;;;
210712;0000;113;;;
210713;0000;64;;;
210714;0000;30;;;
210715;0000;33;;;
210716;0000;41;;;
210717;0000;104;;;
210718;0000;152;;;
210719;0000;71;;;
210720;0000;65;;;
210721;0000;29;;;
210722;0000;27;;;
210723;0000;49;;;
210724;0000;39;;;
210725;0000;28;;;
210726;0000;76;;;
210727;0000;98;;;
210728;0000;125;;;
210729;0000;139;;;
210730;0000;54;;;
210731;0000;109;;;
210801;0000;84;;;
210802;0000;34;;;
210803;0000;39;;;
210804;0000;65;;;
210805;0000;30;;;
210806;0000;33;;;
210807;0000;38;;;
210808;0000;54;;;
210809;0000;89;;;
210810;0000;81;;;
210811;0000;75;;;
210812;0000;72;;;
210813;0000;39;;;
210814;0000;38;;;
210815;0000;34;;;
210816;0000;13;;;
210817;0000;15;;;
210818;0000;21;;;
210819;0000;11;;;
210820;0000;14;;;
210821;0000;6;;;
210822;0000;20;;;
210823;0000;68;;;
210824;0000;63;;;
210825;0000;12;;;
210826;0000;22;;;
210827;0000;16;;;
210828;0000;9;;;
210829;0000;27;;;
210830;0000;18;;;
210831;0000;34;;;
210901;0000;41;;;
210902;0000;29;;;
210903;0000;24;;;
210904;0000;13;;;
210905;0000;24;;;
210906;0000;15;;;
210907;0000;28;;;
210908;0000;36;;;
210909;0000;28;;;
210910;0000;32;;;
210911;0000;14;;;
210912;0000;13;;;
210913;0000;38;;;
210914;0000;31;;;
210915;0000;32;;;
210916;0000;29;;;
210917;0000;20;;;
210918;0000;29;;;
210919;0000;29;;;
210920;0000;35;;;
210921;0000;25;;;
210922;0000;20;;;
210923;0000;28;;;
210924;0000;20;;;
210925;0000;14;;;
210926;0000;22;;;
210927;0000;23;;;
210928;0000;22;;;
210929;0000;21;;;
210930;0000;10;;;
211001;0000;10;;;
211002;0000;25;;;
211003;0000;48;;;
211004;0000;19;;;
211005;0000;26;;;
211006;0000;29;;;
211007;0000;17;;;
211008;0000;21;;;
211009;0000;11;;;
211010;0000;16;;;
211011;0000;15;;;
211012;0000;18;;;
211013;0000;11;;;
211014;0000;23;;;
211015;0000;27;;;
211016;0000;27;;;
211017;0000;18;;;
211018;0000;8;;;
211019;0000;10;;;
211020;0000;8;;;
211021;0000;9;;;
211022;0000;15;;;
211023;0000;9;;;
211024;0000;9;;;
211025;0000;14;;;
211026;0000;11;;;
211027;0000;7;;;
211028;0000;6;;;
211029;0000;7;;;
211030;0000;9;;;
211031;0000;13;;;
211101;0000;9;;;
211102;0000;7;;;
211103;0000;10;;;
211104;0000;11;;;
211105;0000;7;;;
211106;0000;7;;;
211107;0000;5;;;
211108;0000;5;;;
211109;0000;5;;;
211110;0000;6;;;
211111;0000;7;;;
211112;0000;8;;;
211113;0000;8;;;
211114;0000;9;;;
211115;0000;9;;;
211116;0000;7;;;
211117;0000;4;;;
211118;0000;4;;;
211119;0000;6;;;
211120;0000;4;;;
211121;0000;4;;;
211122;0000;3;;;
211123;0000;4;;;
211124;0000;6;;;
211125;0000;5;;;
211126;0000;5;;;
211127;0000;6;;;
211128;0000;6;;;
211129;0000;4;;;
211130;0000;6;;;
211201;0000;6;;;
211202;0000;8;;;
211203;0000;9;;;
211204;0000;7;;;
211205;0000;7;;;
211206;0000;8;;;
211207;0000;11;;;
211208;0000;8;;;
211209;0000;7;;;
211210;0000;6;;;
211211;0000;6;;;
211212;0000;6;;;
211213;0000;5;;;
211214;0000;3;;;
211215;0000;6;;;
211216;0000;5;;;
211217;0000;7;;;
211218;0000;5;;;
211219;0000;5;;;
211220;0000;5;;;
211221;0000;8;;;
211222;0000;8;;;
211223;0000;3;;;
211224;0000;5;;;
211225;0000;5;;;
211226;0000;4;;;
211227;0000;2;;;
211228;0000;3;;;
211229;0000;3;;;
211230;0000;4;;;
211231;0000;6;;;
220101;0000;4;;;
220102;0000;3;;;
220103;0000;1;;;
220104;0000;7;;;
220105;0000;6;;;
220106;0000;5;;;
220107;0000;3;;;
220108;0000;3;;;
220109;0000;3;;;
220110;0000;4;;;
220111;0000;5;;;
220112;0000;4;;;
220113;0000;5;;;
220114;0000;5;;;
220115;0000;4;;;
220116;0000;5;;;
220117;0000;5;;;
220118;0000;6;;;
220119;0000;5;;;
220120;0000;5;;;
220121;0000;6;;;
220122;0000;7;;;
220123;0000;7;;;
220124;0000;;;3;
220125;0000;;;3;
220126;0000;;;2;
220127;0000;;;4;
220128;0000;6;;;
220129;0000;6;;;
220130;0000;6;;;
220131;0000;6;;;
220201;0000;5;;;
220202;0000;4;;;
220203;0000;4;;;
220204;0000;4;;;
220205;0000;5;;;
220206;0000;6;;;
220207;0000;4;;;
220208;0000;4;;;
220209;0000;10;;;
220210;0000;11;;;
220211;0000;9;;;
220212;0000;13;;;
220213;0000;20;;;
220214;0000;11;;;
220215;0000;10;;;
220216;0000;5;;;
220217;0000;6;;;
220218;0000;6;;;
220219;0000;2;;;
220220;0000;5;;;
220221;0000;15;;;
220222;0000;45;;;
220223;0000;23;;;
220224;0000;11;;;
220225;0000;9;;;
220226;0000;4;;;
220227;0000;5;;;
220228;0000;8;;;
220301;0000;9;;;
220302;0000;4;;;
220303;0000;4;;;
220304;0000;6;;;
220305;0000;7;;;
220306;0000;8;;;
220307;0000;4;;;
220308;0000;12;;;
220309;0000;11;;;
220310;0000;7;;;
220311;0000;7;;;
220312;0000;8;;;
220313;0000;7;;;
220314;0000;9;;;
220315;0000;13;;;
220316;0000;14;;;
220317;0000;9;;;
220318;0000;14;;;
220319;0000;27;;;
220320;0000;20;;;
220321;0000;8;;;
220322;0000;6;;;
220323;0000;11;;;
220324;0000;19;;;
220325;0000;12;;;
220326;0000;12;;;
220327;0000;13;;;
220328;0000;17;;;
220329;0000;17;;;
220330;0000;31;;;
220331;0000;21;;;
220401;0000;16;;;
220402;0000;11;;;
220403;0000;21;;;
220404;0000;34;;;
220405;0000;24;;;
220406;0000;20;;;
220407;0000;17;;;
220408;0000;10;;;
220409;0000;20;;;
220410;0000;19;;;
220411;0000;24;;;
220412;0000;24;;;
220413;0000;48;;;
220414;0000;27;;;
220415;0000;25;;;
220416;0000;17;;;
220417;0000;42;;;
220418;0000;40;;;
220419;0000;28;;;
220420;0000;28;;;
220421;0000;23;;;
220422;0000;10;;;
220423;0000;17;;;
220424;0000;16;;;
220425;0000;11;;;
220426;0000;15;;;
220427;0000;20;;;
220428;0000;57;;;
220429;0000;67;;;
220430;0000;83;;;
220501;0000;66;;;
220502;0000;28;;;
220503;0000;37;;;
220504;0000;18;;;
220505;0000;33;;;
220506;0000;42;;;
220507;0000;20;;;
220508;0000;37;;;
220509;0000;24;;;
220510;0000;24;;;
220511;0000;56;;;
220512;0000;42;;;
220513;0000;64;;;
220514;0000;80;;;
220515;0000;86;;;
220516;0000;74;;;
220517;0000;99;;;
220518;0000;70;;;
220519;0000;21;;;
220520;0000;22;;;
220521;0000;21;;;
220522;0000;32;;;
220523;0000;52;;;
220524;0000;34;;;
220525;0000;46;;;
220526;0000;113;;;
220527;0000;128;;;
220528;0000;127;;;
220529;0000;89;;;
220530;0000;123;;;
220531;0000;75;;;
220601;0000;140;;;
220602;0000;66;;;
220603;0000;20;;;
220604;0000;49;;;
220605;0000;12;;;
220606;0000;11;;;
220607;0000;25;;;
220608;0000;27;;;
220609;0000;104;;;
220610;0000;162;;;
220611;0000;133;;;
220612;0000;69;;;
220613;0000;34;;;
220614;0000;38;;;
220615;0000;48;;;
220616;0000;16;;;
220617;0000;59;;;
220618;0000;61;;;
220619;0000;21;;;
220620;0000;32;;;
220621;0000;58;;;
220622;0000;98;;;
220623;0000;44;;;
220624;0000;68;;;
220625;0000;131;;;
220626;0000;86;;;
220627;0000;60;;;
220628;0000;8;;;
220629;0000;22;;;
220630;0000;31;;;
220701;0000;23;;;
220702;0000;27;;;
220703;0000;20;;;
220704;0000;11;;;
220705;0000;14;;;
220706;0000;14;;;
220707;0000;57;;;
220708;0000;17;;;
220709;0000;18;;;
220710;0000;30;;;
220711;0000;23;;;
220712;0000;34;;;
220713;0000;37;;;
220714;0000;40;;;
220715;0000;78;;;
220716;0000;31;;;
220717;0000;26;;;
220718;0000;81;;;
220719;0000;80;;;
220720;0000;26;;;
220721;0000;41;;;
220722;0000;12;;;
220723;0000;37;;;
220724;0000;48;;;
220725;0000;18;;;
220726;0000;14;;;
220727;0000;46;;;
220728;0000;66;;;
220729;0000;40;;;
220730;0000;62;;;
220731;0000;61;;;
220801;0000;71;;;
220802;0000;87;;;
220803;0000;33;;;
220804;0000;35;;;
220805;0000;45;;;
220806;0000;44;;;
220807;0000;27;;;
220808;0000;43;;;
220809;0000;73;;;
220810;0000;34;;;
220811;0000;42;;;
220812;0000;17;;;
220813;0000;15;;;
220814;0000;21;;;
220815;0000;9;;;
220816;0000;12;;;
220817;0000;24;;;
220818;0000;61;;;
220819;0000;63;;;
220820;0000;18;;;
220821;0000;29;;;
220822;0000;30;;;
220823;0000;19;;;
220824;0000;39;;;
220825;0000;67;;;
220826;0000;50;;;
220827;0000;36;;;
220828;0000;83;;;
220829;0000;69;;;
220830;0000;36;;;
220831;0000;22;;;
220901;0000;23;;;
220902;0000;31;;;
220903;0000;27;;;
220904;0000;16;;;
220905;0000;39;;;
220906;0000;16;;;
220907;0000;31;;;
220908;0000;33;;;
220909;0000;37;;;
220910;0000;32;;;
220911;0000;18;;;
220912;0000;27;;;
220913;0000;37;;;
220914;0000;32;;;
220915;0000;18;;;
220916;0000;20;;;
220917;0000;22;;;
220918;0000;29;;;
220919;0000;36;;;
220920;0000;35;;;
220921;0000;19;;;
220922;0000;19;;;
220923;0000;15;;;
220924;0000;22;;;
220925;0000;22;;;
220926;0000;15;;;
220927;0000;24;;;
220928;0000;19;;;
220929;0000;9;;;
220930;0000;10;;;
221001;0000;10;;;
221002;0000;18;;;
221003;0000;13;;;
221004;0000;21;;;
221005;0000;17;;;
221006;0000;9;;;
221007;0000;13;;;
221008;0000;26;;;
221009;0000;22;;;
221010;0000;9;;;
221011;0000;12;;;
221012;0000;12;;;
221013;0000;25;;;
221014;0000;16;;;
221015;0000;11;;;
221016;0000;7;;;
221017;0000;10;;;
221018;0000;14;;;
221019;0000;10;;;
221020;0000;13;;;
221021;0000;9;;;
221022;0000;16;;;
221023;0000;13;;;
221024;0000;13;;;
221025;0000;9;;;
221026;0000;7;;;
221027;0000;10;;;
221028;0000;8;;;
221029;0000;;;;
221030;0000;14;;;
221031;0000;11;;;
221101;0000;10;;;
221102;0000;13;;;
221103;0000;8;;;
221104;0000;9;;;
221105;0000;12;;;
221106;0000;6;;;
221107;0000;;;8;
221108;0000;;;8;
221109;0000;9;;;
221110;0000;4;;;
221111;0000;4;;;
221112;0000;3;;;
221113;0000;3;;;
221114;0000;5;;;
221115;0000;5;;;
221116;0000;4;;;
221117;0000;3;;;
221118;0000;3;;;
221119;0000;4;;;
221120;0000;5;;;
221121;0000;5;;;
221122;0000;5;;;
221123;0000;2;;;
221124;0000;4;;;
221125;0000;7;;;
221126;0000;7;;;
221127;0000;8;;;
221128;0000;7;;;
221129;0000;3;;;
221130;0000;6;;;
221201;0000;7;;;
221202;0000;5;;;
221203;0000;4;;;
221204;0000;4;;;
221205;0000;4;;;
221206;0000;5;;;
221207;0000;8;;;
221208;0000;3;;;
221209;0000;4;;;
221210;0000;5;;;
221211;0000;5;;;
221212;0000;4;;;
221213;0000;3;;;
221214;0000;4;;;
221215;0000;5;;;
221216;0000;6;;;
221217;0000;4;;;
221218;0000;4;;;
221219;0000;;10;;
221220;0000;6;;;
221221;0000;5;;;
221222;0000;;;;
221223;0000;;;;
221224;0000;;;;
221225;0000;;;;
221226;0000;;;;
221227;0000;;;;
221228;0000;;;;
221229;0000;;;;
221230;0000;;;;
221231;0000;;;;
230101;0000;;;;
230102;0000;;;;
230103;0000;;;;
230104;0000;;;;
230105;0000;;;;
230106;0000;;;;
230107;0000;;;;
230108;0000;;;;
230109;0000;;;;
230110;0000;;;;
230111;0000;;;;
230112;0000;;;;
230113;0000;;;;
230114;0000;;;;
230115;0000;;;;
230116;0000;;;;
230117;0000;;;;
230118;0000;;;;
230119;0000;;;;
230120;0000;;;;
230121;0000;3;;;
230122;0000;3;;;
230123;0000;5;;;
230124;0000;4;;;
230125;0000;4;;;
230126;0000;4;;;
230127;0000;;;4;
230128;0000;;;2;
230129;0000;;;2;
230130;0000;;;4;
230131;0000;8;;;
230201;0000;8;;;
230202;0000;6;;;
230203;0000;6;;;
230204;0000;16;;;
230205;0000;12;;;
230206;0000;10;;;
230207;0000;13;;;
230208;0000;5;;;
230209;0000;8;;;
230210;0000;5;;;
230211;0000;5;;;
230212;0000;6;;;
230213;0000;5;;;
230214;0000;8;;;
230215;0000;5;;;
230216;0000;9;;;
230217;0000;8;;;
230218;0000;9;;;
230219;0000;9;;;
230220;0000;8;;;
230221;0000;9;;;
230222;0000;7;;;
230223;0000;4;;;
230224;0000;6;;;
230225;0000;7;;;
230226;0000;10;;;
230227;0000;6;;;
230228;0000;6;;;
230301;0000;6;;;
230302;0000;7;;;
230303;0000;6;;;
230304;0000;8;;;
230305;0000;5;;;
230306;0000;7;;;
230307;0000;9;;;
230308;0000;6;;;
230309;0000;12;;;
230310;0000;16;;;
230311;0000;10;;;
230312;0000;7;;;
230313;0000;7;;;
230314;0000;7;;;
230315;0000;8;;;
230316;0000;8;;;
230317;0000;12;;;
230318;0000;9;;;
230319;0000;8;;;
230320;0000;8;;;
230321;0000;14;;;
230322;0000;10;;;
230323;0000;10;;;
230324;0000;12;;;
230325;0000;15;;;
230326;0000;12;;;
230327;0000;22;;;
230328;0000;16;;;
230329;0000;12;;;
230330;0000;20;;;
230331;0000;26;;;
230401;0000;36;;;
230402;0000;11;;;
230403;0000;16;;;
230404;0000;23;;;
230405;0000;25;;;
230406;0000;14;;;
230407;0000;22;;;
230408;0000;25;;;
230409;0000;35;;;
230410;0000;31;;;
230411;0000;8;;;
230412;0000;11;;;
230413;0000;17;;;
230414;0000;11;;;
230415;0000;19;;;
230416;0000;14;;;
230417;0000;19;;;
230418;0000;20;;;
230419;0000;14;;;
230420;0000;12;;;
230421;0000;17;;;
230422;0000;9;;;
230423;0000;14;;;
230424;0000;12;;;
230425;0000;24;;;
230426;0000;18;;;
230427;0000;20;;;
230428;0000;6;;;
230429;0000;6;;;
230430;0000;15;;;
230501;0000;26;;;
230502;0000;28;;;
230503;0000;18;;;
230504;0000;26;;;
230505;0000;14;;;
230506;0000;19;;;
230507;0000;16;;;
230508;0000;27;;;
230509;0000;19;;;
230510;0000;26;;;
230511;0000;29;;;
230512;0000;20;;;
230513;0000;15;;;
230514;0000;23;;;
230515;0000;18;;;
230516;0000;10;;;
230517;0000;14;;;
230518;0000;14;;;
230519;0000;28;;;
230520;0000;29;;;
230521;0000;9;;;
230522;0000;10;;;
230523;0000;9;;;
230524;0000;11;;;
230525;0000;9;;;
230526;0000;16;;;
230527;0000;41;;;
230528;0000;96;;;
230529;0000;96;;;
230530;0000;58;;;
230531;0000;62;;;
230601;0000;27;;;
230602;0000;19;;;
230603;0000;26;;;
230604;0000;85;;;
230605;0000;43;;;
230606;0000;49;;;
230607;0000;49;;;
230608;0000;13;;;
230609;0000;19;;;
230610;0000;65;;;
230611;0000;116;;;
230612;0000;116;;;
230613;0000;143;;;
230614;0000;110;;;
230615;0000;87;;;
230616;0000;58;;;
230617;0000;116;;;
230618;0000;119;;;
230619;0000;158;;;
230620;0000;97;;;
230621;0000;41;;;
230622;0000;11;;;
230623;0000;23;;;
230624;0000;23;;;
230625;0000;13;;;
230626;0000;16;;;
230627;0000;29;;;
230628;0000;42;;;
230629;0000;79;;;
230630;0000;57;;;
230701;0000;22;;;
230702;0000;20;;;
230703;0000;15;;;
230704;0000;36;;;
230705;0000;34;;;
230706;0000;55;;;
230707;0000;60;;;
230708;0000;21;;;
230709;0000;37;;;
230710;0000;85;;;
230711;0000;80;;;
230712;0000;55;;;
230713;0000;73;;;
230714;0000;33;;;
230715;0000;53;;;
230716;0000;44;;;
230717;0000;57;;;
230718;0000;23;;;
230719;0000;18;;;
230720;0000;13;;;
230721;0000;16;;;
230722;0000;15;;;
230723;0000;35;;;
230724;0000;15;;;
230725;0000;15;;;
230726;0000;;;;
230727;0000;26;;;
230728;0000;68;;;
230729;0000;16;;;
230730;0000;39;;;
230731;0000;16;;;
230801;0000;13;;;
230802;0000;23;;;
230803;0000;43;;;
230804;0000;55;;;
230805;0000;62;;;
230806;0000;60;;;
230807;0000;;;;
230808;0000;;;;
230809;0000;29;;;
230810;0000;12;;;
230811;0000;29;;;
230812;0000;50;;;
230813;0000;39;;;
230814;0000;29;;;
230815;0000;17;;;
230816;0000;21;;;
230817;0000;21;;;
230818;0000;16;;;
230819;0000;13;;;
230820;0000;11;;;
230821;0000;13;;;
230822;0000;12;;;
230823;0000;13;;;
230824;0000;25;;;
230825;0000;35;;;
230826;0000;42;;;
230827;0000;20;;;
230828;0000;18;;;
230829;0000;23;;;
230830;0000;15;;;
230831;0000;19;;;
230901;0000;20;;;
230902;0000;36;;;
230903;0000;22;;;
230904;0000;26;;;
230905;0000;9;;;
230906;0000;13;;;
230907;0000;10;;;
230908;0000;13;;;
230909;0000;12;;;
230910;0000;9;;;
230911;0000;12;;;
230912;0000;15;;;
230913;0000;9;;;
230914;0000;7;;;
230915;0000;7;;;
230916;0000;12;;;
230917;0000;19;;;
230918;0000;27;;;
230919;0000;21;;;
230920;0000;15;;;
230921;0000;11;;;
230922;0000;9;;;
230923;0000;15;;;
230924;0000;11;;;
230925;0000;14;;;
230926;0000;15;;;
230927;0000;22;;;
230928;0000;18;;;
230929;0000;26;;;
230930;0000;24;;;
231001;0000;17;;;
231002;0000;26;;;
231003;0000;21;;;
231004;0000;37;;;
231005;0000;24;;;
231006;0000;26;;;
231007;0000;32;;;
231008;0000;37;;;
231009;0000;39;;;
231010;0000;39;;;
231011;0000;;;41;
231012;0000;19;;;
231013;0000;18;;;
231014;0000;19;;;
231015;0000;14;;;
231016;0000;17;;;
231017;0000;15;;;
231018;0000;19;;;
231019;0000;15;;;
231020;0000;11;;;
231021;0000;12;;;
231022;0000;13;;;
231023;0000;14;;;
231024;0000;13;;;
231025;0000;14;;;
231026;0000;20;;;
231027;0000;19;;;
231028;0000;14;;;
231029;0000;17;;;
231030;0000;;;30;
231031;0000;;;25;
231101;0000;;;3;
231102;0000;;;4;
231103;0000;9;;;
231104;0000;5;;;
231105;0000;7;;;
231106;0000;18;;;
231107;0000;9;;;
231108;0000;13;;;
231109;0000;4;;;
231110;0000;5;;;
231111;0000;7;;;
231112;0000;14;;;
231113;0000;10;;;
231114;0000;10;;;
231115;0000;14;;;
231116;0000;5;;;
231117;0000;5;;;
231118;0000;12;;;
231119;0000;6;;;
231120;0000;5;;;
231121;0000;8;;;
231122;0000;5;;;
231123;0000;7;;;
231124;0000;5;;;
231125;0000;5;;;
231126;0000;4;;;
231127;0000;4;;;
231128;0000;5;;;
231129;0000;7;;;
231130;0000;3;;;
231201;0000;3;;;
231202;0000;4;;;
231203;0000;7;;;
231204;0000;6;;;
231205;0000;4;;;
231206;0000;4;;;
231207;0000;5;;;
231208;0000;5;;;
231209;0000;3;;;
231210;0000;3;;;
231211;0000;3;;;
231212;0000;3;;;
231213;0000;4;;;
231214;0000;5;;;
231215;0000;6;;;
231216;0000;;;;
231217;0000;3;;;
231218;0000;5;;;
231219;0000;8;;;
231220;0000;7;;;
231221;0000;4;;;
231222;0000;2;;;
231223;0000;4;;;
231224;0000;;;;
231225;0000;3;;;
231226;0000;5;;;
231227;0000;4;;;
231228;0000;3;;;
231229;0000;4;;;
231230;0000;7;;;
231231;0000;6;;;
240101;0000;5;;;
240102;0000;3;;;
240103;0000;3;;;
240104;0000;2;;;
240105;0000;4;;;
240106;0000;4;;;
240107;0000;3;;;
240108;0000;4;;;
240109;0000;4;;;
240110;0000;4;;;
240111;0000;5;;;
240112;0000;3;;;
240113;0000;2;;;
240114;0000;3;;;
240115;0000;2;;;
240116;0000;2;;;
240117;0000;3;;;
240118;0000;4;;;
240119;0000;4;;;
240120;0000;9;;;
240121;0000;8;;;
240122;0000;8;;;
240123;0000;3;;;
240124;0000;4;;;
240125;0000;4;;;
240126;0000;;;;
240127;0000;;;;
240128;0000;;;;
240129;0000;;;;
240130;0000;;;;
240131;0000;;;;
240201;0000;;;;
240202;0000;;;;
240203;0000;;;;
240204;0000;;;;
240205;0000;;;;
240206;0000;;;;
240207;0000;4;;;
240208;0000;5;;;
240209;0000;4;;;
240210;0000;4;;;
240211;0000;3;;;
240212;0000;5;;;
240213;0000;6;;;
240214;0000;8;;;
240215;0000;8;;;
240216;0000;6;;;
240217;0000;5;;;
240218;0000;5;;;
240219;0000;10;;;
240220;0000;7;;;
240221;0000;4;;;
240222;0000;3;;;
240223;0000;5;;;
240224;0000;5;;;
240225;0000;5;;;
240226;0000;4;;;
240227;0000;3;;;
240228;0000;3;;;
240229;0000;5;;;
240301;0000;4;;;
240302;0000;7;;;
240303;0000;6;;;
240304;0000;7;;;
240305;0000;4;;;
240306;0000;5;;;
240307;0000;7;;;
240308;0000;6;;;
240309;0000;8;;;
240310;0000;5;;;
240311;0000;5;;;
240312;0000;5;;;
240313;0000;5;;;
240314;0000;6;;;
240315;0000;9;;;
240316;0000;7;;;
240317;0000;8;;;
240318;0000;14;;;
240319;0000;28;;;
240320;0000;;;3;
240321;0000;;;3;
240322;0000;;;3;
240323;0000;;;10;
240324;0000;4;;;
240325;0000;5;;;
240326;0000;5;;;
240327;0000;8;;;
240328;0000;9;;;
240329;0000;6;;;
240330;0000;16;;;
240331;0000;20;;;
240401;0000;28;;;
240402;0000;24;;;
240403;0000;14;;;
240404;0000;23;;;
240405;0000;10;;;
240406;0000;15;;;
240407;0000;22;;;
240408;0000;17;;;
240409;0000;20;;;
240410;0000;40;;;
240411;0000;40;;;
240412;0000;34;;;
240413;0000;28;;;
240414;0000;20;;;
240415;0000;25;;;
240416;0000;16;;;
240417;0000;24;;;
240418;0000;16;;;
240419;0000;20;;;
240420;0000;46;;;
240421;0000;26;;;
240422;0000;18;;;
240423;0000;30;;;
240424;0000;28;;;
240425;0000;12;;;
240426;0000;12;;;
240427;0000;14;;;
240428;0000;12;;;
240429;0000;9;;;
240430;0000;24;;;
240501;0000;40;;;
240502;0000;51;;;
240503;0000;24;;;
240504;0000;11;;;
240505;0000;14;;;
240506;0000;6;;;
240507;0000;29;;;
240508;0000;30;;;
240509;0000;54;;;
240510;0000;47;;;
240511;0000;42;;;
240512;0000;52;;;
240513;0000;107;;;
240514;0000;80;;;
240515;0000;38;;;
240516;0000;66;;;
240517;0000;124;;;
240518;0000;95;;;
240519;0000;56;;;
240520;0000;24;;;
240521;0000;49;;;
240522;0000;45;;;
240523;0000;32;;;
240524;0000;60;;;
240525;0000;89;;;
240526;0000;74;;;
240527;0000;70;;;
240528;0000;36;;;
240529;0000;32;;;
240530;0000;45;;;
240531;0000;29;;;
240601;0000;20;;;
240602;0000;40;;;
240603;0000;59;;;
240604;0000;25;;;
240605;0000;11;;;
240606;0000;12;;;
240607;0000;58;;;
240608;0000;16;;;
240609;0000;10;;;
240610;0000;4;;;
240611;0000;4;;;
240612;0000;3;;;
240613;0000;12;;;
240614;0000;11;;;
240615;0000;46;;;
240616;0000;13;;;
240617;0000;10;;;
240618;0000;18;;;
240619;0000;20;;;
240620;0000;7;;;
240621;0000;18;;;
240622;0000;23;;;
240623;0000;41;;;
240624;0000;87;;;
240625;0000;80;;;
240626;0000;11;;;
240627;0000;14;;;
240628;0000;84;;;
240629;0000;97;;;
240630;0000;33;;;
240701;0000;14;;;
240702;0000;35;;;
240703;0000;51;;;
240704;0000;71;;;
240705;0000;115;;;
240706;0000;102;;;
240707;0000;60;;;
240708;0000;86;;;
240709;0000;63;;;
240710;0000;84;;;
240711;0000;128;;;
240712;0000;101;;;
240713;0000;94;;;
240714;0000;104;;;
240715;0000;67;;;
240716;0000;42;;;
240717;0000;35;;;
240718;0000;29;;;
240719;0000;35;;;
240720;0000;54;;;
240721;0000;136;;;
240722;0000;134;;;
240723;0000;71;;;
240724;0000;29;;;
240725;0000;19;;;
240726;0000;66;;;
240727;0000;76;;;
240728;0000;92;;;
240729;0000;100;;;
240730;0000;68;;;
240731;0000;24;;;
240801;0000;7;;;
240802;0000;14;;;
240803;0000;38;;;
240804;0000;16;;;
240805;0000;17;;;
240806;0000;41;;;
240807;0000;93;;;
240808;0000;90;;;
240809;0000;64;;;
240810;0000;33;;;
240811;0000;45;;;
240812;0000;68;;;
240813;0000;70;;;
240814;0000;49;;;
240815;0000;25;;;
240816;0000;40;;;
240817;0000;81;;;
240818;0000;92;;;
240819;0000;56;;;
240820;0000;38;;;
240821;0000;17;;;
240822;0000;22;;;
240823;0000;36;;;
240824;0000;58;;;
240825;0000;46;;;
240826;0000;19;;;
240827;0000;41;;;
240828;0000;49;;;
240829;0000;53;;;
240830;0000;58;;;
240831;0000;55;;;
240901;0000;22;;;
240902;0000;14;;;
240903;0000;18;;;
240904;0000;53;;;
240905;0000;39;;;
240906;0000;17;;;
240907;0000;27;;;
240908;0000;40;;;
240909;0000;25;;;
240910;0000;17;;;
240911;0000;26;;;
240912;0000;32;;;
240913;0000;24;;;
240914;0000;28;;;
240915;0000;31;;;
240916;0000;32;;;
240917;0000;17;;;
240918;0000;19;;;
240919;0000;3;;;
240920;0000;5;;;
240921;0000;10;;;
240922;0000;7;;;
240923;0000;20;;;
240924;0000;19;;;
240925;0000;18;;;
240926;0000;30;;;
240927;0000;18;;;
240928;0000;14;;;
240929;0000;4;;;
240930;0000;4;;;
241001;0000;4;;;
241002;0000;6;;;
241003;0000;;;32;
241004;0000;19;;;
241005;0000;16;;;
241006;0000;14;;;
241007;0000;7;;;
241008;0000;15;;;
241009;0000;10;;;
241010;0000;6;;;
241011;0000;12;;;
241012;0000;18;;;
241013;0000;9;;;
241014;0000;6;;;
241015;0000;12;;;
241016;0000;10;;;
241017;0000;6;;;
241018;0000;6;;;
241019;0000;6;;;
241020;0000;10;;;
241021;0000;12;;;
241022;0000;9;;;
241023;0000;9;;;
241024;0000;7;;;
241025;0000;9;;;
241026;0000;9;;;
241027;0000;5;;;
241028;0000;7;;;
241029;0000;9;;;
241030;0000;9;;;
241031;0000;8;;;
241101;0000;8;;;
241102;0000;10;;;
241103;0000;11;;;
241104;0000;8;;;
241105;0000;10;;;
241106;0000;7;;;
241107;0000;8;;;
241108;0000;12;;;
241109;0000;9;;;
241110;0000;8;;;
241111;0000;5;;;
241112;0000;6;;;
241113;0000;3;;;
241114;0000;;;8;
241115;0000;9;;;
241116;0000;10;;;
241117;0000;5;;;
241118;0000;7;;;
241119;0000;7;;;
241120;0000;6;;;
241121;0000;5;;;
241122;0000;8;;;
241123;0000;7;;;
241124;0000;5;;;
241125;0000;7;;;
241126;0000;7;;;
241127;0000;8;;;
241128;0000;6;;;
241129;0000;6;;;
241130;0000;4;;;
241201;0000;5;;;
241202;0000;7;;;
241203;0000;3;;;
241204;0000;3;;;
241205;0000;3;;;
241206;0000;3;;;
241207;0000;3;;;
241208;0000;4;;;
241209;0000;3;;;
241210;0000;5;;;
241211;0000;4;;;
241212;0000;4;;;
241213;0000;3;;;
241214;0000;5;;;
241215;0000;5;;;
241216;0000;6;;;
241217;0000;3;;;
241218;0000;4;;;
241219;0000;5;;;
241220;0000;4;;;
241221;0000;4;;;
241222;0000;4;;;
241223;0000;3;;;
241224;0000;6;;;
241225;0000;8;;;
241226;0000;4;;;
241227;0000;6;;;
241228;0000;9;;;
241229;0000;6;;;
241230;0000;5;;;
241231;0000;6;;;
250101;0000;4;;;
250102;0000;5;;;
250103;0000;4;;;
250104;0000;3;;;
250105;0000;5;;;
250106;0000;5;;;
250107;0000;4;;;
250108;0000;3;;;
250109;0000;4;;;
250110;0000;5;;;
250111;0000;4;;;
250112;0000;5;;;
250113;0000;6;;;
250114;0000;6;;;
250115;0000;3;;;
250116;0000;3;;;
250117;0000;4;;;
250118;0000;4;;;
250119;0000;4;;;
250120;0000;4;;;
250121;0000;2;;;
250122;0000;4;;;
250123;0000;3;;;
250124;0000;5;;;
250125;0000;5;;;
250126;0000;4;;;
250127;0000;6;;;
250128;0000;5;;;
250129;0000;4;;;
250130;0000;4;;;
250131;0000;7;;;
250201;0000;4;;;
250202;0000;6;;;
250203;0000;5;;;
250204;0000;7;;;
250205;0000;6;;;
250206;0000;3;;;
250207;0000;6;;;
250208;0000;3;;;
250209;0000;5;;;
250210;0000;5;;;
250211;0000;5;;;
250212;0000;5;;;
250213;0000;5;;;
250214;0000;6;;;
250215;0000;7;;;
250216;0000;5;;;
250217;0000;5;;;
250218;0000;6;;;
250219;0000;7;;;
250220;0000;6;;;
250221;0000;6;;;
250222;0000;6;;;
250223;0000;6;;;
250224;0000;4;;;
250225;0000;;;;
250226;0000;;;;
250227;0000;7;;;
250228;0000;5;;;
250301;0000;4;;;
250302;0000;3;;;
250303;0000;5;;;
250304;0000;4;;;
250305;0000;5;;;
250306;0000;7;;;
250307;0000;7;;;
250308;0000;9;;;
250309;0000;4;;;
250310;0000;4;;;
250311;0000;6;;;
250312;0000;7;;;
250313;0000;7;;;
250314;0000;8;;;
250315;0000;9;;;
250316;0000;7;;;
250317;0000;7;;;
250318;0000;;;5;
250319;0000;;;4;
250320;0000;;;3;
250321;0000;;;4;
250322;0000;9;;;
250323;0000;4;;;
250324;0000;10;;;
250325;0000;24;;;
250326;0000;21;;;
250327;0000;11;;;
250328;0000;8;;;
250329;0000;9;;;
250330;0000;5;;;
250331;0000;9;;;
250401;0000;6;;;
250402;0000;12;;;
250403;0000;20;;;
250404;0000;17;;;
250405;0000;21;;;
250406;0000;18;;;
250407;0000;29;;;
250408;0000;25;;;
250409;0000;33;;;
250410;0000;7;;;
250411;0000;10;;;
250412;0000;15;;;
250413;0000;32;;;
250414;0000;17;;;
250415;0000;26;;;
250416;0000;16;;;
250417;0000;40;;;
250418;0000;35;;;
250419;0000;31;;;
250420;0000;36;;;
250421;0000;26;;;
250422;0000;16;;;
250423;0000;10;;;
250424;0000;10;;;
250425;0000;17;;;
250426;0000;28;;;
250427;0000;35;;;
250428;0000;13;;;
250429;0000;23;;;
250430;0000;30;;;
250501;0000;20;;;
250502;0000;27;;;
250503;0000;26;;;
250504;0000;40;;;
250505;0000;49;;;
250506;0000;30;;;
250507;0000;30;;;
250508;0000;17;;;
250509;0000;12;;;
250510;0000;19;;;
250511;0000;34;;;
250512;0000;53;;;
250513;0000;31;;;
250514;0000;37;;;
250515;0000;31;;;
250516;0000;19;;;
250517;0000;11;;;
250518;0000;40;;;
250519;0000;49;;;
250520;0000;96;;;
250521;0000;81;;;
250522;0000;99;;;
250523;0000;77;;;
250524;0000;39;;;
250525;0000;;;;
250526;0000;;;;
250527;0000;103;;;
250528;0000;70;;;
250529;0000;66;;;
250530;0000;58;;;
250531;0000;105;;;
250601;0000;;116;;
250602;0000;;85;;
250603;0000;;47;;
250604;0000;;57;;
250605;0000;;22;;
250606;0000;;64;;
250607;0000;;83;;
250608;0000;;121;;
250609;0000;;111;;
250610;0000;;138;;
250611;0000;;51;;
250612;0000;;23;;
250613;0000;;20;;
250614;0000;;;;
250615;0000;;;;
250616;0000;;;;
250617;0000;;65;;
250618;0000;;66;;
250619;0000;;55;;
250620;0000;;32;;
250621;0000;;18;;
250622;0000;;;;
250623;0000;;;;
250624;0000;;39;;
250625;0000;;31;;
250626;0000;;25;;
250627;0000;;40;;
250628;0000;;50;;
250629;0000;;111;;
250630;0000;;138;;
250701;0000;;147;;
